27933,09959,20466,62611,05689,50733,29594,36370,34990,17064,64959,39270,10669,24881,61108,58783,13215,31951,01531,17965,23315,51694,28702,40507,53168,21564,28066,11431,38361,48080,61757,07426,60384,54375,45697,44670,07926,05726,00563,29231,38263,36039,15635,43143,40272,35132,06907,59074,47846,52263,16701,16986,18155,06853,35403,63219,25698,64005,57430,05213,00999,47575,30385,21265,21116,24375,42208,57252,43172,46802,53375,15842,42775,52839,16059,25652,32926,53991,34154,50340,39291,25641,48354,07054,17359,36891,49419,55879,55922,01475,24537,48791,14514,36796,34698,21626,14747,23771,34415,34609,46380,06170,33331,09881,20851,52657,09331,03890,26872,19908,26559,64442,31677,19601,43390,34680,56423,18335,01154,32315,05172,01698,15356,49994,22137,59540,35033,12456,07113,35143,45830,15707,60856,21680,28280,47324,41690,29352,51139,52480,57168,60134,63365,58279,64771,48430,36188,15226,26693,59361,01172,29798,42394,26351,23744,19058,17618,14728,49390,02388,59369,36198,01972,01530,43591,38433,28359,64129,53936,05362,21765,28077,02037,40259,28477,07861,47763,39658,32194,39370,07160,41975,31817,52910,37737,49244,41431,33388,61693,53432,60673,46239,53929,61571,30759,10815,22329,50895,12780,12582,30370,36709,11958,39787,63269,20603,20051,51090,16860,08492,62344,35362,23598,54829,10497,37738,07504,11048,19275,07990,41261,20428,41815,05325,58252,32568,47824,32254,00813,42323,53829,55273,60421,15844,61665,45117,50317,24329,35975,00503,07242,64153,57307,05506,23469,43444,06160,19868,42797,02638,38714,19720,19393,47410,28253,36090,
55585,02837,54872,41324,29124,48656,03251,39893,12389,16728,25359,54729,08868,54540,10865,51322,34486,32193,10245,54286,13091,37276,32008,07779,16796,56604,65485,09374,58627,01760,26165,43470,21918,55711,56109,18319,49279,31899,34454,49064,26588,54128,41506,00025,37920,20512,13247,37258,33001,27745,51333,25343,12401,56140,15948,55745,37591,53534,04196,00274,63531,40430,51633,14205,35808,20568,23905,55067,02249,20552,46276,59311,52759,28343,52683,50354,37552,63362,14121,58174,44026,64632,34604,11239,62292,36666,58671,03968,63729,50556,00967,18171,23938,16590,06714,54269,12172,50505,06147,29466,37126,23486,52864,37411,57234,04717,26723,07527,23339,54251,11332,05469,18312,40503,39618,40716,21066,41136,20587,60452,38297,49427,15026,50861,35441,48293,18348,19656,22023,62739,04622,10022,32071,46316,15014,24373,65094,42994,15902,50209,35828,35902,64983,20200,33501,64618,50438,10505,41009,11569,62586,19990,27995,46071,22449,23008,13282,56431,24927,02652,36320,50017,40040,39172,53469,47321,46420,04728,37367,17832,54979,45045,60602,23765,09904,21470,32968,39469,00440,17556,57049,08499,57864,09765,23272,31786,30942,51066,37106,22389,28723,20904,57912,51939,07730,45914,29920,03690,33305,07636,56492,35609,33271,10393,15488,39250,12020,47869,64233,25503,62075,27516,51903,07949,54788,19125,59913,30773,33244,28314,55118,60434,16594,24824,65020,03826,00022,24198,51341,07962,22416,06070,20562,56804,40946,05837,22924,36292,46381,46466,09578,14262,32164,33720,48215,27564,44322,30579,59468,36741,34350,02785,21418,57632,17792,05028,
62759,20186,58568,00808,53299,22804,63455,60601,15514,17494,00966,15759,25889,11318,23351,02886,31833,14668,41499,18034,27207,11791,20644,18311,28613,50310,16748,18027,48032,48812,15843,52732,05114,03822,45933,12002,24841,53614,33067,50845,34456,43514,05529,45765,54462,31279,50045,13190,51060,51041,27126,44438,32028,54432,54124,26969,45849,52640,64810,17241,58917,10687,51679,22102,49410,63736,15541,60978,11918,22619,14242,63429,34978,16917,03273,63602,27475,03977,07449,41658,35272,47212,52009,07688,45852,21421,01042,40175,59188,46457,65325,58313,34361,06397,62520,38807,41034,45389,06594,48693,18399,14169,40934,54901,09713,55863,28101,21630,45632,17047,56613,54498,22808,27367,54790,09079,20027,00211,20536,18439,48243,00102,50394,30595,49222,56719,10450,27361,22661,43948,12449,23875,32397,22397,14001,45009,33537,53746,59660,20599,42643,20094,31254,44961,29186,58648,36865,26891,17823,23960,64171,21139,57914,47627,24425,36697,19052,03522,56239,00032,25656,48758,10191,03021,10714,44237,29846,54941,49687,28022,33129,02574,24098,46268,55136,58705,27158,08113,49219,27637,13980,26753,14672,53594,23491,56057,32986,14572,22386,07053,56803,14343,21187,23038,16804,17500,06629,12714,30531,05001,36705,24757,50526,31811,46824,17672,27278,24854,43622,38501,59675,44838,51016,02176,02471,18925,22264,35479,12400,32488,11673,27751,40820,06863,53875,15951,35121,42053,61353,17532,07862,01907,34632,44960,40176,56875,11722,24300,54504,05784,59166,11011,23711,10964,48015,05589,07354,03245,64675,04607,40831,13876,00625,10140,07109,02869,
35265,42283,02774,61412,29093,31411,54610,03482,09389,21954,24270,07407,14315,42021,49774,03920,64860,39609,47489,26984,16983,02582,42372,23575,58138,06978,29762,22536,48625,56370,42191,31660,43442,26708,62191,28492,44842,56132,08017,35640,26939,40631,10517,17421,06352,08951,16165,01718,08103,35574,63449,33005,15334,57327,04763,21151,30436,20487,27737,28815,01850,29210,30749,38681,13823,18838,27192,21927,11463,27838,09218,01395,55784,02925,27978,10586,11959,12794,11702,57884,44535,17818,28689,24710,51257,15142,45304,25922,01532,14250,33007,63299,50881,16702,52355,01460,05908,05876,09113,56245,08142,46634,22495,19147,11586,06872,33179,38766,40778,21835,28217,20829,64019,41716,13559,55847,11502,10017,63624,59156,16070,38089,02121,29620,20809,20712,46438,32418,08908,40782,24544,24144,21839,28283,55629,18089,07567,35930,08126,46526,04489,00493,17970,23641,30918,10491,51835,56026,17495,47509,34220,27154,05863,38679,17771,36492,04312,60040,09495,00404,22372,03049,09869,33351,06752,41648,53098,43137,43198,06203,45343,46968,35486,08980,33962,56645,38589,39035,44516,02704,13018,26602,39736,20906,59695,21495,07280,58070,41352,52064,14232,46615,09192,21254,51628,00604,09819,25055,50141,08238,13341,33516,35050,29802,29552,55899,63995,55558,36965,48936,20501,52624,17976,36586,27462,25687,47889,37912,07982,61684,46984,56888,53988,34857,31270,63076,58939,14854,34071,09690,24427,19430,25112,53282,17716,29412,25568,13029,02624,26263,58929,47929,37360,63980,19261,22235,37849,00713,57329,34914,42461,41736,09625,09078,39839,19682,
36875,02631,35011,05033,14598,60411,53510,22239,05329,15520,51432,37500,59186,36610,27407,31435,13106,18265,13396,34394,06494,47085,60006,35675,06303,03607,45585,10741,51826,48001,43436,53393,28014,62633,11669,19514,42572,28486,59067,01091,43160,16703,57788,20349,41688,57267,48869,16616,05877,03438,54279,64482,52378,38213,03979,06937,28985,01887,64511,09096,15791,11523,19316,60562,11622,23726,26088,35195,23428,25881,07386,44460,61824,02268,39729,63089,01191,25206,06922,39071,44694,26961,48718,59593,19847,57523,61962,14337,62603,26962,04830,55133,51211,12698,06575,28748,00045,53368,07750,37150,05949,28184,41212,35436,56953,15983,10301,56703,48523,65144,41432,17294,49439,10015,42453,09267,43341,44079,43095,27846,18862,45708,01294,36033,00149,50061,47149,45878,08690,48119,25080,47331,04725,26660,41487,49098,45416,19482,59892,63184,08519,08900,02569,64452,08414,53904,05273,35528,61087,56384,60821,09887,04797,31121,36592,60536,50084,20437,18105,12477,07020,04031,04114,41292,27997,47688,19525,35646,04918,15344,60203,42358,37630,62270,49601,05957,06866,46161,04019,64375,09412,50643,06102,49977,11439,51744,37513,54533,27765,34754,64305,65230,20896,49147,45402,27581,55451,20447,04917,58764,26964,29233,59344,09201,58894,15472,01200,45593,47840,08799,18751,44763,14862,03809,07398,04241,64047,16918,11986,38298,15994,53417,31376,40564,25229,10838,36722,37559,30956,11082,58269,26389,41404,51210,00978,25611,25800,39874,47077,29561,37426,26600,36466,19294,53130,45024,39444,38172,11886,63061,48255,18444,38350,31085,27408,47762,
14887,39377,12410,09969,00062,41029,16734,56485,52093,16263,13890,25669,16914,19531,53935,16176,31214,03150,18475,09839,07919,09361,25879,40918,08121,55886,16536,56718,26009,44778,35036,29314,14785,25917,20434,02229,53870,49010,48309,14711,01982,22767,54636,61498,49104,37432,01062,55582,17345,27337,22734,55407,33262,51961,01937,08746,52692,50269,39675,00008,61648,13398,47828,28449,37702,19241,57322,43763,39855,09777,29556,56438,55872,00909,48328,62741,10029,33905,15455,05676,15559,28358,53511,11850,53554,02907,47425,45548,02333,15054,03430,28156,14454,48529,30817,41756,11933,22074,41516,23578,65173,59026,34937,51240,60253,28223,01308,36630,09426,19617,03460,63334,47390,38731,25833,48478,48074,32589,60952,39187,59257,00181,29668,24897,20475,50929,46284,47886,51877,57126,22510,58012,39332,49674,05944,34682,35161,27213,07510,00445,64181,23046,08838,39594,63358,52557,38586,04884,59865,58393,02332,05756,40561,02134,11686,30904,55535,19488,37750,27223,53074,61364,60473,55476,29403,48767,61368,02984,21279,17643,52961,29730,60027,51732,32744,07091,23178,61523,50421,45783,25665,30078,64269,48643,35879,36267,57530,60378,58614,25293,32103,56971,08656,23071,14955,29045,32077,09323,11912,60890,24137,41666,07357,04022,54428,56672,31204,17272,04141,42895,11786,52999,52450,55472,38749,46518,29727,15704,44167,09199,03944,16985,05146,19792,62194,47191,03065,60004,37247,10223,03963,62174,14404,58974,08866,06658,30926,14184,28047,50510,62319,13643,41545,42384,16592,20903,41231,10233,21666,32677,05315,45236,38385,11476,65454,56173,
19053,23240,00294,36220,49152,26107,48586,38706,38809,16396,13032,38702,44939,42942,51119,28084,09524,13254,13368,58153,58433,42298,59139,16448,22426,40668,01094,22369,62712,55665,24590,10686,27387,09980,56161,34004,51646,27097,36106,46096,05621,12056,60267,36536,45163,11143,60128,39098,03549,03235,21057,30056,63753,05053,18858,43461,35256,57588,22659,16722,55929,59084,62438,47138,33623,54503,18224,00003,56574,08890,47870,14542,58602,59460,46218,62876,21401,44341,13625,40488,37003,29860,06582,40270,57431,24277,15928,55069,38550,63977,23579,05024,39699,08105,63629,10800,51309,46717,13618,60315,09235,16284,41870,05938,24678,48935,39440,63808,56822,34102,39454,62283,53646,08030,09559,12910,47025,16768,56501,29726,43603,47578,42881,10577,59298,22461,18022,50625,57167,17527,08060,38806,25520,35184,21749,06251,59630,42939,58458,04853,16503,14993,20952,33158,35130,19753,64899,45784,51121,41820,05980,45720,57043,14813,01049,20650,02217,61491,24305,30184,17280,64333,32964,42688,63857,54592,49441,11433,33987,18816,47680,41391,34825,35302,16781,14065,49686,33792,35214,40619,36139,06092,15266,48684,25446,15731,21055,61842,32558,59852,17250,43680,39692,33282,11499,47639,22198,01057,23801,16425,00335,13898,33128,08260,17778,59043,08664,24474,33751,38247,42640,13872,13759,51841,55818,63268,53765,61062,52527,54715,26677,57611,44862,08548,59103,62110,18497,50327,40425,35391,16847,56983,38522,13305,37977,01944,27031,29716,14637,55149,12211,50878,33083,22854,22402,10995,08404,16632,52511,26529,32478,39096,01056,34562,09511,44650,
40042,25837,13678,53011,27110,27957,36312,47772,22418,01403,15861,06990,42687,36423,09661,63653,26543,20585,01987,27920,14857,10498,06715,34791,44356,59269,46285,30913,17438,22664,16020,64862,46654,07626,47155,41161,08840,02525,04381,15900,37492,64232,52782,19582,06226,42049,12528,24686,03043,20066,29182,64116,29529,16579,03621,24873,59670,32275,63232,15586,25963,10738,29770,06439,24755,51135,11600,65193,10661,29068,54080,41927,08730,10609,04055,14140,22740,19110,48784,23310,30518,56157,53716,57459,36890,00234,07633,01933,51183,40771,08076,62125,28574,36826,34132,07062,18967,17463,03434,38182,47577,54049,21886,56414,20146,44385,35114,50096,03692,44565,56214,25292,13188,09097,16604,58938,30107,22014,37605,03325,07729,06813,56274,14792,46037,08132,53601,20687,19569,56691,04554,30161,09954,53013,40799,57082,62233,50032,42217,52259,49317,27175,13801,44410,23545,44274,33618,15547,36235,00671,41921,53086,12499,33919,23932,14907,05896,47443,25905,63297,42987,27701,52861,50920,56524,32735,20262,08441,38136,04085,52216,34140,04495,49223,02618,09795,14191,20026,29555,45902,49806,08230,32440,61815,64882,02733,29469,43048,37670,02584,65194,39059,22749,34506,15475,15428,16429,34151,44930,59933,12861,03642,59187,28940,12514,10540,45312,56497,31659,07613,11148,52565,30113,42334,49987,57661,58319,27825,08842,46776,29070,47691,20280,27295,35867,60287,49153,44618,57668,00350,20253,54108,12858,52540,34844,11091,35938,49342,22946,62882,41232,62700,52343,53822,31797,19226,14418,10545,54310,23507,40316,27156,24994,39152,61675,43248,
32030,32909,50696,50699,34477,11542,17956,57158,00177,63097,55087,11223,53945,03323,12452,19086,55521,00164,06886,64057,16269,24651,36661,24440,57872,63202,55994,13912,32867,37899,60936,15038,08003,02122,11256,31168,43758,19420,03070,33881,15611,17428,54475,46825,55050,09695,39737,37315,06445,23054,62318,42446,04799,60144,50994,48950,02188,38666,14478,38770,04749,29842,35758,31292,04006,47380,47715,28125,19898,27182,34626,51638,47548,64718,57892,56684,44192,53373,62485,47815,53638,62036,47569,11109,60753,10042,14874,56655,57899,15726,60539,21806,26875,31343,07662,58846,04388,25087,08074,60070,62171,24063,59396,40517,37857,08959,59300,60781,08128,17217,65517,35125,48730,51043,32819,46628,25438,63947,24519,00152,27111,52666,39092,14325,30144,62502,08576,15872,13433,65348,63964,43781,10051,29974,35819,14033,33320,44066,50324,64551,18404,34034,55220,40890,09718,46602,21278,00306,33827,59960,41823,39455,40545,00944,19252,53051,20578,35230,19642,04345,08882,25136,15932,02524,24060,46686,64907,41833,35026,55859,20302,63641,07610,62287,43088,29332,54219,04093,55020,32603,47927,32659,44191,32228,47822,19081,44821,57870,53575,45886,26866,03851,55514,00884,50370,46476,28098,34561,65085,05709,62377,12257,37412,45980,34265,23541,00691,54854,23134,44965,37165,54928,43836,51001,32988,22697,35932,58709,29455,05700,33667,63697,09557,24975,13907,06344,60684,44035,41668,43565,62883,58604,00815,44233,24695,57692,26473,53707,27835,24791,04952,42342,31038,40578,57838,12895,03449,26247,35981,26819,49550,36999,36029,13181,17733,63587,
51517,17048,57472,43220,42387,07842,31418,56651,46456,40111,40601,58548,61668,34376,39305,17243,05016,34166,02246,55627,59645,44844,05355,21160,52214,28149,46527,60077,06104,59446,31012,07865,48203,08375,01285,34523,32733,27622,48062,46226,54151,10699,14303,34062,31016,27297,06858,28810,56830,63385,57959,48468,44285,46732,26160,03903,45418,04208,27624,18691,20764,02127,12995,54647,36760,47608,12561,40655,24152,13121,18750,27119,19419,38859,42170,28901,15000,21058,17998,64692,50718,44754,10116,41644,58751,23226,63277,27465,49167,27784,13163,08285,44034,38211,45558,26058,49287,24431,55840,28691,03618,17176,05959,01661,27461,20662,60576,42920,16370,09633,46680,51129,64672,18014,31929,01546,17284,21973,29855,09234,49041,01665,51180,44314,29971,54549,10514,11218,20230,38127,27095,33606,63503,46550,14049,37267,41492,53886,35179,35078,17872,50662,25140,24911,18611,22158,02442,18113,41884,62021,49382,04077,39461,24621,24299,62991,35315,32413,25896,37079,15955,33725,63165,51542,13248,61064,06247,09414,43399,59202,63826,28898,47135,61604,32509,31936,56122,42695,43671,12576,12613,57911,12960,05222,51502,33535,59690,19305,38953,16790,34309,62492,04769,53891,20166,25341,09521,18624,50549,28968,16771,46509,62242,17321,01372,62842,41913,02922,26098,19770,47040,59205,57360,27962,01442,56377,03763,25186,64281,60243,06238,55734,00616,31918,48029,05917,46199,50019,30057,13513,33197,01085,56143,57862,17632,11640,20304,31281,39673,17195,54700,26680,50712,08204,45234,34500,26250,54529,23896,41568,22221,65015,49505,02117,25130,27946,
21317,02359,30693,48480,65343,09345,00807,04757,52610,42623,63975,41863,20566,58745,24079,28035,20024,16462,62331,60749,64630,25857,56647,16011,53923,61052,65067,01366,35735,14464,40294,41365,59821,16177,16708,19526,44224,45114,49246,19171,10506,38120,58241,01311,28775,13885,33703,35075,65224,53900,65406,65377,00207,59153,26853,00838,56481,60405,48180,16660,09665,64953,12921,25758,64300,18619,51463,54600,53760,36007,09906,60838,26375,14688,31587,38420,51931,62694,06166,55557,34634,29817,46536,59750,52528,39655,32701,30851,34991,38128,27404,18115,33436,64188,34995,51907,14686,52701,19222,10632,32192,60622,02481,51551,27535,59474,18527,41179,17234,04265,00620,37902,17584,28575,34776,50711,59412,53726,40779,36631,61882,56961,09073,15690,18762,33438,22621,15323,31776,32196,62840,46882,13207,58830,16638,00065,14799,18678,39821,33236,11885,05838,33991,40016,46333,54606,29362,36832,03951,28034,24089,02591,54116,15594,02860,40327,49282,11377,20755,30190,60254,49584,60907,09148,02125,30207,09341,06274,15391,41102,34057,38736,32339,10139,03562,60599,35031,30727,56103,23897,56014,43953,36315,53621,59583,59774,00217,56191,16049,63649,27503,27240,61867,35767,40469,04297,01266,59854,64246,47202,03849,45257,46369,56320,47068,21730,44996,04426,46805,33678,36489,13709,10286,08012,04170,44076,27582,26651,04730,27968,42448,61141,28228,42879,01578,19678,23477,50362,25135,10583,34673,14369,02538,48131,29499,58853,33123,46646,00356,29203,49375,57264,47252,29249,21656,21417,23082,53887,44724,31782,21568,37470,56402,03227,61984,48133,
54747,33315,53806,21394,47683,46804,21448,42381,10342,43605,44307,63266,43668,59413,00191,35341,55528,64787,18350,27318,53776,30844,43176,56931,33849,25772,16856,47475,32635,38883,24178,47330,03901,05692,24899,05797,33787,06426,40676,02745,59730,20281,53899,65049,61369,00137,36038,34059,36650,44319,19805,00952,31854,47798,24547,21212,18392,63924,32151,09833,34905,00083,45263,01967,06401,32412,07765,60481,56061,14352,08138,27650,14107,06374,56114,18299,02316,08797,18981,01828,37178,64236,63859,08506,26698,35316,14876,30116,09650,07710,26417,45880,09826,60037,51736,55981,58963,18714,14730,51438,18257,31532,33154,56200,52673,29812,20581,37573,04454,34881,49549,50591,52933,09405,27614,02303,38294,40193,62915,21789,40076,50142,32313,55858,35657,09832,35146,59528,42934,01912,19910,09546,09715,13318,50143,56784,26599,59185,09811,33601,53385,54473,02304,62782,00918,62018,19834,60769,56671,09593,38289,47263,59995,40050,23879,25466,04420,16694,10764,44721,60038,46891,26842,58066,35416,56389,22571,29894,06840,34252,10638,25585,46544,20377,55779,65101,21025,55918,53863,61462,63121,56283,30877,03477,44922,21924,27573,28252,11293,21416,15493,53541,63704,09490,65495,54910,18832,25929,22309,35590,47193,57405,41274,51510,17101,65001,23857,06418,40762,21369,10120,49811,36165,15119,01939,25748,34412,07857,09211,45847,31138,11747,19624,01752,06307,32985,54645,54323,62819,53657,22654,07976,46391,35612,51558,56349,48011,02854,13384,09213,21316,06479,47078,21367,23550,23632,08699,49036,26399,36946,35851,57045,18591,45502,37183,45982,
62593,28275,14593,04368,09348,26404,43060,33256,34329,64157,41619,13063,61168,04304,04334,13577,27447,10795,13886,42653,33738,38118,14018,13235,16509,17508,45053,44056,37817,16903,41177,64694,46286,57830,60504,23100,42532,56393,41359,02024,45041,38782,35498,03239,09373,52513,31880,29622,65373,21882,51263,14930,00027,08141,23394,64414,30736,21199,39063,52932,41661,62035,07840,61416,44177,31680,07991,01060,05454,23798,08037,04981,34969,51161,13920,40321,40953,16936,35610,36481,62202,37027,36022,05104,13580,55635,41390,12762,24858,48208,18011,14537,15894,23123,23655,36078,22170,19793,37688,01773,42328,57534,15202,24405,52086,27051,50104,01633,39066,22518,24707,60201,54850,40520,52494,17270,57351,12603,10228,20079,35387,09965,51404,14592,04798,19794,04974,11915,14707,33871,57639,41880,63021,08538,28659,49711,33588,10613,09848,58557,02177,36362,37649,11854,19633,23466,18742,39677,52647,55056,01586,07258,47623,02493,11232,08513,48811,60272,45278,04459,05563,40467,08458,63803,61697,36234,57888,46162,15338,28975,20035,02810,58524,27026,13407,19111,52140,50871,15355,08680,10478,29062,35439,55090,30309,51995,53653,05554,45603,58875,53178,28257,16882,56398,39902,51509,19285,47271,34722,30717,50848,54541,31415,11059,31662,19645,18913,61473,21843,18223,18794,59942,24256,10912,58858,23460,05723,07210,45819,10761,65527,12595,55255,56152,10933,50817,10630,29602,05097,11868,20339,42392,20890,44339,26759,63730,49904,37762,02629,18993,43569,11167,38523,60186,58952,11019,45893,21614,16160,36145,28192,58973,16731,13967,62766,38689,
33252,61459,36087,30150,64942,56187,17174,16009,36541,25031,49970,43194,06248,18326,26936,04070,14291,49510,57183,02228,35190,27937,10168,21702,29142,53735,05494,04087,04410,44897,09059,28338,54273,58977,58115,52461,31074,52592,11870,11985,27593,28173,07092,62687,17753,50292,21252,30185,04897,16814,33042,10060,10244,22908,34715,56872,03993,24286,57794,04252,11137,01379,53217,05821,35903,13382,34852,09049,11385,07572,22379,50523,11090,61386,21039,33543,03517,53937,38233,45122,54047,00218,49413,63727,07623,31869,02823,44891,60174,59049,54667,30838,22818,36151,40945,45827,25504,56568,06881,59925,09021,11925,37142,43156,44265,34879,07695,25309,62216,41875,50504,20775,04684,41096,63196,26406,54481,26515,24108,06800,16643,18215,37632,10936,12113,51550,57064,41600,61366,14864,03393,65026,53201,44800,09294,37863,65433,27489,39606,47173,55392,41511,52575,46214,49583,29638,20118,32055,48615,10407,37366,37972,59435,63543,45547,37714,61073,38866,64840,13551,21491,57434,07225,33955,25337,21441,62814,10414,06306,02753,35703,10869,23316,00157,13875,47205,40838,41864,47567,28703,49817,08134,51214,36149,43344,34179,23559,60827,27301,40075,34793,55909,27217,39166,45474,24231,24963,34835,14512,49551,65285,48193,63611,56342,38888,55832,06790,33611,02895,50749,09528,24722,08704,31749,23098,36814,27202,14981,06570,26233,64488,58385,63360,21422,12856,03823,27653,15584,02404,59314,48552,22075,34442,42791,38277,02028,05662,19830,58213,06811,42980,10561,18245,15921,28335,25980,17581,30979,62808,52604,53000,30743,06101,59294,31082,24197,
18756,07736,44807,57706,25753,23808,19256,16042,51790,50886,03806,14858,05845,21849,14092,01293,44959,27444,62481,32429,47343,38068,42058,00667,50517,40141,51397,32734,65063,38863,44063,20373,50741,04985,33459,44746,11548,30537,07868,60833,07370,63900,49456,39950,46953,51168,04601,43294,15874,10067,60967,37210,31849,58220,03648,65275,36043,13565,61354,60321,11685,05580,35698,28805,48211,63728,29821,49215,17194,49580,08786,42828,47051,12483,25809,62610,09583,18046,27282,27812,48153,60702,05312,43608,42297,47887,49956,38414,32786,10111,06792,36255,59442,44201,54619,35431,24737,46477,32379,18627,46915,27268,47256,55176,15033,05981,65145,26967,55278,59918,02777,47251,04180,41687,17589,26231,00752,38347,39700,21764,25041,22056,19574,25650,36143,12643,37145,17381,61255,23776,00689,03739,56093,64219,09403,00411,55536,08633,02968,01251,60360,04867,47010,33996,03462,20832,53591,06660,09011,00746,11199,29996,44074,42794,12997,25428,05732,08547,50222,47001,54827,09090,14580,12607,28200,18745,14796,06895,55213,24204,18291,44461,56271,08915,43407,57509,09720,60214,55700,18277,24320,53753,61689,38124,06222,36574,58085,20805,36780,00491,22480,09052,64338,45874,29769,25651,24628,31408,46090,35966,56656,20172,10828,02456,52217,10192,36573,55435,58003,34191,37227,14240,50933,56837,60639,62654,03023,57184,35098,21105,32227,52022,53801,36663,43205,53004,26396,00737,31492,36899,40352,17908,65198,35559,65082,37021,48779,14168,44562,44831,08588,16169,60732,17899,01269,17162,64332,63342,17292,28376,59142,59380,05651,26446,57820,22326,
13301,27122,61547,61972,26141,19350,34444,26955,56970,36422,14149,47358,62195,01028,20140,05307,63368,04580,30791,29428,09246,00244,62582,40950,61862,09972,37199,24962,35328,55952,27918,28209,52608,57297,52039,41180,45815,45602,49668,64249,14652,60566,53948,20047,10972,62432,15471,04653,38557,21493,03420,55866,57481,51312,49322,46958,22570,01440,07956,27328,56748,35978,24913,13991,61209,61090,42340,46591,43319,44549,07478,14870,52707,33961,10418,17163,17642,52240,56988,52891,16266,35935,64636,33391,24747,21426,60173,22469,02447,64986,41603,54246,16755,02814,26178,26892,34627,49102,43562,37363,61781,55688,57646,18007,33906,60229,34226,45350,63776,14038,18189,43300,11977,61208,24297,51326,29619,26022,26841,08849,55494,20879,59061,25455,09181,44134,47673,06408,04069,63839,25072,40438,48872,18935,47884,19766,11983,25811,14308,29112,38862,59621,01181,05116,32387,59527,49136,64977,02488,42806,54159,49122,06613,17955,51302,27989,58215,20520,64394,46424,46386,58902,59872,10078,19603,33525,27453,14678,18837,17484,53251,51499,24143,23621,06349,10203,38279,26911,48013,33833,27896,65291,40959,24086,26190,52930,21890,42375,05669,14608,24683,45427,09346,62523,59703,61756,45750,46403,58079,52923,23946,44896,15430,38494,42472,11743,60160,44660,02191,35699,01453,40118,10952,15558,54559,37406,27267,20554,13909,43955,35392,02328,42554,56229,14459,33431,01817,17311,00700,05737,56348,26718,57108,44098,58286,59627,08677,05550,45543,42338,50640,08691,51393,35111,14415,43735,46712,30227,29857,13827,52976,04953,54145,35282,64777,22502,
06443,44615,37558,25077,43968,57801,59702,65499,00221,10953,21528,42733,11602,00646,19231,13201,54120,62496,45748,09467,55730,08198,14388,34943,41578,23871,31562,39268,43423,40417,28791,31276,48531,33951,10759,17982,62643,64337,04274,55448,07428,35418,37680,23737,41411,37700,30549,03364,29136,11233,62386,42531,49476,40178,65236,24671,28518,07737,07390,55336,41985,45743,59546,39831,61770,02292,01770,61293,38985,56639,05487,18953,15590,00465,14704,13610,47395,12359,31690,56867,15340,42744,34762,44112,00474,00215,08320,13378,38789,40116,00260,19583,49442,30668,05264,59563,41777,19676,51466,46815,22575,47777,25025,00068,48631,15917,36156,03636,08168,24417,32717,14763,01980,02783,14144,20575,10994,05251,36657,06145,24729,63500,19967,44828,23543,27146,35888,19777,44476,47591,28881,04480,11100,50981,31780,53353,22623,17119,08949,11859,21580,01986,05029,02461,24877,48712,35430,42078,19257,08708,61374,47943,38617,04633,23253,19800,24951,17678,23505,56397,05825,29975,65429,36981,24348,45067,47018,50365,57869,04043,53831,18609,48076,12738,17921,11916,29692,21859,18030,41766,08084,55244,01187,05035,23040,45315,10455,21968,20594,30629,02411,50395,64409,33135,05907,28240,37353,15286,07218,42863,43892,65076,18066,30467,63635,55492,45194,05348,35187,08895,16764,58669,29303,54183,25700,03286,57846,14167,18573,63588,16408,58891,12227,36615,05809,10083,50191,08834,00229,00256,09818,16829,05332,04475,18295,64148,58305,16938,11050,50884,47538,06644,57151,25818,34213,10495,43644,60534,64767,18374,45973,12383,05021,62983,31490,06048,
31100,34070,51461,63639,07423,11268,43723,33450,53878,44289,56858,30197,16753,02969,20295,47735,15233,41403,20885,60398,63141,08052,45220,35550,52497,13139,34334,61835,52841,55345,58050,26697,10282,37871,04752,62111,50102,49230,60066,26849,33025,62328,03370,51350,57909,57385,05703,56539,31501,62225,02851,09726,20109,07944,14292,53116,56620,28532,63421,60224,23580,64147,39354,39800,03345,56242,61910,06562,54958,55813,61507,54192,16321,50945,49197,63000,32599,44423,47365,60589,16194,61969,41100,41573,31656,37677,22545,47394,46187,56969,45252,20420,58561,43654,03926,19152,32414,45844,03669,51470,04120,21837,64841,05012,45193,33012,16463,57607,18686,31243,55308,08689,35709,34089,08712,28929,05721,43867,39598,24736,52423,43218,53397,53888,05105,07835,55842,47602,12744,24014,13992,61303,31984,46856,11899,46396,09757,09991,62686,45777,27281,64541,54257,33888,47940,17923,58033,59078,28766,34469,62138,60800,03240,56816,35467,31064,11581,50944,24780,11947,44223,15299,44841,27757,03874,07201,05677,05254,52331,47455,47290,17390,42374,37620,15159,35076,28812,45245,12828,22852,07440,13782,37510,51561,01975,13089,05604,50203,14290,31295,64039,11185,39062,07879,60157,41301,56182,03661,43303,52550,08405,31141,65053,62303,57963,01729,00565,18634,12579,57645,43595,48005,27929,44257,64487,45649,15867,12944,37477,27694,21060,24759,22770,57238,23449,61901,44942,43742,61869,52379,19798,24229,20878,46292,01242,62774,00597,64412,03914,01102,29535,38309,42815,29695,38388,55498,40331,65048,03736,01231,23834,49767,12805,15210,58873,64432,
02748,25576,42799,42029,57051,26120,12369,56281,09545,65412,18135,49265,65102,38664,50579,64161,33642,59403,24138,28331,56134,21015,65251,46261,29482,35277,13523,54198,28618,14347,38050,06988,40409,50694,24359,47520,55263,52001,39216,13039,06055,45940,05207,57486,32755,62336,00524,37931,49267,17504,20870,60044,57831,17387,55681,23732,17279,04502,64934,28887,25256,36874,25694,41207,47806,39337,35561,41336,40970,33447,16431,23066,22893,41280,16026,21408,20405,24850,31157,30403,08824,25989,43773,06751,59387,21008,27349,17808,19546,00320,29046,19272,59005,33777,55203,40311,08565,16721,42627,12683,63108,38123,24034,30035,31129,34997,16453,16563,55161,37723,13275,16583,02743,25459,62406,25221,63393,16127,54758,00108,40624,58193,35702,04339,36072,44815,47292,17567,53610,31419,41337,45371,02630,48304,33957,49957,22063,64516,27842,55433,22608,52916,01150,62277,33602,46534,64731,42900,29746,53738,41642,57381,23048,32865,14218,47060,32803,29656,19722,40338,07541,09004,16481,40258,43155,54719,29492,32762,62763,47047,01061,53351,25790,31345,25451,60449,03431,53405,55882,29956,26221,36930,12163,51829,18076,53454,35131,52391,60381,58053,06900,08873,09902,17948,05892,10625,33634,40721,13774,56584,53038,25898,40156,56454,23980,47542,09358,62480,19856,48920,49698,56902,37152,57000,32083,60727,19903,09706,00647,30162,19279,56512,03834,37992,46738,23824,01711,39451,34545,44358,55282,45592,01406,45722,39417,55123,34732,49321,49781,61663,38787,42626,05510,54147,13068,43047,59647,18506,51677,27487,24676,58806,29465,46935,36517,49356,
57685,09735,04341,38452,47159,49370,58268,33175,30582,55256,08398,22171,28899,07144,29738,39218,53047,10519,59996,25388,30813,07425,02205,46478,53348,44585,25814,50791,09592,22191,39868,06943,49525,07488,04183,12610,04192,27600,18552,36023,54402,28685,45676,16343,34628,35468,16526,43729,57171,13123,17090,26262,44886,31076,44110,65416,16603,49623,28401,41255,34611,07206,54275,06155,59280,57553,53604,33944,30735,25564,12811,23006,01175,54947,39738,51661,51369,20623,02564,26433,54252,61049,35283,48323,21609,17466,00001,02857,44311,49176,09351,42977,64173,04815,33290,59289,56440,09640,10344,56626,35291,19074,09381,13165,22151,49697,55028,08543,23931,46898,40490,03487,30032,40940,16662,10928,43842,11151,48610,30025,32129,57474,39217,13255,21240,05232,47453,08393,26963,04427,15899,07741,19185,22218,48024,52030,34058,47895,34092,55434,07022,30291,06884,56997,48714,52148,25375,35676,10512,63811,14009,57924,10988,02240,14275,12782,27860,06941,09440,40769,35678,03386,61664,63201,46375,13187,14378,14252,11452,51966,45464,58812,04451,48484,09145,58101,00225,41963,63419,58674,33444,65277,51403,32325,31694,38927,37484,21674,09482,27290,01864,29807,05200,53437,18958,58058,44215,23926,62426,48197,43219,17396,38185,49545,59343,18269,53286,64038,19957,29453,49914,60191,32173,44722,49051,47529,11866,41405,40742,08941,45690,25690,10087,12602,06540,43980,64437,08463,25225,43290,01412,47978,34570,13359,39508,24499,33794,65059,30976,23426,57404,25865,05316,14522,19511,17695,52767,63822,27628,57371,32262,05518,46642,19444,01217,50890,
24562,24156,09897,06167,10587,19947,05285,11758,31712,11804,40949,08675,52962,63809,32651,18976,04249,63901,54989,42562,50488,07075,56984,36285,40516,22182,19869,53221,61465,39507,46830,16534,24546,13628,17282,18244,43293,20191,51021,57002,29542,09558,31442,35306,59321,18172,30994,61119,21605,62150,19863,60419,34846,20861,18744,26084,13284,62947,19638,28352,12417,21903,12349,37394,54248,65226,48316,36721,44183,54117,61895,61492,57769,05227,16209,39540,16778,08356,63068,63019,12578,42518,47971,02801,19595,28953,38819,50227,12508,46009,60084,61101,55699,43762,21342,28072,64833,48360,56841,60628,26626,41622,11965,14934,12934,39329,01449,41551,26609,03271,62269,20642,14528,50300,25706,21095,26650,00614,13612,11725,49594,64385,34489,49135,19120,55857,52356,44039,40319,50566,32611,57714,46168,43495,03342,50552,59629,35623,54340,17922,27285,46473,63239,23162,65481,64436,46365,19354,57677,28863,52654,00132,35347,26550,03875,47925,51541,31633,64884,18096,29351,37846,04142,64018,03094,12520,65470,60349,37731,18517,29820,49847,17072,62120,63082,14589,35419,35443,17341,24906,23619,03469,12745,12262,38256,00355,59919,19987,25876,26354,26409,11444,28742,28737,03828,42905,14032,34107,26896,63040,26941,11520,03350,54206,39946,07848,11228,06256,58136,08830,01573,61189,30204,14177,35587,52814,39650,18608,03595,40885,47465,00311,09643,29923,64905,13518,23355,54200,54977,42475,61034,11503,20346,56503,41218,28495,47967,05688,17825,02944,39922,16646,63802,11177,10352,00405,15155,20355,05531,13098,38352,41938,10695,11496,04246,39108,
42139,02694,50060,27773,56808,38080,46046,35862,05993,11608,20993,41251,44092,34544,40318,04998,06304,02936,63183,31934,30043,28783,46349,39169,49636,47266,43305,64715,24724,01620,32943,23743,15138,36013,48556,31006,55966,15601,47444,51106,44121,30534,01149,32544,22327,41730,49959,56911,22992,44898,62468,65521,47560,19062,55757,61859,01979,43445,50318,40563,06798,10162,49429,62900,12462,58690,40095,64990,26670,36506,16484,58167,50723,17666,08400,06042,12360,33127,19907,40839,04842,60963,15007,18125,63556,58641,39528,50396,32533,59898,43674,41594,64314,02843,37243,06318,27610,46139,06487,49213,33348,58297,33775,04772,44931,50799,58207,55214,63023,45128,24675,10530,04628,20948,36350,42280,57132,44648,27409,10829,64802,15593,00034,08714,07614,33803,25185,20235,39694,17663,50540,54243,01794,16162,51245,31494,23101,17694,36167,53517,13485,32094,45003,26272,23329,43185,47154,49523,65153,60520,15610,56371,27797,33970,24175,28466,36430,13300,51464,37011,21429,13452,45037,49483,09951,60466,32997,43934,40690,27543,32347,42003,09519,57620,06449,56095,30965,54317,61949,20145,11171,30675,22490,12563,14249,20683,07069,18157,43011,62354,01709,34036,40063,38270,24038,62921,60637,31977,49986,62841,45104,44168,61857,14662,09889,31491,58918,44801,34904,57494,03348,17534,40476,04514,06065,20385,57939,03746,40963,22632,40894,39403,36511,35373,64885,03408,32895,18508,01843,08970,48604,25761,35351,59350,46636,45209,52720,62862,00981,13252,55978,47017,08889,35815,47525,50598,48269,58886,44292,36929,53106,26482,09941,15013,24512,59924,
44328,13556,14419,58243,54516,56890,04295,25526,55486,41856,16599,46883,02536,50048,17811,20056,10069,56083,61638,40837,51117,48580,27476,59133,55403,13503,55951,58607,00608,31294,07941,03097,09636,53254,08707,38478,46625,43745,16472,11259,46118,28897,11579,16422,23194,55793,20774,35920,02182,30368,39956,33908,42886,62358,24886,52285,54973,56978,05257,31479,32278,41217,04375,13175,64616,22590,21685,36168,13826,53232,28031,20061,10723,18317,49443,38071,06480,11107,24222,25732,24497,24337,07603,49818,18817,51347,15296,30539,19543,06912,38399,43883,45992,64070,43658,62685,35695,52991,57996,09386,12902,64318,37112,49203,46681,21777,30598,43706,20011,20352,51280,19170,21188,39304,05545,36163,12857,07410,36214,62251,33322,08330,54949,43722,25948,13883,36575,17551,64743,46977,20688,29217,59518,42556,56842,11168,25376,35096,60564,59105,11557,26795,50992,11688,10970,12497,28070,15969,04771,59429,15930,16749,39285,00772,33209,17710,17777,44634,54154,63205,46361,24588,46097,12773,05579,12564,59932,64913,17464,15099,05004,08282,64760,53784,09240,03410,10848,60049,53252,57315,62210,25838,57186,24471,40547,63096,45689,30452,58660,19775,27924,58803,31950,14090,60032,35974,02009,33985,17149,64855,64497,38280,61023,58608,62177,39652,50573,30707,43716,45782,24219,25822,36737,23200,31356,61313,56117,34005,12905,65439,32615,42398,25168,54570,47624,01316,49777,16982,46145,39568,53577,01173,07638,53984,20267,14569,32201,58926,02158,46008,47704,07571,55765,05502,60189,45437,22642,48894,17807,16584,20874,25282,30295,05219,37704,25533,
14638,40846,49981,40770,04276,62901,29037,44286,40665,64342,27287,46598,42347,62653,09247,14136,34439,04738,10706,39190,45975,08228,65354,19554,57745,25023,32961,27682,35933,61316,39837,50931,32299,08273,06916,51889,03761,56044,40277,07823,57917,64663,59794,11295,19167,00380,16085,13773,16241,45779,19695,31207,14562,57179,58392,31137,07501,61753,02412,15249,65184,23452,62585,47045,05653,20378,34388,60438,00241,57115,16671,35773,18522,12244,37847,27275,59654,12114,53824,30002,62220,19071,22914,32843,20733,50611,24607,33782,13173,50630,43191,21955,58964,23635,14541,18328,13713,50037,08494,00266,58496,37584,15746,31455,22443,44234,64193,12085,35329,03234,39739,24727,43589,25696,52369,63024,18510,49202,35049,45305,36756,53214,25661,51061,61245,12194,47911,57718,54122,18018,04965,44212,20025,02338,16159,25226,57785,04228,33488,04450,23016,20700,57603,12241,11621,01433,31351,49357,48596,43944,40580,53304,41065,20750,45520,11587,18570,50595,57998,40397,29486,10444,13092,48705,26416,43076,02914,59672,01588,45759,05279,49031,39029,17288,13495,10238,18850,40367,18593,42059,49268,54639,63537,40708,35081,28995,47452,39256,54435,50989,61855,41581,20382,50797,58303,10410,20392,16795,16618,01830,52261,40616,44827,51457,29932,55270,04929,29977,63234,28357,36398,06232,27046,00954,01669,21596,29395,55046,45908,03769,49183,18946,04452,54974,44280,52174,17486,37672,44230,08271,25603,63296,31831,09940,19872,18129,49290,43345,31859,03864,25816,04958,55078,61779,53826,10884,51149,22622,09929,10007,61121,54526,53419,63294,27562,52286,
03163,08681,21050,54933,57787,46541,19724,35311,37581,35840,41813,03076,15025,33429,24617,36825,21347,28513,06960,33102,44096,53183,52318,30146,34341,07673,43089,02131,01961,63568,07910,29872,59031,36823,08366,32285,26553,11398,38975,39501,30042,50947,61788,22537,58591,02071,33024,01360,18818,02251,57615,23990,22702,59492,37905,17332,24857,53892,42496,64726,52301,15656,62994,00105,60389,27703,39676,58013,37136,49765,58936,41827,46111,36918,40198,09335,33913,58037,46082,09041,45620,49465,26958,63412,08816,20508,35170,09100,21291,56992,10971,55127,38203,39136,22974,25207,06918,24821,10703,40004,49656,32128,03411,14808,53148,38250,22427,21747,58436,48741,13879,36054,32901,51191,43677,22975,03205,13615,46908,00877,62696,39861,49207,06469,06637,64510,27055,27955,12668,64807,23540,42335,30325,39464,06652,58713,47176,31118,01612,29463,48466,08426,63684,33532,51259,54061,03721,41348,30133,32879,45337,30352,52838,13505,02941,26703,42417,62942,46816,38111,64538,18148,39265,31637,19410,27746,57432,36944,24915,34574,41980,63095,42948,63950,21520,49006,42848,13191,53849,28830,46195,30160,22707,18839,65426,11456,38546,20628,24408,60669,01851,45590,58315,09462,47041,21427,05241,50798,61273,22274,42356,24158,30061,45062,53557,50120,53323,36552,54172,46960,32352,05632,15048,35335,63015,33174,22862,44179,50240,12481,00203,00341,25363,35822,05727,54830,46888,10698,63615,30443,47659,46981,10171,10849,23676,59148,23919,03526,16109,32566,19752,58994,08440,64826,26845,04746,16460,62825,04332,21201,32873,45699,60550,65432,12001,28139,
63606,54705,52025,50532,10220,22002,63628,05764,27907,54670,08053,19395,36418,07561,01405,33182,56954,28642,45666,49712,18236,30691,34955,58498,00343,62009,59088,29024,54897,59295,24458,55508,07257,10926,22273,14654,11843,46795,05144,32407,16935,09614,04776,30026,63535,28435,31648,40406,59284,00194,57101,40079,58283,21452,19039,26831,45325,57215,10329,30344,00362,36972,16001,49976,53811,21694,38752,05473,58092,46582,15149,05988,55647,58640,16248,56430,62707,65072,55193,26895,16044,11255,20237,42996,46692,34490,38284,32634,25274,22132,26224,02079,29969,37839,62879,13613,12650,08802,35288,58516,05914,37740,10527,03825,51639,02267,20797,43619,27795,07085,45864,49655,23715,47615,08747,26613,51515,26235,55998,10000,41634,58001,48129,39987,14940,46540,39142,64625,64794,10904,00695,63959,58064,46433,46792,54407,16004,41008,61946,21112,12326,60600,51938,08549,54819,34769,64666,32816,38175,37498,49969,33531,37231,12197,56172,46415,35558,40671,47222,21850,51533,65323,17550,58715,22501,11220,01183,02881,00570,29323,32674,03384,56155,51441,32236,25995,38227,20354,43975,55672,38696,56903,04350,49448,22870,55130,21566,48462,49421,40121,57887,29089,41590,43766,40423,09465,45217,50776,11379,35287,14725,59771,32260,55624,52662,51104,33514,37058,59117,29091,03604,32706,19522,61706,19646,60723,04710,53484,64774,09970,31670,18599,41323,55835,60366,03331,05807,63139,63311,63622,59782,03176,56470,04129,53671,00845,55042,28112,47908,37856,02433,27272,13669,46222,51094,05243,64301,36689,03295,41186,06989,44710,18264,60043,46837,61317,
05102,28389,53706,55988,08322,59944,46051,08705,64127,44080,34446,01031,02257,10945,47982,01705,26317,03532,35067,35655,07081,31508,51158,12004,25575,14460,47058,26393,13751,62364,40610,02203,16198,42654,58336,28096,37778,22377,28671,04548,33768,15896,60966,61390,02708,26006,24650,06647,48440,64457,25904,42426,07306,54034,62103,56864,34915,33229,13644,36655,57092,51940,05998,37396,37957,27531,02315,61526,40611,13908,61332,65368,17881,15807,26728,41283,15970,57298,00684,22747,08150,23700,43942,22355,16405,11374,37147,16908,03590,59896,45239,29548,21550,02567,09843,58271,59335,24966,41733,60033,35926,33314,63638,21083,36841,65532,44294,01278,19919,39993,37067,48183,61765,07381,57283,16785,15439,62296,32213,32487,24409,41515,04488,00729,28111,36656,44774,11901,08858,15518,07190,59348,31328,34591,34625,56136,20795,13159,40818,60448,05939,32088,21591,19096,50449,18101,01274,13329,24049,11911,62320,45512,59998,08039,64888,11863,19955,62042,33427,45145,32652,61145,35280,62313,15959,62691,38776,53744,01998,63154,44449,40550,64932,24282,16457,65301,13124,37443,34639,62057,44739,02738,35658,19731,19291,63504,30471,08987,63940,49126,38319,48377,51706,16153,15750,23073,63325,53497,53609,43719,35400,10697,63047,22797,02827,17348,19975,03701,11952,49446,51088,54393,61970,65068,31355,12999,60000,37460,44373,27626,50914,00618,14729,21213,15602,36802,22219,64615,62949,29861,18409,31924,35948,41846,59253,02523,62499,55286,65465,22296,55961,57025,51523,09284,18121,02274,27608,55473,18969,47727,62001,32522,25364,34840,00579,62446,
41215,17962,58326,55323,14920,18087,42440,12994,55227,62128,21989,19205,56355,34298,06462,23411,36001,14734,56265,29627,07878,58584,45160,64182,26195,32553,14025,50087,13856,15589,43177,03730,33115,56145,29698,22164,63433,40737,25117,56326,60519,36376,06058,64533,54515,40404,20836,37445,27994,23852,10221,05561,12831,31763,36453,60426,14355,56678,02822,40073,11188,48787,25272,44427,29439,53173,10676,41500,45324,33512,55556,04456,16135,41571,03324,13243,56573,46064,40234,00119,14915,29118,32486,16325,61849,16028,57984,53588,38184,23988,39288,01283,58543,20655,23572,38698,08611,43850,11527,40383,18550,63309,63982,58351,17117,06466,44998,35401,58133,50161,64629,48343,02527,31261,38507,21303,09083,33952,11896,12596,60843,58656,54365,59837,55728,28498,06822,13400,02807,10740,49909,58796,32178,34281,07191,38055,28176,00363,11794,17566,22530,36779,13395,01929,32671,20717,15696,20203,16076,26555,55702,28219,28639,34749,15649,16435,63713,26004,48797,04363,58491,22885,06420,19044,47102,07136,13369,37895,65099,26395,41409,08130,38101,03488,13928,40648,08245,02816,39350,06034,15161,39326,47386,52966,11262,51602,20975,16273,19534,55330,02170,56559,64340,13472,07276,28978,21522,30129,26164,52560,20057,53276,40061,65093,54899,22750,25757,07789,20252,61198,34666,33885,09449,05791,32833,64216,49300,18313,24106,05048,17167,14026,34767,09311,35493,31104,34756,07954,54223,32676,22829,38796,32232,55539,24618,54094,11196,12557,61803,58819,32700,14081,54175,63142,32367,54599,62189,17558,00113,15237,27565,22254,62113,27082,51122,56753,
25737,18886,18156,39930,27211,32709,02549,59450,25524,04575,06599,14576,49106,15915,57042,18661,41369,44408,43311,63469,39191,02598,29494,38417,39603,10864,09781,28039,45419,47477,53039,00860,04029,09992,16515,58620,37163,51794,08106,62410,10673,64709,13532,50836,16313,55163,58802,50731,11192,45159,45934,62772,50422,54615,53465,10843,48585,42149,63884,35985,44901,48371,46263,46821,31464,52366,44315,01048,03337,32345,01870,19485,57070,17812,17443,45374,40152,62521,32220,63144,52606,35249,15021,13280,06294,03996,23092,37490,53975,01507,25511,19928,53381,00937,60055,06973,02928,49017,03252,19085,43807,47479,41684,25159,14594,25114,33332,38981,45302,46889,58609,63191,33628,27341,22052,34438,52106,65054,57976,14110,25279,05412,34236,54314,46352,37928,56337,03474,45207,40205,44033,17065,52157,42511,25418,58520,50542,18908,34251,35739,19084,08043,48241,62435,13529,25444,34445,28589,28795,24853,11481,07529,23660,21798,26881,12287,47985,63389,57617,10532,40186,35046,37900,41673,24463,37124,65008,41003,11656,06880,18443,48248,60812,54552,11810,65169,49069,34690,01018,61266,09782,48178,20614,35824,34668,16675,05731,48659,61628,53462,55097,31481,12009,03542,24892,38591,47150,57015,35890,10975,24179,57065,42811,49232,06609,57284,60713,64463,51958,63173,26449,63983,58732,51012,01125,27675,03805,64404,16518,22612,61915,42932,64867,46752,22559,19076,01557,47206,47670,30765,23596,28550,04935,14493,14098,40703,01424,63374,64192,31948,54267,39235,31563,56456,47302,05019,27501,45321,28511,51153,32592,42441,02737,43511,21059,23588,
32993,17372,38354,31461,54334,43093,58990,43453,03175,60648,18622,12317,03293,23274,07958,50873,21531,45466,26192,50093,07593,04743,09051,53584,02231,09227,17184,30165,29584,25066,10981,27533,59883,46450,30442,24947,20961,55890,60545,63464,04955,17873,34688,50577,34311,18596,55044,39976,48857,45090,39957,43987,25626,58874,19475,60478,40823,56004,16506,30209,41922,09776,16840,42437,15102,60334,60918,40870,49749,34331,30301,20788,56387,01632,22459,43854,53275,45249,30916,59845,34310,24012,54527,16400,11382,24382,18242,61758,25640,24400,42593,08034,43025,12450,18210,63116,13401,02731,24389,20557,06781,40106,59177,46198,60432,26767,63491,48201,42444,18281,29034,34165,30897,60927,04491,58919,37967,09230,33721,13420,37969,08040,09570,54891,17942,02595,02313,26603,23204,52033,22276,03139,60007,54033,06901,11000,55063,19005,00531,27620,11219,24401,57243,63439,63570,42723,61487,06532,48224,43503,43061,15643,02327,62895,36513,28074,24116,02612,52848,08152,57309,48731,55144,55790,53052,01592,50413,59012,22061,52572,56860,23718,06770,33978,64587,21111,55049,50474,13099,29507,24451,06733,54477,00797,10241,19253,31999,21901,19385,43343,59428,32277,40349,62998,47009,62872,00088,04188,23084,35237,56078,35923,32385,42476,07088,51545,17926,54969,56055,10596,00871,22910,61761,29837,03498,15407,09150,40471,58073,41917,26903,58225,08634,33069,35239,39500,16330,48434,33497,50430,39473,15918,46786,30517,49387,13635,64823,44756,58914,15618,34471,44451,04154,23221,09095,12679,19746,62934,22425,30090,25028,16283,65288,18226,29925,62290,
60888,34039,33056,06523,16900,20881,16562,09255,57308,10547,34676,63871,59234,57190,25915,63143,10243,20630,05865,11462,36660,62798,17840,05860,45491,29919,41546,42473,18401,29790,00639,15569,60161,46950,06806,07395,15084,06036,43897,34416,08373,52054,60710,28267,34551,46671,19322,55984,39026,04787,45577,30580,08472,63829,35733,30487,02144,58772,18959,02898,44323,17323,40629,53076,03083,11226,09106,59679,30335,57844,26694,10731,22053,60541,19675,19348,37196,35780,39263,10708,43764,64586,42158,19984,37035,40363,59717,04838,44586,40642,31615,34802,08695,36699,54506,09928,31942,03973,13700,60241,50296,46702,04247,22809,54834,02885,58359,59108,49779,04573,48037,03832,57942,23088,44114,21205,26311,54907,50442,44046,11975,29144,32454,60928,37746,56030,60738,03611,25477,28583,33303,11319,36175,51775,50458,22249,33838,50818,49650,46820,43880,61769,62443,11992,09822,34168,25708,50248,02235,23263,51531,13997,49642,05286,29008,26015,26780,59507,37219,64635,46026,41895,59766,42549,59588,57866,33882,12337,58889,39068,17885,16347,33114,42589,65120,02104,32097,20946,13443,29749,62946,06549,53639,55155,09773,45694,24602,30785,09531,14211,61660,22828,14298,12388,50503,18266,31285,44705,19163,31741,45598,38515,64102,33149,32595,09185,61055,32288,61074,11740,47897,31893,25381,58274,53133,16239,42346,39531,18539,20811,38556,47801,20243,17084,63066,07675,04655,26867,51506,32035,40407,13075,44921,00600,42314,14926,50428,34019,28106,22796,23313,12981,29755,51948,26576,15449,28249,19324,34052,50875,55682,02633,50632,47508,15548,44552,
27019,03455,00832,12958,17431,50982,54059,06470,60472,35238,40326,20741,08660,33524,09845,45051,41190,14282,14945,62393,41098,05391,57676,09222,11848,63955,15302,02264,44038,29678,54732,16891,07006,15450,34133,52007,37834,48049,55891,50400,01305,56024,27435,36221,09581,56012,21159,49860,46583,07240,14257,29604,21521,09376,23121,19954,29283,36432,60699,46293,56972,31879,21742,40899,50358,60783,44852,08901,17019,50198,45686,35873,64206,64403,37030,51731,61231,47350,30543,55920,35508,44068,51935,65133,29218,13061,33259,36310,59389,41246,37813,42958,14354,24479,52164,30280,61712,63302,19083,17285,40022,30878,63356,20555,46007,32111,45872,30823,08430,05070,65142,53208,51273,61253,21879,28382,15144,04037,65372,33586,43751,64237,30274,25769,15604,15284,13230,11590,57095,16806,05177,58719,31350,52399,58394,03389,41866,18006,30855,03711,23297,18379,46334,15214,46288,18168,44805,55788,14621,20365,43810,04713,03609,61961,44478,18772,18709,12621,42692,04869,63477,50373,34819,08536,20277,33428,49351,06114,19158,08503,61881,19297,63063,49727,23985,22441,41592,22250,09038,45575,35866,42756,16164,20595,30829,65317,03472,31164,58453,09022,11734,02648,04689,18103,16805,61328,65455,50704,51132,12876,31636,34037,36204,07150,57589,49917,50792,38107,16258,57173,31114,61059,25919,41808,39720,19168,16168,00432,01616,38328,17156,63260,17863,59747,57906,60761,21919,40480,00681,57895,40751,00319,49475,33567,49154,23681,28408,60681,50729,21137,12739,14892,49090,09678,54111,20415,28620,20558,37317,33145,11051,22306,46994,37547,13642,23962,
46551,45922,57775,64928,06507,25189,29673,57096,44362,06239,14305,08353,21844,33695,17717,32171,23389,01377,17989,37877,08390,07854,20982,23148,37708,33581,61115,06035,34186,59375,04651,04967,20542,28950,23853,38936,48413,37685,63159,09221,62599,21786,17098,34910,12978,42023,29652,35082,64275,24744,34451,63586,52790,59609,43929,31985,06804,64617,29414,34112,31136,57080,10784,47441,29479,32206,08188,05090,17709,59887,28652,29010,35715,39115,16545,39829,56619,07212,15824,31377,08116,61403,53433,50131,49359,45489,48483,22208,58544,57733,52776,59398,55830,26630,42114,65110,02620,18320,45685,41548,31444,61409,52133,63563,60525,22721,00283,12228,03116,06707,42594,57037,00979,28554,46021,31167,09336,34788,24867,04656,40828,13028,40695,61020,01954,61631,25352,07907,44988,05684,48646,45235,06324,39683,57219,19144,03876,32778,22881,22709,51100,55196,37016,24630,12647,33240,09998,40798,05333,08775,22831,28046,51812,39991,03659,45288,28621,27170,43291,28009,15735,62632,46178,51716,65165,18891,17984,40103,32150,36559,25959,19225,62031,25860,60645,37786,37298,34447,26690,36515,09806,17889,34496,15362,19095,35818,11861,41686,15755,26952,33098,48577,58822,43728,35119,50185,25552,09487,04190,53404,26573,15190,36232,41236,18124,40591,44299,07116,46240,08444,59799,26688,36190,65178,06158,17137,06416,33895,29579,14779,51250,01257,29216,04793,02699,44733,53850,57275,51548,63662,05519,52371,62950,29293,15262,38719,25367,04211,00602,55400,01513,64297,06748,23886,27733,59245,04401,50584,60582,42743,35073,10010,27136,54871,15243,24809,
37400,40350,25986,11862,29788,49622,21249,01737,42322,64217,60223,53120,17490,41238,01656,24396,49478,35897,57030,29146,27096,58777,19323,11459,05672,40411,37775,64395,34396,24973,28348,50023,18276,29401,19176,52186,49237,07023,08621,04894,33223,25157,12270,24524,34658,37514,44434,40375,45110,57851,59399,49369,19846,64166,12930,14748,20970,26705,20914,00800,42587,19618,58189,56881,21979,03075,48474,17435,41466,08467,33620,13734,22782,10375,32119,06112,32518,18394,50047,36614,26786,36808,41216,44933,37805,14457,20934,16700,42790,50393,51157,61026,64473,03627,05484,64624,57992,31718,54522,42182,50936,24184,55807,45883,46918,57332,02392,31286,65391,33821,28170,20340,15133,16587,50766,31569,25315,44298,50147,20141,59802,53658,39992,33300,09616,51823,26858,53485,19113,32504,20072,04871,19974,13873,32040,20097,21063,03988,24316,21633,34926,34184,04074,15753,16497,63328,33100,64660,45594,23395,06282,33250,15245,22009,13533,00265,47069,49201,62149,40280,34315,36659,32451,39004,48050,16443,21757,33301,22720,32723,12577,40154,36636,01485,57188,59478,40562,11891,24120,04748,07247,52122,24789,05852,12029,62716,53526,30109,35284,20187,41069,12615,40957,26040,21371,06677,30221,07095,18133,07536,64571,10705,56773,13438,21019,42141,34623,32791,60074,58302,19728,44779,05977,00912,54735,63895,44185,56474,27216,00745,21923,35030,53629,55983,12684,54406,61471,08735,05476,36437,04819,29277,60145,13006,25928,49925,31829,31570,27632,61694,10729,11414,48751,09167,16486,18120,48522,26249,22039,18653,19791,54319,11764,50522,14072,64423,
52300,15947,39018,50127,49649,16152,09179,05390,51786,10050,31596,19265,42933,40224,20088,27356,34210,51579,52160,43976,65221,09723,52308,09075,46616,38423,15166,15413,48968,19048,19559,05156,09370,25939,32654,18166,59850,11681,60093,36192,50314,29252,31543,12458,25789,52120,14521,64875,26498,07812,21302,60177,53139,52249,22229,28690,37235,32801,49383,38384,12645,38174,57246,31875,62789,12045,49302,06456,52880,02140,32374,59490,31181,19884,65286,51738,09322,42211,03033,20289,19034,10401,42823,34598,17224,36735,27521,31150,35778,17572,21744,39281,04220,35839,55878,18341,54695,31399,25495,51484,49683,16067,38588,50010,42341,45567,53228,17150,63367,09602,53840,30088,23587,18201,34434,26888,00635,29327,12303,15327,32252,40758,19599,20299,14602,07537,27193,43286,54554,14370,27930,15390,25522,15539,63723,14273,36803,61870,19666,42173,43418,38409,15957,13137,53372,15254,45840,60730,49780,26254,59801,02666,45287,28145,41616,20290,21126,63695,00626,01324,00326,34807,46003,29095,36238,18045,56275,16557,24986,03398,43026,16547,42533,50575,18160,13945,49725,15361,18614,01456,12344,52408,22064,29596,12242,18343,62877,62986,61538,52260,39870,06071,26696,42701,44057,35397,39924,15227,31715,38251,64780,48235,48842,24346,59060,51276,25269,00613,14036,31747,15871,34344,19833,16924,29147,15246,09219,43649,31249,24536,27902,01066,01926,11544,56644,44701,50491,26487,09244,13854,52865,64987,32382,15536,34859,51524,52403,50644,35616,28062,36801,17731,46131,15694,26452,04844,38164,57687,38562,19321,41788,40766,04520,41077,10733,28811,
38835,32443,16751,24926,26418,34485,39368,06623,64909,26715,36309,23750,36694,48587,06825,08739,53628,04257,19091,09638,35348,36482,15331,59020,04485,36740,56607,55625,49470,30526,33188,57112,41230,26567,18535,27470,43648,03697,17461,42395,50337,40805,08568,09367,59132,32146,12765,36939,59611,65278,14551,49112,05999,51898,63954,28594,43114,06524,54105,19785,21281,15608,31586,44713,09817,25774,14489,50083,00422,24333,29282,63642,41944,62564,43466,05396,31144,42800,28565,26623,43452,54602,58480,59557,64309,64906,58272,47604,19758,07222,51321,34277,31358,21562,64770,49717,59640,21997,09672,62197,04387,56849,42620,49741,61865,30980,20164,22307,10850,18715,51884,24514,53264,08534,57277,30266,27986,14438,49160,57399,51534,38773,51286,49880,26383,26086,14690,35582,37481,14287,32009,50493,34163,24604,54468,05159,56823,47119,17180,49108,04413,30253,62092,56113,27801,16875,58838,43734,00709,10507,14082,04534,07520,04282,50303,00846,60165,51776,29199,18345,41467,59809,19991,09599,31493,24363,48917,13364,55626,13491,19639,10782,43579,32812,02942,64628,12735,02929,00069,58245,64276,25541,29765,21778,29644,44943,52949,25799,50374,12233,38210,19189,23250,57805,03656,65511,64579,37779,41602,25457,39432,08190,48109,36911,37290,32430,61270,10470,26592,18071,65441,60569,14193,47319,22168,22317,11712,17728,00396,02057,31297,37345,20102,56256,50074,30153,39471,60619,37132,42179,06517,26562,40151,58787,48541,06437,65440,36077,39050,31092,31309,32446,39763,28773,63917,62575,26298,63251,05319,54004,48059,55101,13515,35597,48164,61466,
50912,32842,56981,63546,58975,14971,20955,37427,22830,51127,58782,31689,50923,56427,59820,47802,48534,33626,53427,05774,38992,11312,07246,58361,36987,48272,16419,34159,53766,03727,51284,52934,12426,54077,51653,38625,55307,46074,18346,35501,34175,29864,20062,16842,23294,36433,42946,21700,36100,57272,54682,02335,11546,17375,61851,10835,36579,53209,52620,07046,46614,37095,33579,62932,42998,07368,30966,07321,51657,34279,64168,29229,58046,58887,35060,30874,43258,51678,04762,21077,14979,40396,46203,21270,46119,16558,51673,51151,10261,07486,38131,46827,42223,31259,49501,23220,27394,00997,56766,05234,59040,08263,42345,20550,32011,55033,43187,27953,06903,58082,58429,22953,56309,63115,10453,34080,08584,30494,12444,24195,63185,62342,26014,47450,10466,00441,02604,36901,30126,59272,38183,02230,26848,05492,18915,18337,54796,09541,51468,14453,09876,35048,57860,14772,16491,31921,59496,19866,65213,20004,07404,26994,52204,30267,20524,02336,59560,25160,15411,54744,45945,40088,62974,28551,43394,48294,03743,31814,41181,56085,14039,30428,13880,52892,05124,20941,49054,59535,22057,16636,01025,62017,25992,31359,46303,61971,06560,45879,26716,40533,09177,46549,57581,60678,15626,13947,05478,46664,07866,43757,34924,45107,46430,42110,37085,59054,45113,53722,02025,39232,14755,56087,58348,25093,17843,58599,30357,39361,30673,26047,01641,48436,26274,17759,18271,45500,17664,28571,30953,53858,10531,54603,42997,39271,30200,09763,39754,05840,65204,64234,31709,15946,19136,12027,19913,08859,61699,63231,48154,54568,11919,42870,29308,26140,17596,54026,
05364,64608,11247,48066,02674,23556,30858,15321,49011,15360,53941,10598,11098,34402,48619,56343,65214,05300,06181,12491,55588,49412,38804,55849,24518,47862,16149,04414,40146,60615,04097,29981,46400,30920,37225,39245,53222,47795,63227,39174,55237,58573,31115,29962,63436,52468,23923,47856,19553,62561,18716,55906,03591,26659,51959,13527,63271,19459,58451,58885,61105,26021,07101,22551,41116,28961,26838,44986,25646,45971,59481,14207,63790,52508,25061,33311,50001,43150,37777,17203,08825,43578,18324,56588,09580,08409,37860,31009,01103,21361,58424,48426,63735,28801,11150,51416,51652,29625,12966,23161,63534,35947,51493,65146,08762,58400,06756,47166,25910,25848,25318,13877,14573,26706,14953,10189,33605,12298,19963,39430,30627,16629,05204,53237,39689,10303,48572,03452,00719,54264,52595,26558,27774,15642,59275,65163,34258,34047,07735,25675,58248,43090,15575,50850,26662,20534,08001,00739,63391,01538,03516,58008,20474,17112,48234,00377,21046,24598,59939,24050,40540,26920,65293,44928,46358,20043,29373,02367,48463,61306,62085,13601,09071,44957,15045,01177,54463,27315,20709,60171,27081,64982,59291,27000,09582,24916,41905,25869,21410,34853,17612,35267,63663,40852,20077,00272,39034,02938,49367,03415,05143,56544,11752,44505,01580,04783,10484,28350,45509,60437,11396,11999,49960,13640,61237,22762,12987,32894,16071,10311,20080,54841,32041,42380,13476,54698,15816,05442,65430,50041,31162,13348,55686,23090,16357,24250,26992,15459,14643,26345,06013,16143,35656,47042,62199,16053,56617,59240,06921,18631,21866,11493,04846,06888,27674,36333,
29388,20876,62592,31914,15685,49163,59283,38868,17405,52502,18195,17756,04612,08124,51026,20985,48969,17603,03781,62971,22703,19149,55455,27647,40560,45739,06234,14358,11559,24259,53244,47598,43164,02284,55550,02001,54484,56046,19944,35793,45829,18888,33676,48376,45863,12511,56793,64279,53191,30712,63714,37119,41387,17006,20565,61841,32298,11204,12534,37873,39011,10905,19214,34487,47597,37803,46873,47519,38239,30495,08609,19480,48225,20724,06734,23774,23116,36358,50071,45355,01486,40443,49363,00820,08080,38962,17633,14929,39173,18884,41633,13970,50496,04561,08706,62489,08354,44823,09044,22558,24782,09606,26584,53059,40013,30816,23751,13591,43740,35346,21237,38917,50973,04677,13467,28660,57318,02939,26927,35289,09339,30474,51800,59980,05745,22321,40992,21949,11624,10197,07169,08224,36460,23497,18188,36364,12592,56909,52323,31513,55643,47831,33625,06072,11563,23856,32764,60237,53145,62457,09668,20016,34051,33718,58276,18220,35322,56021,64035,44447,50356,06400,17820,42047,22635,21907,48240,21987,01865,38117,64781,12412,62631,53909,14974,05230,08283,48707,12153,55194,53861,16365,32965,37266,48056,47369,63316,61166,27369,45889,28970,44708,25026,45723,01692,46593,18351,63897,22966,02864,43998,58625,56561,46758,21320,38879,09448,29386,53812,61019,59008,54649,23583,42590,08991,13482,26347,04751,42277,28193,42402,56300,26665,01477,47910,42616,07540,29516,04125,25424,29643,42972,05208,34257,33266,57709,56675,19381,45905,37614,19213,36805,56490,57829,12989,59341,45868,64744,52008,25082,44563,11114,47991,27005,46922,49805,
21650,05455,60247,35163,41552,10504,51488,01310,44902,35139,29778,42245,25068,48110,10405,27143,13171,40514,27597,01262,02924,17307,05067,07312,61340,49621,50910,29916,36279,25725,33273,62604,13990,14138,07738,04741,34119,54833,28286,28151,23203,21946,48854,08971,00669,25808,31897,34482,50457,02553,56669,53576,21808,26506,39441,03132,17154,63576,05089,47313,55895,15551,61262,33627,14925,38078,28025,26981,00653,62690,48540,11528,13292,27796,53210,30700,46491,31961,63489,02489,45381,29456,24903,61807,21216,03668,19201,45613,38397,35151,32770,11820,48864,45930,27652,22531,46835,47100,35905,27678,42353,38085,39600,55367,39616,01043,30766,24095,24525,45334,53137,55698,06753,27662,42178,60087,27961,13226,56790,10082,43201,21396,51436,34827,15131,40153,45551,02570,06755,59232,33552,24043,34565,01796,42454,27436,31331,45188,64861,23396,64695,50288,10253,23036,57593,52146,45981,23298,31348,38728,45641,33160,42118,59687,56754,31407,54107,33539,43557,19224,50098,00537,52882,34740,11654,62374,24328,32785,49093,39253,37342,54213,27291,64798,53342,44675,09125,21338,42685,40241,23465,29715,23228,20635,06230,08137,36301,03072,02522,35456,36341,43697,60307,15303,39129,12077,01942,37314,21868,28291,45247,34592,48979,26339,30100,36065,22777,25435,09385,32017,19733,57143,04018,18670,13404,21325,42774,57901,24343,31046,47273,06546,21615,44128,61096,29862,14838,17652,23961,16352,43409,64646,39117,54337,07379,58364,02323,30373,40366,27702,04970,18921,06987,39147,51340,17669,29326,48428,58692,40010,29985,00852,44453,16533,62340,34786,
08666,62013,41854,58666,10753,04724,22143,40659,46838,32686,34470,30811,22411,30358,17836,15738,07957,25409,03860,02089,42376,37655,38446,05855,03550,26436,50151,34936,47291,15503,34792,21300,49033,61071,14508,29342,00043,58350,61552,59022,49890,60045,07778,14328,47641,20792,31199,52938,48865,57904,50283,22114,19421,04531,19883,24237,07724,01836,45441,52659,40702,42239,24338,33430,40422,53184,26711,27547,29835,36942,54855,01815,61729,58693,06444,05562,23019,63856,02007,07548,23357,62829,37327,22005,29504,49345,13128,18553,11391,15270,38230,49802,35500,60932,16466,14782,09698,60931,42200,45953,30989,06044,10070,59180,51755,55461,35326,53727,28019,54360,03073,26094,40856,46110,18338,58702,31707,60356,49921,17988,08249,46962,25925,44105,39779,23024,03839,37960,61565,12554,49795,56498,27876,38506,21125,41677,35714,12530,12573,12478,53146,15627,15461,55717,31663,32645,47601,28150,29166,25901,25892,10234,63780,15197,33830,46304,58576,24523,38327,33334,30331,55210,58995,10655,53337,06067,03674,09408,55038,44402,55968,44324,57372,32126,50735,65268,46744,35949,50752,38056,55084,37054,32301,25321,13736,23212,17623,26917,25462,43585,48490,63551,41618,47766,03902,19839,64202,64012,29811,37503,29613,16363,59841,38156,47580,56851,22726,44594,27319,02156,07251,44706,36691,13484,32839,55677,55178,06409,45354,11723,34330,22468,46847,10101,24740,04217,58005,20189,48182,63122,12461,21743,42242,42825,64870,63784,58398,58432,36212,58202,02340,33212,38150,42598,43068,03168,38594,13998,26564,40358,62865,54114,19437,05941,03722,45311,
06510,43771,36978,32637,49561,20919,30806,06089,65134,16996,25056,17713,38825,44365,21880,50390,56563,13048,41792,23957,55388,19809,59549,12259,64107,54262,65503,16189,32014,01369,21716,23481,45671,03933,37493,51857,21524,64746,25122,63758,40650,01215,49689,57935,49606,41032,08175,54332,11092,29804,62326,32316,07186,51894,57736,49578,56973,53315,35994,16307,27696,58175,49782,19600,14439,62466,12000,37766,03038,34028,00955,06159,32928,26153,18280,48469,50137,29368,23223,20672,26785,09063,37068,38090,53121,00630,27861,13180,61634,36196,08149,14879,38957,13865,24074,08208,15828,27756,51785,18314,05428,49371,09216,02859,62990,32384,44276,57417,38053,44247,04481,28175,16797,26110,62140,41900,46079,15179,20916,46743,47491,21738,28588,57467,54672,07422,53772,52484,55291,34882,48333,57903,45670,55334,64903,60867,43663,31830,40932,54822,55302,01571,06090,07758,09210,64052,32004,63594,13033,46673,11121,34743,22045,25867,48298,33938,49393,13041,25777,06343,28083,28460,50600,57439,35330,35309,16386,04932,52226,27079,09938,21425,18557,38367,21697,26876,33845,43053,41537,59426,19054,11572,49243,60700,05062,54322,16395,39221,12239,36230,25002,58290,46650,12634,05328,49111,60039,09824,20055,33953,59501,05434,39830,07050,02081,23058,03052,39794,36021,38232,21402,55856,42858,06005,04112,36589,56381,12712,49361,30921,31103,38464,61013,34117,65469,60308,25994,53354,11461,39715,57756,10330,53379,07555,13444,07438,21692,42565,57524,19936,14381,55792,61856,17188,58823,14962,09200,22670,30618,09823,61690,52644,56921,61652,31844,06392,
50432,09290,17297,06927,29875,23876,64120,30118,39630,06290,32847,40412,28827,52367,44242,00416,23140,08376,28670,35565,28800,35154,41700,60280,21670,47408,04419,35263,41586,59983,33029,20738,12804,54338,24890,26372,59875,01781,61940,25092,36240,29970,08391,40559,40543,39744,35643,41334,43959,62849,05635,08488,44148,06500,57222,32728,00359,31730,05990,57209,22940,49607,57466,35990,05418,60072,54010,45924,51863,41988,14588,42104,28002,41683,19980,40523,12717,42162,15937,45167,58908,43513,58920,61261,54388,15555,41469,16989,55442,24159,39315,56848,42771,24100,30882,36080,05659,33529,51809,64769,45907,47791,64069,41843,64149,06317,08653,31719,51201,53358,59863,59110,16561,01467,58817,50663,14776,22392,18698,43952,24032,36684,57716,17752,05363,41877,26429,18421,38387,38786,64880,24150,18589,06631,52940,50854,28699,60206,01014,40372,57098,09232,51067,02870,12013,11450,30778,22122,18575,14099,25602,06690,51031,46272,17708,32104,52103,24589,34988,63910,05152,23848,11454,63255,32051,16374,29090,53361,40474,27585,32670,43576,13299,16074,11469,22983,27909,04033,22280,32924,51860,25999,37565,28116,26481,28410,29509,38001,42204,02900,20008,26989,17994,38493,63058,30205,00467,46674,62886,28045,46624,59259,40453,40322,30936,20297,11440,38847,29559,54064,06722,50803,23631,04905,11400,14571,54911,55205,63217,21172,64194,64534,47411,42460,13841,51065,48924,49259,51125,13972,11424,34473,02014,23408,20263,49347,37882,24294,18163,65344,19604,28324,43712,33923,29321,42002,28427,47541,44136,50188,58629,21477,56179,37836,47946,12408,
53093,54471,24167,20345,27759,07814,36525,11093,48277,05617,34933,40521,38407,03840,14721,10890,06663,60098,62115,49829,07266,24701,48392,57711,45857,38463,01543,37918,17216,61832,65304,02163,11208,30103,38295,59023,24028,39822,57330,09692,45760,07943,19997,59626,28325,60464,59087,10451,22927,13049,30903,27027,41239,54281,49068,13067,25241,19496,55618,58594,53322,37041,11445,14831,21244,21049,23060,03308,06657,08934,21431,37469,29284,16452,18053,27681,59092,08165,24609,27873,31080,43353,43259,27871,37260,53150,06260,12992,35425,11207,43958,00761,32775,53767,32516,38029,25550,32140,54616,25441,44989,64929,14243,06640,45233,15221,33136,09478,13144,04593,63838,56067,36816,65159,04305,48816,61716,13223,01158,12640,05197,46067,27357,47931,31820,55211,53063,18184,02625,56269,33884,35137,60584,62740,55261,47599,31304,46432,53818,38929,60234,18940,57554,31269,30915,18541,41112,41139,60706,64806,60948,04594,60410,59699,41047,32963,63197,43925,56468,11290,29449,09502,04907,49799,44123,43111,28788,14693,27548,21003,15672,24227,21099,37994,12445,56416,21297,28215,41313,28426,63848,13157,13277,40452,56268,30407,55742,36313,52012,47662,61625,33853,04336,36424,00498,02614,38554,27035,42513,42618,31303,62071,40527,38850,35911,49791,01394,31005,04189,35257,19293,62743,03630,23887,19154,23343,15091,39015,06984,20756,23489,07079,33292,30868,28195,47172,15265,06223,22613,16310,40917,55218,37000,03077,56936,26302,19097,62308,29213,08019,20294,21154,09829,05657,63915,27060,49422,39877,30136,09649,24172,35548,27429,41338,54777,17780,
58479,50974,14432,56614,65075,08026,46662,62667,07264,45175,55723,19873,03417,48176,38490,52686,21549,24904,14661,49452,28567,50547,56701,08504,43362,30530,57628,00711,54007,63592,53083,15421,42710,61845,07461,53312,36378,49576,19523,33258,53430,45662,42827,39901,46666,64278,00492,21575,32242,14402,34020,42294,26366,26667,08119,13135,65111,57739,26615,09157,26381,57907,53528,54492,37633,02435,25730,55088,04066,18437,15869,49633,64363,57286,15966,46367,32751,29301,14972,47128,19961,64998,25345,35261,43756,26899,57075,15409,28834,10430,12026,15995,12126,33836,20414,01873,50082,28308,63008,32068,08694,40926,18513,51821,32950,60873,43416,34699,62657,00921,55371,36704,02607,36441,42299,26013,12903,47970,03787,09365,43701,38871,10511,12023,29768,11282,42674,40291,47770,57305,11475,42080,45428,27127,62784,35526,63759,26731,52551,26629,04902,43157,51771,12263,48578,29532,57403,51224,00866,10040,18136,14267,37172,59777,50387,32758,59564,01380,08295,32391,01463,05697,64700,06041,39982,63028,05408,59562,63182,17498,62211,07353,52807,25410,27439,11739,37850,26530,57570,34373,49396,59486,03238,45900,16952,16678,62573,58960,02119,41272,35649,19815,36299,08819,06275,10919,43803,11564,46865,00146,05240,00657,00494,35399,07043,27639,09217,49144,56878,27805,52741,51248,34139,55548,48521,12495,11449,14027,53425,27705,14346,09775,17034,36197,40896,27718,51586,60608,61928,52988,05338,04865,44487,06832,44954,24390,51310,61305,53856,56111,05496,30688,11009,12776,54250,09464,49161,36877,40928,63921,00170,25432,38189,44142,15234,47180,
56162,07040,48068,03535,64677,25663,00417,27557,26101,55416,01400,07285,04971,62966,28181,23406,64475,25134,02621,26209,53974,04041,10834,05128,27787,33241,35168,51086,27578,24901,29435,06482,61525,46070,55128,62639,06664,45063,16676,40320,00280,54203,01949,42207,25124,53619,27580,03521,02705,44502,41197,09526,32548,41704,49953,48475,64368,62926,57122,52810,39721,28916,08477,20525,62288,29236,22230,49049,49631,12121,22877,17768,27699,59775,00428,01084,61158,02726,13645,28068,23281,43518,15834,42455,26352,19263,48096,41294,15998,43544,15185,58597,08917,02660,38993,54180,57619,33118,24194,61289,22454,54659,61912,18874,59113,63540,01253,53764,37177,12250,11419,55520,22592,20315,00129,32695,48907,48685,01763,04922,53742,57162,16008,46927,22305,63979,05843,13473,41696,29065,43983,08312,36011,18835,28813,41957,12274,49932,32938,41508,07713,38495,64957,44303,03837,51163,18790,35352,59511,56570,61388,01713,62375,09814,54813,33448,21514,60726,36581,47494,12205,10419,16881,18074,51220,11549,51305,48721,46939,47086,48668,30349,00236,62735,06017,37393,05229,36531,29413,42746,56817,54512,37521,18446,40124,15148,61934,20103,11599,37335,29387,34514,02653,27753,28603,61042,50282,07375,45453,30417,20245,29375,22544,31184,10486,08316,58535,02662,48318,39915,30924,52277,60175,53774,57328,57764,56917,57798,65137,33423,13542,01650,36042,51713,21184,02112,44350,30181,50115,04550,17281,28383,17700,42281,64895,37425,23954,52032,34327,63851,60233,48933,33784,37452,64123,21861,06258,34135,43532,54052,34297,15619,03467,11772,49769,40810,
49952,46698,00318,43471,49060,41656,44875,19405,00769,40005,50380,61954,05942,52724,00071,35203,03450,21319,40807,52957,60412,48065,02052,16107,53595,49401,34706,52587,63828,34531,57804,02141,50190,63767,15467,26997,10710,39445,56042,28790,02788,18848,58862,39343,48220,25954,22432,59537,10304,36294,09261,55428,44086,61996,60209,14774,23521,61452,20505,51033,51095,58912,00035,02424,45268,56023,26287,41809,54123,13874,06810,48662,10961,34219,04943,23814,63863,13340,14960,36915,11642,45185,34079,47229,10397,01444,50210,00916,60921,42909,05534,21243,16318,43119,57496,29570,06380,65140,41414,44313,03016,27140,25785,55022,34568,12731,64361,63660,15708,03190,32398,20460,51300,54166,38235,38808,16394,31450,47070,39726,25167,46327,20450,03373,26908,06924,39527,21086,07920,41931,23752,39564,20798,11917,39838,03893,60768,10842,60949,32827,40030,47322,64294,61831,21735,34355,18975,29961,20376,30454,18840,14628,02890,61844,62777,32049,50599,32688,28918,51268,28012,15028,19230,42071,58160,25819,59360,19449,29295,52362,19635,10526,08460,23538,54202,15287,24923,07376,17919,20246,33206,18152,05121,17583,40461,00264,47900,13623,07880,22546,11950,25449,08969,36223,01522,37818,62392,62454,62094,26556,60063,20532,04371,14843,06821,37388,27310,31108,24731,20859,42160,01787,27651,23318,10147,53947,62704,36457,53458,26131,13933,08743,30825,58309,01878,03995,12425,34177,07232,13324,28622,06481,31179,58339,55363,60476,23230,19357,62753,11446,50483,15540,42483,48847,12054,21732,55617,18688,55175,45213,13811,52390,32309,18270,56089,45150,
22522,63136,16901,08721,62413,23047,45669,03543,05685,47398,06496,25260,39607,10949,47097,01272,44735,25040,00664,18283,37995,30151,38470,19461,40553,12669,29758,18515,10780,30684,12606,50565,09451,26130,18118,41473,17371,48824,09721,14159,39067,23716,25545,24324,10851,40413,23894,46359,38582,23311,54514,03982,38138,31982,04138,10011,17960,64384,65246,11258,19835,36035,59071,04698,00591,17765,54745,05720,61556,49212,64151,31156,07238,51922,55697,64772,16420,59957,52764,30550,02811,48273,27037,49392,30424,09105,20093,64250,19772,11936,04716,25109,33929,03799,59858,16529,31874,09573,16564,50626,62332,45821,31122,47140,47327,09416,20910,31302,42923,12440,12019,41509,03816,58881,21602,33420,38012,41165,34267,24301,60022,05317,53523,33310,58948,12883,15399,12258,14237,61494,32864,37749,32426,01554,58704,15066,64994,12940,61505,48123,42546,15314,54434,03081,62706,56869,11938,09434,28592,63105,41103,56640,36750,13334,22405,47951,47333,49241,26283,39635,11338,02018,53844,49283,19962,52566,26167,43232,32837,45861,24792,27691,12301,42962,06923,37866,33120,63195,07337,05951,60346,12379,55608,40597,19890,31528,41918,24855,27661,47632,06626,16639,63451,53902,07042,43203,24895,54414,50154,32107,00166,09842,56199,39053,55568,06119,34270,28292,37925,05881,54306,10115,48913,13627,18088,15219,05595,41293,37096,50870,20226,02084,51113,51512,03954,27383,05160,10819,52293,63276,20455,04168,63793,58040,32782,04032,51320,31634,36319,23059,13770,42468,10382,39678,55386,62483,06786,16569,46306,29856,62930,37010,57564,01195,24470,62341,
35956,15907,43994,10680,58095,18204,02668,61339,17252,46247,33891,00526,04226,14531,58041,24993,58368,20360,02817,12694,15523,29310,48043,05049,23427,57127,32225,61296,06543,43566,10204,33172,09746,58463,45100,00534,23670,48640,52284,55819,26804,58578,48344,46785,15395,28476,48275,65035,42592,41364,15383,37502,04524,31037,27459,60685,64378,04509,58537,52603,43636,27977,25249,63102,63625,05701,35946,03713,61171,54768,38207,22248,60126,34171,50003,11726,25535,08852,35846,24151,52417,52833,65519,42876,47711,02709,55594,29789,22894,04088,38954,50411,00277,16195,33238,40053,04913,52070,05918,34547,09147,47953,56759,31514,12268,65089,19248,14186,50903,25238,39765,14374,06244,27054,44186,27108,54876,61370,01512,16096,64339,18370,09769,20983,16487,36055,16081,35896,50655,08360,30940,27431,20968,12470,52924,55569,63354,10822,31946,32781,15733,07413,25502,41862,14802,02040,46569,43855,30252,45326,64270,50531,05808,23761,33489,65502,59340,49968,21145,35506,21204,10214,25702,39620,03497,56461,41575,41328,30575,50320,34448,03015,09699,60552,15916,17890,21842,41585,10549,13557,31783,15508,14389,62818,19536,65477,12799,59948,11484,06424,37892,64656,38366,59065,53075,53048,62504,07718,50213,54169,40871,31048,05242,64698,26392,60092,47666,28884,42566,60709,23561,22600,23421,02717,08277,43202,39634,17645,49218,60221,65297,29309,49179,03527,09588,16896,43806,65135,23248,41044,23830,55024,60875,55112,54909,06558,59569,03883,40303,23434,59571,53522,21731,34764,64685,52400,00176,00515,38513,36191,62675,45221,37301,44093,46431,24798,
41143,40714,29265,00452,28433,37830,12402,25115,09501,12320,19100,57943,19755,06216,07168,34925,10256,58088,64252,43890,33548,12115,01387,63530,61257,01924,45105,02339,00468,46275,05878,47363,63970,00930,04320,26762,48973,15885,51360,55365,38237,60693,33349,35252,32392,11575,50112,38633,28655,10896,43167,05027,20618,05400,62625,09603,26273,61227,54640,63632,42610,58063,54532,15172,27184,11383,05736,54259,11961,44621,56923,03206,52297,61618,43916,34338,21400,23512,01221,53334,21144,17209,23623,04080,12913,22596,00764,32718,58508,39660,39003,48018,50406,41122,06847,42609,31727,45049,06292,28295,23149,23724,54970,47344,16766,33285,10104,64401,16716,16963,54300,01807,63149,17362,33400,40074,42321,49675,13113,51952,28093,48263,15519,22298,30615,35149,55484,17895,35003,43939,32618,10285,48975,61295,35421,20188,42063,50979,43383,25148,26168,05667,07166,50796,03742,58789,23874,15216,40632,14764,43460,20538,52256,09797,36321,28631,09853,15713,50807,65273,63206,31819,65066,54566,36468,51520,03719,48888,14444,05075,07798,04500,40348,35694,58786,40266,37598,16791,50121,52599,60060,28285,51568,52205,02507,24263,57020,56220,07819,19068,42792,04096,05293,47901,53567,07086,62255,48493,00925,35585,65338,25591,33813,20776,50727,37415,07523,57125,39069,64383,25660,44024,31638,42747,05453,43864,36343,37968,07013,08051,03771,31512,57702,40032,40983,38676,29056,15491,59404,36442,17347,03574,37385,54737,05900,25926,53021,28128,22965,63694,33942,08914,40794,27643,41749,19464,27025,07752,00367,20633,54842,13107,08805,21648,43296,46622,
62615,40475,24509,50888,00714,07763,00971,52722,23057,15933,05079,51145,09493,59986,06231,37520,45654,18309,39280,61362,29244,60751,17050,13302,39735,48600,21377,06793,47698,49024,48809,52388,13319,50308,23825,64036,36409,09908,55207,13311,37615,46834,23766,17160,46504,22082,46532,19452,33869,59673,55883,13276,41042,47393,13769,27204,63138,63693,25443,25113,35259,36464,05277,26836,42816,45192,24751,53803,44159,49961,10346,10378,57816,26949,02908,57014,37375,41925,48803,41237,65148,09111,00989,65347,15880,46159,47850,15617,04099,22676,26332,39997,52192,12575,60971,24600,04221,22320,22591,07451,29219,36673,65482,56037,39657,30511,56195,00571,27831,19436,63452,35022,05568,55658,12294,27451,05885,64995,57163,56382,35355,59904,47922,51472,31998,56906,23056,56409,12088,19413,12845,56605,50036,26722,22200,38512,43186,52430,06716,16759,36781,08371,61530,63630,63306,49272,33831,43891,22748,63664,34431,59256,41162,33455,32216,03134,52016,18834,54920,07324,61181,55423,05796,04302,15364,24830,63017,59936,10492,33221,36227,28736,63603,34731,12826,50804,20479,28913,57093,09960,46618,22745,03197,44611,43463,47000,43057,64066,22638,26465,59835,61470,12355,40674,13003,44687,04082,36486,01280,34123,05173,42981,29393,26133,37654,43882,36248,63314,31651,18377,03463,48470,64347,64602,29039,10121,51202,10421,02879,41498,24955,07331,01775,56756,54692,48958,04004,18487,46233,50135,40211,45232,24461,26464,37673,52501,58703,64191,17330,22512,22695,39661,53977,14084,36667,30755,42542,48071,57212,12217,51355,01824,03975,20569,25893,34077,
45818,44264,44777,44644,25393,20410,11733,14909,55869,30790,07726,64778,40552,28809,61489,32185,47810,53391,32660,61220,26747,61836,41395,33889,27724,53349,00138,44787,34269,28988,18529,24541,27856,45240,45358,11619,00502,06709,10976,25548,35253,63148,50118,29318,12550,41728,44692,29154,48595,10086,53489,45653,41529,55760,13304,59155,32991,10269,39381,34719,03624,26230,12471,54429,16286,29791,03290,11062,63238,36845,16664,01576,16861,38114,64110,07895,14836,41889,12565,62422,12636,50851,63873,52222,12591,13129,08221,20918,24958,51399,13435,64809,01338,23747,01767,42362,05812,59812,60718,08685,45351,50828,47987,11664,60403,25627,14123,08594,54749,53260,16970,11027,49472,05795,38860,40089,45672,31858,29433,50272,01640,56453,42846,12884,54261,42534,07243,36612,13415,38097,35710,04291,26710,53328,22261,13728,27671,56877,05936,61130,65335,15414,15954,26765,33638,65333,19945,49570,13974,56847,50574,49740,08572,01139,11817,44366,16063,39135,36879,46060,47981,27311,21169,59772,40717,23375,13288,14900,08195,40868,65490,04458,48157,17468,63905,59080,12524,21527,09882,22588,64626,14760,40660,34035,03249,02427,13133,00656,08651,31666,60101,52590,13022,64029,37855,09877,30955,52526,15231,01871,21048,28320,04223,64619,24998,60555,08646,17079,04791,34868,26453,27919,20590,11369,29704,46803,08555,24303,29026,32064,24849,52597,52888,55187,16350,16912,58854,06771,48237,27384,23516,18284,60926,11033,52132,51315,55609,45995,32013,01989,38198,38783,04323,38505,21841,55590,04315,07933,46906,49001,28993,26456,28709,58739,38656,43643,
23565,49039,25010,47558,06254,10299,02222,30342,19470,47794,23094,19640,05987,40014,56478,65242,64299,46800,60717,17630,54167,52899,07568,31274,58086,62646,17738,05288,43527,25802,64553,08380,34665,17075,57550,45282,61250,14349,09984,34946,00836,41168,63601,35381,53431,37398,42936,19663,60716,58525,51574,42458,30770,34164,29464,12475,23599,42006,55431,06385,63972,28222,26643,40530,39570,08490,01521,30492,34217,46050,57312,26434,26635,05916,11057,55867,58829,58681,60158,10611,49099,40385,16094,16839,20747,26016,21972,25366,38553,28608,42313,05765,26971,09101,12409,06321,65315,55275,50637,13418,60152,45915,25392,37927,64400,60876,59959,13720,46209,52520,32512,59408,06335,36538,24839,27750,41837,39171,32579,42975,19338,19891,39621,05008,61485,43800,34935,11373,34325,35742,36561,47998,49057,25558,47858,20519,11224,40944,36152,04357,54104,50666,31349,62366,09326,22739,45617,49274,41757,46412,42686,17734,51758,04113,06860,07936,18162,33232,45028,48040,36778,24112,32932,10473,01984,46606,23438,57375,41470,48384,55663,27169,16637,24234,45514,19706,57094,06789,43037,28581,65378,59610,27200,01723,13147,32731,56575,20887,30711,57495,27824,16890,20075,31360,52711,36607,32268,41211,22741,12138,19925,25630,60440,15730,56772,55390,35553,51287,64502,43104,53630,32889,24909,46212,53436,32694,08436,64768,01662,37211,61134,58329,24130,31541,17770,53540,48452,42853,04635,61577,22618,12754,02728,12894,52835,06547,34268,53734,39393,43533,02998,32800,50894,39558,33093,30283,00795,09950,52975,50284,24865,25805,45700,15923,57827,31018,
28059,59221,51750,24174,28684,07859,18478,48372,02021,51489,00577,09560,58164,23811,26207,06095,32499,35821,29487,49141,13746,57972,27520,11777,11560,55733,21419,17909,43066,11646,32144,36048,29702,61645,17236,08993,03200,05426,25005,52874,16442,63523,48526,56925,44833,54792,35798,49324,22744,48175,20423,07045,60361,28937,42250,22058,14399,10552,31457,47959,44914,35010,29377,17210,28104,00617,53995,64163,35487,06801,53041,56226,38259,02360,24542,50780,39988,39197,03153,04310,21807,47424,63781,23602,45241,61884,41488,14016,17685,63010,41295,17856,32021,52485,42418,45083,19819,62628,48746,08670,39242,05575,04788,60644,12457,38359,47087,50372,65256,32135,26187,51216,11216,57566,61994,04431,47253,45029,42161,37459,02496,50763,18259,06805,53068,58807,07828,36887,53967,53258,11195,52184,58774,65235,11491,63416,10893,55889,12198,24635,05130,37626,56726,62683,03280,53186,45588,29991,04699,35420,57422,18360,38453,33126,03302,23015,53165,35568,38921,02023,30304,34091,62519,25852,04877,58842,51688,34741,03688,59032,02995,38596,49922,57261,30426,12844,27849,57066,44506,20730,19268,62692,25369,46812,51246,62672,03768,18511,64298,29885,52754,61359,43965,25355,01710,62172,45198,42457,58278,46335,64241,55343,42642,10617,01151,20408,20343,04144,11128,22452,12173,05313,25489,17797,53470,59732,39344,39943,38472,54550,05931,17888,24643,28930,35777,37528,55037,32711,51160,09050,07317,01237,46553,15346,14696,34440,18546,52125,49103,31226,44995,24067,19114,48086,57694,55353,63726,10172,49750,05625,54396,25205,07700,19443,28875,28138,
34798,56534,59416,01295,30709,26863,56700,35887,04105,02882,26755,64968,60561,52803,20643,62803,62636,13082,61472,02123,52786,32169,15517,21860,11047,05702,31582,45042,09608,23756,48404,62852,48706,15154,51867,40808,36111,52168,18603,09536,13897,59768,55795,42067,63357,13140,01866,48788,32665,47919,01955,22445,05058,22084,10389,17251,56125,32328,18178,29574,22447,10093,64522,22156,62278,25261,38408,11888,27567,11434,10103,28395,17969,52763,03185,48733,34583,58521,08338,44810,27233,58438,35600,16381,65119,34449,57770,02008,53308,00096,57427,09229,58768,08300,60651,45151,32181,15207,64900,25555,14132,27029,39910,54197,59393,19588,38831,33071,09800,36476,10432,46773,32936,17440,54774,64311,27324,10059,15883,46563,46290,05357,62914,53309,00529,50560,59617,21080,46513,55612,43845,51569,58700,46777,36107,25957,37002,20845,41513,61274,20419,03055,13313,57921,41990,23423,36671,00412,45515,61709,50891,65071,53026,23959,16157,12676,54709,01673,63435,20858,27269,59279,37644,40627,54098,51089,62014,21072,62855,22036,40638,61902,01073,12469,23275,30832,26618,45555,19445,51999,30944,28872,07875,02138,06272,54006,29209,29168,38243,21272,61528,02106,01113,28289,51869,12175,62506,38312,55810,26933,03473,50349,27133,26359,08423,40295,21428,50168,48417,14584,25104,03911,26719,63774,22947,23369,26438,13968,54092,20926,49679,41172,23939,20157,53122,19367,63220,09072,09110,54357,22964,64967,36601,36503,27823,16724,06602,23842,36500,34042,11584,33267,50966,25532,13281,22605,16514,13177,53547,33392,02706,53366,60062,15510,58324,37571,
57599,41169,51414,31127,53833,20872,26508,23515,49061,26470,12204,37279,56929,06208,06977,31826,13077,56086,61018,07430,56312,39896,64631,41276,29632,41442,27062,18052,47633,07064,14473,41084,62805,39944,17152,41484,32974,22223,16695,45926,64588,21101,25499,03165,56683,29921,22262,41539,56966,38519,32190,36025,19549,25164,53249,40508,41220,43739,14217,63968,07459,30393,19495,17108,32538,13454,37272,17093,46579,38042,59523,32401,54775,63380,15273,52307,65116,61326,15468,20752,14300,43391,55631,49504,42257,52464,13042,62056,60392,19625,26200,58683,55515,04521,42433,28454,15316,32851,32796,08876,15574,44011,27481,01930,34795,63326,18077,59210,29782,41709,02390,32036,59394,17367,23409,58723,43877,58211,51981,61045,56369,58860,62713,40166,07123,03078,48121,59552,36113,33104,52743,42449,15088,13589,43738,29214,59299,49883,04424,05606,06680,27028,00556,30821,50844,16256,03800,17444,40012,52065,55756,29536,01719,46471,23654,48464,18514,58409,25899,10463,64741,19454,63098,05122,22789,14708,30169,19831,02876,65457,58513,45524,12959,50177,57531,02358,23994,46905,26684,64085,05350,01230,33764,40092,35869,57795,37033,35071,30478,46068,11949,18070,23615,10918,11603,00216,21976,32549,24516,07509,59758,24388,27558,05730,41413,09719,51708,32546,06908,28097,22430,02677,42957,31255,51256,17845,25094,28032,16522,53914,04063,31096,57189,44384,60819,20817,04472,48441,08265,56388,40142,40208,12580,34370,54723,06073,34333,05452,03583,41521,58959,16612,51950,54292,17355,22843,53270,59069,26113,01745,53253,52519,24228,27400,60505,64611,
12074,14644,19123,41682,30641,27603,14244,08570,26444,06627,51944,59912,53040,37640,25212,21231,12800,37091,26334,17816,10107,34032,39323,55524,05002,49613,36445,62538,53223,44847,50508,14101,51670,16398,48313,09458,12866,31850,53494,29094,27067,59570,59366,36201,18419,46098,27279,05578,62530,21414,65191,63976,56660,12746,15312,07973,12051,53952,36587,54612,64729,63396,31394,36369,29294,53893,21392,11513,58448,47668,29498,13233,58017,04585,54741,43954,18551,15851,18403,41233,12919,48763,35763,19790,28365,60942,61990,57370,38896,29177,57962,34612,39756,20417,28595,48928,35212,07624,31980,31106,43633,35918,34804,05695,50492,02095,34072,63707,43900,20849,14633,06383,18701,61483,39466,14646,10666,57950,12078,07747,35942,02180,25846,59282,36392,61698,27417,37705,54067,62647,10196,25958,54520,01613,23527,62231,26239,26580,57345,40653,59129,40109,45290,43809,49045,56548,02066,14694,26025,57686,54155,54495,54348,16147,55333,50716,65004,61448,36518,54501,16507,63823,44689,09034,01831,49897,23684,43552,01920,51917,63352,12046,33711,16359,56126,42000,05084,33714,40654,49263,26173,06845,03770,23704,32680,23317,54664,45778,65321,44013,60486,17041,50079,25458,64530,32913,58503,40126,61759,54260,43761,60252,43169,11596,63259,46565,58284,33844,63457,20582,49629,64053,33134,34118,01234,31539,32887,29317,30852,25831,02314,37160,50236,40414,18130,51710,10809,21690,29106,62245,55192,28577,32010,60869,38225,32378,03503,36730,42260,29540,27932,57044,58622,01388,23381,17796,32675,01299,42165,42716,22199,40256,27857,41952,62746,31996,
39935,01886,31839,08648,15182,01023,21330,17625,52750,50342,27466,33896,13869,31930,55801,35243,37904,17258,30883,35723,40565,11277,44003,18327,17996,15382,62567,37819,21922,46508,01802,00564,62553,34378,63659,43747,57150,64371,05760,27561,20399,48229,12594,59333,33973,48661,31703,13066,02671,62790,53382,63087,22401,63562,61524,07104,44017,44568,65496,45378,21007,32217,04267,18086,14625,06066,63415,03717,31643,44816,31426,23603,58216,54595,48443,12203,34392,35042,06006,35997,00506,13539,00965,28845,27656,46500,56928,43928,34261,12374,04110,03991,59649,57314,02861,39061,46072,25468,26916,62469,21087,60940,43479,18330,18064,30013,17547,56757,52804,59868,60905,15297,25436,42694,54767,56558,26513,30660,33163,06745,39145,31608,29248,16870,49208,01010,65227,29538,00442,49435,09042,35519,02426,34235,11613,05966,61223,49009,09081,23881,28947,27803,61493,42655,47647,39290,39823,45530,61658,29032,48289,36067,29344,48130,25166,63749,32211,52475,38733,46157,06212,42177,22794,17938,32917,48155,02227,37885,39942,00232,42883,05935,13663,54403,37844,03942,62356,61307,60282,41485,45055,47487,31020,12484,24954,01325,42525,52671,34276,07777,12380,36576,43593,07809,11072,40298,54776,53592,34679,07612,30243,27463,04084,13352,63772,26658,27542,55619,08008,32903,11970,19441,57088,31432,19057,08412,01869,09182,11394,28467,05582,25074,48053,26398,13896,07021,52097,21236,02179,60106,22081,26906,03810,37326,56785,21438,19688,15879,04569,11611,44199,00699,13057,06689,14391,26296,52126,18658,37284,45798,36764,24149,28707,56207,12084,01584,
36984,50765,04415,20076,24285,65132,02234,50453,42837,12907,45380,46784,38306,57140,49043,37283,16272,05117,33339,56704,32062,07867,24730,59154,26918,07026,04209,64971,19999,41954,34928,52712,31978,22292,16238,32258,15929,54387,16954,64158,30271,15134,62158,08339,39429,40914,08892,45179,43289,33022,63595,42523,16505,09355,07310,41940,18623,32730,49083,46274,07145,10216,10379,23347,42913,40421,02192,64877,31602,52111,55398,60560,60086,33683,57845,54500,28509,59796,29611,05110,57460,02200,25671,04648,13809,16482,09995,54574,41763,03789,15988,04021,51304,46901,20119,07872,62080,15833,51576,62134,52894,02210,38777,23958,50732,41599,03464,19375,11309,62088,10289,39007,65261,44958,16826,45130,60614,46979,31855,48363,09061,60003,57773,40135,27554,19451,41296,37355,55884,52477,03253,04184,22071,39331,02901,24606,57806,21801,05682,50722,04178,23501,03270,63680,25111,22384,40878,18231,64425,62348,00633,22672,36166,48510,05826,46254,55355,17007,27872,31882,38856,06151,41288,09619,43178,27398,55852,61205,65359,55482,44500,17966,53515,42098,35141,12843,10580,05236,32142,64835,63779,01591,57197,23878,54490,05991,00605,51719,00963,54937,60872,44738,51140,22060,28474,23513,00365,04294,23609,13468,26281,64055,61137,46860,57067,08306,63084,60879,48395,18405,17608,15427,14673,38854,37423,52951,51684,14089,25097,18469,29650,31616,34306,47185,54543,22141,53113,08097,08250,43543,29684,48143,00128,06607,16125,02687,35013,15184,50897,62388,36624,17456,35611,14997,13208,26913,65141,54783,56329,52905,17223,49328,48104,17145,08796,43181,
07007,32369,44761,11515,34407,21482,24912,30623,05974,57451,43008,20770,37543,45925,54922,29348,48336,48361,23180,60019,06670,52005,52994,36044,27011,61549,51422,17308,28225,19401,33797,14152,18726,57633,15965,15203,62077,12810,55086,17255,45715,25537,56205,65330,18525,50846,33576,15790,51874,42901,02080,07334,13594,05000,11212,29859,33403,40164,01239,49462,02561,15682,02577,47656,28665,22247,60901,56854,19956,64512,59378,01559,36702,36941,40822,35338,34040,01568,38190,30576,10799,62016,05109,29491,11775,50922,38836,20081,03759,03597,18067,08902,29515,16942,28517,57210,23518,47799,18205,37523,19754,29628,01423,09093,35140,00927,29194,45364,16821,62977,05891,19296,31509,64306,39862,57269,47195,52507,58169,39167,32377,00082,65345,39653,42349,33928,45949,12937,31336,24254,19767,00114,53799,45612,12222,62874,13937,31161,50822,19065,25021,47503,02994,05359,23233,12543,43705,21804,15065,36931,63067,60506,28299,20272,57821,50108,36935,10058,08189,00276,13714,51584,49273,64244,33651,48401,43635,28341,12022,50838,47265,46143,28843,61002,11426,58834,60912,26294,57651,29869,05905,62301,54675,39962,50801,10658,58546,60877,04646,25705,11004,08094,53607,58665,60198,16570,37240,05360,55913,38473,29392,07849,54561,12219,43568,57339,65029,10641,50885,31451,23746,03321,16794,25728,05639,12536,01934,06962,00059,38660,56064,25490,35480,25636,06949,42311,25969,42291,34647,49958,55805,46623,44415,64922,19674,24062,24515,05237,60350,13240,51516,25487,13660,36866,25878,06930,62360,17932,03169,30958,14841,59662,62069,53560,02346,54254,
31673,14744,61726,08711,34783,52299,55656,47133,24739,32134,19920,44409,34097,35376,02501,18679,31604,26912,36244,12299,19989,45812,25807,13837,15043,03752,54900,41073,57790,51827,40147,38744,49481,23984,01329,52762,34247,53969,47373,33063,40351,56593,37621,26384,34773,28793,10258,29497,41166,20012,19278,20789,15705,27741,40451,39116,03416,00775,23982,37662,15889,22878,36997,52556,29517,05491,17945,34968,62104,26954,37325,46094,52386,61608,47127,17775,12265,15418,60291,49464,13558,29340,25843,59461,23403,50472,14019,34458,38717,34540,03767,38739,23911,48926,28243,50509,42678,21775,64081,55439,59053,57415,16426,38487,23697,20529,43334,47151,19689,57155,14199,33842,38395,55579,17037,34356,41712,27605,11827,37683,07027,18289,31054,38994,50169,52857,17193,31635,21215,22724,64310,46926,46126,18781,29088,63742,06127,01277,59254,08123,12419,15178,46831,09653,59237,37796,54233,27635,38754,34065,14222,30244,05505,37040,44512,29021,30506,36851,29122,37963,15112,47188,52883,59619,27588,39151,01819,13118,22956,25572,42332,36158,25716,54217,64430,34018,60984,16038,37431,03921,38377,24058,37595,55318,34023,37526,17563,09397,13795,20459,60400,43288,23474,06942,22998,20639,27332,43415,04805,61075,55845,55346,07605,49022,19333,42137,55862,52713,58716,60297,41734,44255,64949,55992,64420,53288,64609,21348,17071,29578,63180,26666,19190,05546,59261,14795,32116,01535,01996,29725,53189,51725,36170,36706,65525,28494,50456,50698,43600,51540,26621,37792,36501,37139,26070,01288,47293,46248,01772,39629,15236,64996,41382,15456,14012,56680,
30906,36585,08054,20209,46393,35012,54950,25204,37198,25091,03528,11773,52002,33192,15827,35089,24128,38425,58753,01838,29151,07283,21834,65327,42673,16316,57774,32930,21093,34264,17424,08274,27569,41202,07701,65508,13174,37395,45762,41064,37941,41039,11018,34075,07902,49836,28749,43254,54150,54780,02872,64447,09675,45424,36205,50860,48398,16414,08010,13803,04322,63099,25268,16047,52617,27517,60719,53961,21776,60897,62409,40287,50290,36626,55572,02384,39019,24369,43798,13682,58899,09430,07732,04300,02064,33786,02053,63048,18576,34304,54308,58972,06936,39243,03601,04770,45894,45822,15562,57489,18776,44489,46385,06299,35515,49079,03833,40796,64049,31353,31904,21559,01146,02004,51440,38122,29015,63459,53284,50301,07336,60638,20539,34248,06187,31022,41538,55955,06142,57626,35691,61596,50887,07588,38609,29480,15911,30571,21823,08382,39258,27271,04182,30496,46656,19605,44612,31284,33368,18448,14839,28390,42941,64271,45131,60698,56280,22772,24941,02552,15740,63363,26148,08200,49221,18430,20223,03222,47956,28983,10369,04927,28768,50942,07469,07487,29968,03707,37966,20731,38228,53763,60168,46843,05175,64513,35663,31231,57999,48039,22492,01202,10322,05627,24908,02408,07533,41536,46748,09809,14145,14604,13051,58089,20681,33619,52076,40938,61936,65196,56462,15496,13331,58233,43375,60248,05266,29477,54547,63932,61822,02937,10803,27556,06302,33563,48421,24534,48454,30473,64104,03909,13695,56554,42887,63152,36386,08658,44712,48863,53200,18734,12642,30569,37522,64825,12336,06043,49004,58761,22433,14568,45918,35685,38341,00612,
15723,24370,52236,20379,46012,62577,50686,05107,34432,54127,28792,40537,10895,16201,46034,26986,60080,02453,60664,48349,11746,33321,46481,03999,22685,02190,06864,36674,27736,46234,37402,38332,05717,11364,20944,14697,40479,23665,43403,46745,16940,24395,12431,25146,22840,48461,50305,61536,52943,13581,09277,07646,64504,35967,39076,47574,55661,20038,28643,43967,01909,21911,63756,17573,14749,10709,03983,49710,26837,14087,14220,65158,22429,65350,16992,05224,37753,42795,55297,41433,43818,47778,57666,56693,31781,48677,03869,52585,02283,31957,44440,25990,20396,20808,02133,03664,35847,44929,05741,18472,16706,60469,05830,24104,28952,38919,32918,09727,30599,42253,08028,42248,09443,43725,01611,14427,45508,19157,59723,58610,53343,23009,24561,26583,29966,32214,03978,31907,03581,59842,00041,55245,48087,12199,04344,56518,05802,21453,56224,43158,53213,38424,17629,59561,54648,60371,02199,45203,62184,33352,24925,06492,41914,49871,61840,41991,61633,63690,08845,04143,19456,00766,55221,51741,47357,48082,05897,38650,17561,07177,21005,49660,41527,58961,64419,01364,26757,21484,42414,30099,02265,23199,58196,53504,18564,48820,03898,22145,05368,19028,14612,51592,26423,20607,37938,30546,13507,55752,62723,12783,17686,60748,58735,53225,14804,00354,62058,57598,59504,04395,50252,50570,46114,10837,05803,14212,23523,03441,04669,02041,18928,36030,44573,34965,61522,52435,31538,29163,54728,22020,36372,14363,60298,04823,29313,06610,33082,33538,64960,27692,51429,01347,34681,22483,33640,25667,01707,21227,19594,61827,07493,41852,61467,53256,45406,20227,
54063,39089,12083,17254,30019,53295,49391,20977,31045,23612,19895,49350,46854,61517,20136,54761,24785,26634,25952,40157,22563,61215,06040,29713,46594,49940,18488,32861,30973,46887,58563,37059,01561,03824,10817,33994,28462,58091,26712,12900,07983,12973,10316,15217,14309,30997,52015,50333,03964,09802,52118,14174,45519,31228,54380,09595,42119,29125,47396,58347,56750,58571,61088,49139,30186,29183,18093,24232,47122,53994,10862,13689,28673,47565,17529,61899,61207,22581,42579,54569,08620,56612,13641,51471,22491,28579,54000,11605,23841,16048,52677,36690,06646,09973,21888,02446,46417,16620,17430,31746,43494,43266,26820,14375,52313,48612,10674,01003,21314,23175,63013,08443,30826,17192,57751,06502,52206,56106,13941,52733,64917,11173,06186,46969,27685,46746,34066,27923,05746,41082,54158,11719,02970,40440,33027,11012,62143,01884,05551,64803,43615,64367,26826,42043,47709,39330,43223,02698,40054,45824,62939,12551,63156,54187,60839,45610,34695,05176,42307,37417,15110,42561,21273,00886,59293,04234,10065,11778,35363,49833,49249,02485,41235,32330,56401,13564,30846,52345,61197,33779,63807,40365,48881,28491,42786,03182,25988,22465,50081,63597,18429,29495,62656,53913,63291,61778,25518,46493,21230,64546,19684,17479,22259,51025,29290,29073,17262,06221,15524,61787,33336,63240,50619,07056,55718,53880,51735,53422,34141,22769,45744,58598,12920,39524,17296,27468,12435,57279,32170,51478,57679,36842,13834,33761,16627,15279,29042,59385,33699,07757,03863,19614,50257,35358,39048,47607,41699,07705,13152,48627,26055,59853,63163,08456,01602,46510,
20997,46482,56264,06011,58731,61206,60526,00841,60743,47472,47426,07918,13925,11169,34374,31913,41702,03025,25001,17819,33463,59310,52954,04694,58554,01069,19161,19563,51219,02245,63043,00516,12651,43888,17056,38906,11638,15367,35804,65475,36053,35980,08529,22175,27190,29224,54249,06728,33249,02015,09885,57591,18445,48427,41315,10254,46318,45498,29447,33199,35563,52700,52629,16743,09366,26956,12371,17882,49547,43840,41422,45950,60627,31873,32573,01915,30963,62600,50829,61871,25935,36584,31863,38441,58022,07058,32383,27504,43481,39160,29195,58060,58728,20322,05530,38601,37007,35665,00005,02905,17510,50429,31175,65160,13812,62555,27294,29502,63715,30138,52578,27084,00830,41713,46567,38747,35477,55094,42219,03445,46522,45454,54681,43491,16351,04288,06195,65328,42793,13575,17289,29167,62794,35066,43721,37100,17058,06407,39695,05504,01374,07366,53544,63584,37858,28262,40725,61314,53413,37028,21698,16948,15447,29116,44550,06322,42197,44436,18450,35995,04630,13413,20390,20152,36771,32722,38595,06703,53971,21081,21439,46548,11707,06871,02225,26189,62748,40420,27163,30320,04109,25333,34963,50868,20994,56273,15507,38257,41385,61335,01355,52131,46577,52573,51017,12292,56368,29285,58122,21910,29706,24360,15693,15292,27209,55675,13703,45162,15886,06474,33077,32168,36682,63825,02808,17187,38910,34152,22641,00046,45370,46923,41263,30180,18671,05235,65269,01655,51890,59143,50746,25554,63478,25461,60852,25128,11070,30556,34595,44605,32363,41434,53981,26686,53789,53461,52558,11519,59145,34010,60759,40307,17470,31032,25234,18028,
42992,00426,30689,46309,61482,22989,24485,14845,52586,28431,20301,30152,46751,24061,61550,39784,56168,51392,52873,19182,35960,39931,04399,11666,59651,53959,00615,53242,56094,29957,24832,11576,04104,11280,64705,14425,26115,25574,03606,21933,25218,43960,41398,23827,07445,58675,02380,59652,29254,07248,02513,62084,02386,35929,59273,61238,32461,34201,15576,15774,10743,05925,50319,14812,25480,57945,36540,62902,27698,53412,32826,58307,20819,10218,33284,47123,11076,14179,23195,43996,62954,21751,52947,32644,52945,64003,51428,45264,58292,21128,59312,60904,11840,29562,17951,31298,53666,46406,40760,18933,40875,54956,41088,42530,30572,13432,65172,25903,36752,13648,23439,24872,10487,38534,25622,65535,63483,14362,10213,61124,21114,12777,25030,37186,47973,27263,51992,33342,44470,32117,05671,22017,03545,30263,13733,22701,09259,53206,29987,46697,58721,32121,01524,58006,30869,39264,53163,26179,30437,17141,55639,38438,08392,31757,49229,11819,42539,58102,46948,03050,28221,27754,15051,35135,19139,55054,02749,53046,48285,20142,09460,23735,13210,33269,22655,51038,21283,45576,05188,15968,28777,50175,28704,39637,30123,27382,19042,45433,50298,51654,46460,09791,30729,53739,23336,25521,07228,34525,48999,01952,15136,14406,52783,50186,26073,46914,59044,19432,32447,50935,40247,07270,60947,14663,51962,32105,19859,60979,02888,10359,65215,19236,55200,09046,01863,01684,15030,46897,59367,57580,45469,35177,59876,40958,03519,03803,00548,40795,12836,06087,02020,50683,50322,33770,22330,47449,32999,63986,60490,13231,51902,21746,64654,06661,02139,11682,
42974,42555,16742,40356,54028,12509,07597,56796,15158,59197,37249,08435,00788,59663,49046,28941,65069,04174,54972,00933,57967,51107,47649,55432,07221,31906,16060,55683,47803,42287,41053,21978,06852,41086,27266,08624,31890,18580,52026,33419,51721,06052,53012,48976,12081,58260,26750,25594,00089,52413,15893,37690,06833,39767,27041,39796,06885,07319,41419,08923,03852,01155,04849,25887,31299,53311,41778,19284,04768,31101,18859,09470,05686,02571,46933,55851,43726,15438,27007,54345,02933,31856,07371,40169,20551,44909,30024,64284,10467,28407,54369,24437,01777,02793,05524,59068,58987,14724,50225,05873,46653,52896,53473,26206,14424,12635,51675,62737,06975,08806,25172,55157,58940,23181,02193,43242,16873,36388,22301,15103,61931,29237,59161,15772,55145,28393,62302,48324,55417,28741,62309,08022,31027,49468,32281,64313,35038,29808,21002,64702,20222,54130,35736,43287,02754,46154,01499,19966,07532,31158,06464,02464,15815,39162,56184,56328,06364,24273,37263,22802,38461,43389,42305,35269,58646,57199,56261,16410,39248,17245,55586,57300,11762,03128,63814,64757,61288,12226,33162,04374,40813,28061,05566,48114,04348,59195,33872,61036,61125,16874,49123,19479,50399,10001,38288,37781,54927,31147,37102,32411,12006,08450,61932,30705,03877,48581,02680,38737,17475,23169,22922,45426,38916,09438,52544,04581,58880,20268,13501,11104,59039,27259,23262,21010,39793,15502,17383,20098,12170,24406,53809,34150,48300,48899,03171,00821,19877,02976,08652,53261,01488,27446,11641,25236,28424,62524,42070,43924,16099,25795,11152,57808,37888,44377,41429,29659,
34390,06298,28512,12733,23577,09639,32137,59373,02693,11132,29391,06111,56560,24842,17762,55841,07102,39317,03006,60112,64195,03403,55222,62605,50558,47605,26854,45506,05954,27187,14323,51195,57047,19131,28927,58431,38240,14499,50623,45472,50255,48850,22513,31767,42489,19391,64973,44454,26012,18149,20265,59719,33013,59880,12076,16257,63062,52017,61282,54739,58205,45698,29717,06767,43321,28634,06844,63170,39814,23236,07639,62407,26593,56253,46720,45751,05432,33789,28548,56096,28960,54985,60813,59725,36431,10634,40410,61774,30087,39483,54085,33402,54632,15125,45253,39881,64392,01349,53426,24827,45022,24711,42882,25273,63934,39974,20221,38329,60789,58738,17538,23142,43032,01764,37562,47788,49291,59667,52348,53464,34181,50157,64701,28942,26149,04796,19311,45895,06851,60461,27945,42154,48599,56463,59362,18305,26310,03354,42689,37090,10314,29907,08333,28159,29646,10459,02853,49696,54392,23963,40136,47248,54297,54189,59316,18924,48978,01803,05270,64099,22419,63145,03795,33551,31557,07947,42068,13843,10623,43449,13212,48126,14340,63270,61847,01856,54713,43834,25505,63890,20108,62811,24550,53036,14070,14196,48774,35801,40886,42954,17711,40436,46778,62845,26063,32931,40339,26137,36119,08945,25099,24436,01872,00393,50812,49645,58457,31495,11209,54990,61122,48658,05739,06513,17683,35915,33185,41242,50217,40138,43741,07323,12970,24153,26312,45481,50533,18992,09518,17949,12420,41226,28649,53340,05565,62574,38895,01526,33967,42619,01482,46679,32590,40912,15256,26528,60840,19326,15290,46137,48222,27317,18753,30284,62234,25036,
35390,58859,55018,64816,57812,02497,63992,30400,47818,46783,23837,55052,37043,09873,28822,64296,16682,10863,55108,01753,34193,45319,07128,48348,01180,17810,15938,34162,06012,56206,31044,20938,12269,39619,40428,43400,00677,50008,25821,43132,02973,51267,18368,63215,36469,08820,55276,44589,60772,56577,24170,34488,31838,52907,61017,28606,57233,50578,03686,05112,27221,15906,21977,11112,41031,23861,12512,46425,43549,03351,56926,14767,55060,25257,21663,05572,42494,16816,09893,48821,38613,12179,17925,44254,08654,41804,23346,58112,52457,38756,63666,55483,38265,21130,05205,49912,34528,23495,14738,16387,40854,25046,37954,55131,26065,45140,56897,08173,54321,25320,23901,04643,12441,15817,54712,23651,07281,42912,60857,16707,03210,22754,01943,65190,25740,04872,21364,34801,39111,23778,49358,02434,19870,52570,62539,23530,47620,13587,56827,07845,27139,09475,55759,23107,30470,41219,45154,24092,08535,30091,53932,43778,45102,54005,40791,15074,04686,39386,54448,47233,49055,35018,62156,34974,55731,48457,28496,18770,04173,31197,01798,14550,35385,07617,21157,64162,09329,00460,38566,02868,02416,06173,44971,52046,61323,02243,38426,58328,58314,04996,02893,06735,20359,09738,03012,01839,00593,47099,34233,30784,37919,15600,59800,37550,37362,43510,63827,21384,35836,46301,02557,13084,45569,46920,44381,31681,14368,15993,41049,32862,58849,59115,22759,62545,37593,31257,46978,31809,05448,19438,34864,49052,14435,47779,00171,01635,41780,40377,00007,37336,05670,22181,38790,01993,08607,01350,07715,09461,08397,50710,12881,42871,64427,55188,24837,13211,
10619,13940,47843,50667,37790,65405,01289,50426,05893,38608,20927,45205,02096,43970,26236,14560,42831,54995,57833,01192,19115,58996,10898,19497,21950,52264,03639,10763,21884,33253,13901,57144,50230,01991,37125,02271,19408,62086,40145,51525,57721,38331,12367,60707,52808,03471,28017,08474,56922,44455,03694,13944,38357,57142,48486,44211,50072,36263,40462,48393,49647,64051,06007,15657,26736,14068,41312,09418,30768,10385,14364,20369,07810,26775,30789,07686,51899,48940,60500,63381,49747,26057,22174,25734,60666,65250,43870,07508,15080,54889,31745,44182,45775,38305,39867,38620,14669,52234,51782,46004,16548,25478,54412,10096,53808,13586,60008,57815,59356,54720,51335,15257,06551,06267,40431,33570,62868,16202,23645,12766,43869,41959,02813,31061,60670,31112,51547,23873,00457,11237,64175,25945,23085,49473,41787,39899,38604,29745,34932,17300,22179,63866,41577,09427,59727,47335,15695,47716,09377,30256,17320,02892,60465,09304,62064,23251,47826,43930,46677,34368,15881,36367,40177,38563,11422,53387,04740,18703,03679,04448,01603,36744,11328,61620,43904,47274,19509,37069,41119,42866,32338,05011,37378,46570,48590,08212,13526,50494,53703,59517,02863,10080,25425,49030,03577,56532,46237,44791,28174,24097,26421,57539,52971,27068,19953,28489,03797,20510,62002,13929,57723,12082,04089,07585,61246,02474,62419,62938,02874,42399,56734,48583,17450,26874,38791,02543,58791,23517,38559,07596,58487,40071,36763,00964,27931,14259,31881,04264,00694,56479,29978,06305,34031,45098,07767,52828,37292,23829,39575,12757,32725,09207,04964,53953,08569,62293,
29586,61372,39282,33933,11443,45004,29539,14897,30753,54418,24066,37635,50975,56315,46652,29257,39095,63493,41564,03173,40681,52291,07418,34244,48422,35677,60058,05435,41531,54425,13596,39443,61025,22541,44635,50659,17134,31889,50576,05668,45216,16929,44445,53613,02383,46954,32513,20500,02116,09537,55554,08632,60855,28519,50525,08242,35593,24503,32458,35831,42720,43932,28146,16192,23446,07389,54812,61387,48383,58165,09435,13652,07602,48425,05706,00888,42081,42950,15420,43432,39696,62114,15320,03819,60025,39325,52183,02776,15132,17246,39984,37410,33373,39589,21756,49931,28023,34120,50187,64804,06435,35124,08794,50024,56530,29734,40713,60893,58135,62043,02517,17105,63647,64740,36769,08226,37004,31502,18285,17505,18626,60635,13891,46682,58676,09691,13962,40663,34675,03871,60493,24806,43189,63340,61513,50345,21858,14750,31940,48451,59665,47056,07369,25920,42214,29680,06928,08904,18773,53691,10098,04584,06182,25464,28261,24057,58870,13184,34891,54706,39909,49543,00344,20541,54024,21815,14085,52535,22190,10288,32922,44640,14284,58966,44934,48161,32811,56945,59981,20987,35794,51385,12423,25322,55465,58533,64449,49875,25523,51513,60385,18181,37143,24217,48051,03145,03048,24212,44305,60832,37797,24044,64214,46152,43553,50486,43839,06986,03360,61411,47754,23626,63514,31063,38798,29381,13719,51589,27148,17689,15720,63858,17420,55212,54218,35290,45943,31823,35023,50689,50769,27525,20753,57637,42054,49406,10693,21465,60503,03022,60285,52546,61914,44173,31354,54752,24977,15106,42379,39750,01333,49756,22241,09158,02100,48152,
58214,15264,16292,39849,63519,19880,40228,30217,58055,28862,14115,39596,44337,34145,41883,02224,06452,51514,52521,39820,50513,21540,18974,16345,55401,11976,48846,59480,31619,06721,64988,62474,55039,23170,49602,29944,21029,47986,41361,24521,43833,09001,30509,21967,07517,53762,62351,65060,03101,03548,31871,56230,29587,24091,23568,20713,20685,29946,19937,58077,60418,29980,30131,59531,29988,50343,60883,03949,03985,01481,50673,36365,15031,20744,29876,02711,29029,03932,58258,41830,25609,46621,11017,40359,55687,49398,10777,29426,58039,44277,13547,53558,47092,00738,10528,06809,36322,00469,59218,13662,59877,18441,38827,17493,61718,07627,42439,35150,14581,58752,08661,29960,06236,07652,20839,60804,30326,02022,20241,33615,44138,04979,12674,33097,15326,10302,64283,51443,60031,22788,06994,55293,60782,53428,33159,33901,38514,55089,53884,39335,46341,31760,57699,34499,62276,28212,20307,44731,11644,29902,44867,06273,09344,32752,05395,27892,55254,43309,09589,31375,48449,09605,25633,04923,40033,08050,16170,29050,63746,48209,01252,63288,36415,18654,07938,56188,24423,00627,42560,11186,19407,49403,57604,61654,18902,24553,21285,24240,16232,28087,23511,23069,44207,27167,49211,20697,33804,27410,01419,36950,43838,34716,28683,01622,57068,21490,38931,58510,28005,50077,35118,07455,30939,22725,45993,19694,39427,22795,34753,35857,25894,53853,41002,16185,52523,59495,57928,23648,37639,35744,23605,47124,39295,04281,55354,52427,27611,54129,50512,15164,28711,30077,10183,15981,37328,48147,29582,61302,41477,19693,08125,33930,44029,14488,12886,37496,
54676,27345,43280,25644,14659,39900,46678,27149,01362,41381,38935,25756,42838,39981,14741,44559,02919,56236,06384,59063,43377,10941,39718,13819,61846,39617,18941,48875,19242,53359,20371,23171,29624,20528,63387,23900,50908,47447,19505,38524,40864,23685,63525,39224,23928,17736,54288,55023,58203,27254,55043,22815,57973,60809,44088,09379,19892,00757,10610,60540,23498,20698,59744,18372,49657,48391,02312,40155,61394,17639,23863,42976,14285,44133,29580,47857,27673,45942,13895,56941,40255,41386,63405,12312,58019,28272,11060,44952,38475,01842,56508,19643,13760,42159,07181,57138,18980,65124,07172,44389,02632,18173,39832,17392,64944,33630,01303,63188,24919,39493,38821,58962,14307,63045,20260,52684,03156,27452,37773,62416,05430,28578,33559,27015,63526,64686,59968,04394,28728,34002,49815,60231,04732,51503,01229,02701,34866,14595,01194,33508,13793,45518,25350,07583,63650,38543,03910,62271,37437,27836,06291,40276,33065,62124,42521,35950,24760,47689,49801,22407,56813,25606,21873,04889,52469,55316,10165,60435,03299,02259,61809,64876,60618,50477,19396,55217,34659,19660,19082,38364,57800,57988,05306,26295,65108,05758,26219,54799,45309,63119,53542,25287,65474,57824,43848,28694,36222,32024,21865,60485,46659,44270,01935,27013,37288,15034,62828,40257,33210,45443,01544,51631,31693,31019,39327,61164,61820,60697,33865,35211,15177,09621,01505,37641,46464,13757,19602,41958,22494,11964,34115,35539,51967,08729,48230,49832,25332,39028,57321,24559,37078,37299,42293,51233,35964,61463,60146,33705,10808,17972,30003,02830,55300,20951,18906,34883,
59162,58879,46186,10198,27887,22119,56633,37769,46216,20215,08098,33983,51418,09683,61793,09556,19386,04956,46017,49235,59011,36286,51175,64481,51762,58877,02438,61217,21174,30682,01994,31403,44638,37097,05507,59587,19560,12206,58043,43529,15348,47423,45328,44826,18643,39846,53384,17578,24077,59520,09114,48713,11830,52795,01601,42351,54730,25090,35004,19192,25506,09728,42431,25718,10014,62049,31324,18039,59207,21752,36290,50404,46018,17682,39990,54626,07271,09786,34878,60853,38960,36516,58469,24310,09162,64936,24885,43541,25709,18954,13956,44417,17706,37607,39027,37305,07860,22990,62955,03480,32255,52562,44015,40761,42608,20778,64144,46941,61249,29848,33817,54018,64542,32521,27488,20665,18340,62859,10337,44040,54760,36226,07033,38285,58582,12464,06687,53281,20336,57671,23287,49753,22237,61330,27018,13372,55689,18952,06519,61905,01138,02385,47961,38638,01746,28599,62019,55160,38300,03673,42822,13441,17183,50833,49200,06210,10690,25739,59903,03164,45254,62588,39872,46338,45212,30983,64805,65329,20178,16820,59346,52220,60591,62488,12102,03047,41201,51621,14623,38715,29813,55450,36548,61153,58784,49507,34711,09291,58254,25137,59893,30853,14351,62760,61172,52375,41908,41196,26072,37582,62563,11344,44111,41444,32493,26244,27261,26991,36303,13969,24117,01036,47720,31865,03313,60225,33404,05068,46639,36172,38701,02786,51480,08995,11683,50204,52856,51906,08742,12278,30644,35618,37588,10875,02399,35835,17974,60235,43396,58116,57696,24055,20547,45970,50158,50682,35642,63402,50939,49849,28028,61819,32348,05351,23051,56017,
02107,57683,41468,23080,61091,32019,21251,64847,27166,19579,60457,49493,22350,35227,59745,57712,43715,48078,03934,06612,00322,09193,07908,36913,00576,42020,29485,21889,19852,36069,25488,18754,10538,49887,05965,30708,52744,39845,48061,59318,42062,47885,00238,13271,10891,59500,41495,49471,29472,26109,23867,45026,09949,27430,56428,50274,03300,21570,56519,19259,51672,02551,05057,51854,54892,09431,06431,40743,10373,57558,56016,43488,53680,00920,41811,60957,17301,20760,00486,58365,27649,12209,55495,20416,11037,14973,48805,62714,62797,59653,52414,57362,20006,27335,36307,31282,01867,59780,21965,49788,47006,19314,01567,50002,08411,11785,50789,30937,25584,17471,15140,14856,43902,24426,53193,37693,11083,29592,17983,09320,14241,35378,05827,09191,52151,33900,45043,57689,61656,61965,42737,05119,41598,51298,23099,05340,08387,33227,05584,10541,42397,10485,20971,18361,51729,54191,16254,56488,17887,45660,57521,09356,34403,23335,39010,38074,08979,50713,43699,34655,09257,64679,40373,40968,24052,39712,38750,61373,53003,55035,20013,14146,53182,26827,20138,03192,65209,24928,08697,39654,35683,13328,47141,33020,53599,61479,24898,52992,58181,54001,14051,20110,12616,12700,15661,00794,50688,08893,17483,49459,52672,39200,28313,58593,53651,18881,41408,46690,33381,37384,37508,13871,00731,02725,21902,56296,26229,08170,38315,19303,63733,65206,04101,59421,21878,27663,47497,58707,37262,58344,32908,04733,58250,41256,02588,51252,51887,14175,51261,45473,48543,36401,45086,03882,06245,40454,23208,20857,36140,31521,56595,29685,35747,05352,30143,02270,
26400,56985,51253,26439,61322,11279,33275,27174,14783,00300,18024,26156,30017,34759,58199,11447,17748,54419,09898,10718,11367,05763,06585,05932,26742,03379,09250,08997,18641,34664,09047,57469,18947,54575,63113,60704,14912,30214,42138,06764,39777,40966,61252,06122,08943,44018,29915,22336,11331,38109,06586,06993,52990,24268,38605,59443,04855,62838,60990,51291,64185,01699,16278,46870,10570,18523,15441,20668,41947,37585,24251,36677,24946,05073,37296,21344,49331,60179,39960,56373,17342,28319,48570,55340,41320,43709,10544,14392,15756,42326,37323,45635,07277,34481,30159,16474,40677,15570,38880,47674,51945,13005,64791,04418,39785,30730,65362,59223,29129,15795,13479,31190,37953,38267,38500,51723,55359,16464,23712,61192,64670,36416,14695,49964,29844,30871,03867,02568,11973,54385,22986,53714,44978,00168,20353,21506,23201,30460,00395,24652,14847,25685,55181,65171,05818,33984,07780,03316,46675,50502,58482,21415,11105,11614,64357,24274,42847,12181,25823,41373,17848,51073,18041,43477,63844,38471,35059,09896,57784,26285,47375,37214,15925,50128,26474,34318,41501,17757,51946,25884,42037,14476,52459,54657,37200,06332,04024,59974,18655,21710,17399,20715,00342,32433,28470,29240,59890,20657,06045,51764,20162,34780,03720,64901,46586,02301,10678,07315,34816,42829,63198,32849,16006,12072,51718,24626,32916,34149,31770,08336,40528,29041,02113,32240,41425,11670,47114,64097,44069,15313,33116,21517,04457,19845,55553,42770,47874,12820,04997,63765,48781,11745,02299,43331,57991,63948,07014,24162,18332,56580,61643,02247,61935,40797,23763,51630,
31610,19648,25882,25767,21779,60509,47163,59200,56762,31625,19233,43457,39555,46757,23029,42944,49842,35051,56270,47570,12448,11242,18060,55836,36947,34663,13758,14330,25281,13777,12923,45292,24956,08637,00000,57555,58818,14114,58428,58372,34188,37537,12807,27179,26188,11477,59070,43971,47360,40386,54072,02070,49303,10186,44940,10974,22275,17474,07994,58236,12961,51900,39578,14394,33338,59738,36262,33826,14609,24481,57099,03634,52182,27689,64428,38891,64491,25152,07383,16645,17207,35396,12376,28700,31751,18031,20828,48678,01071,58180,35633,29883,03857,54641,07015,43103,13608,10163,08266,29757,46315,24352,52582,50996,03107,61126,58467,26749,23945,42761,13266,35870,09532,56376,31171,44060,54852,56344,07706,14914,52920,20640,05547,24042,58769,63768,43361,49726,31195,01801,19568,33225,03166,17219,06979,52483,15641,17544,47612,07142,10035,50707,38984,39640,39449,12649,48499,30163,19539,47837,10548,11117,39958,54567,38564,44041,59319,39948,29238,59814,03356,19450,33608,41121,13605,24575,56730,58206,21140,02136,24354,18179,41410,57342,44431,00715,35963,63317,47016,04816,01144,39383,48148,56219,59215,16366,57348,11824,12877,29785,22283,19784,03093,18565,15218,17696,64940,13363,12544,09905,29674,16736,62490,65392,04903,56192,43676,15062,09856,27837,63681,12455,57214,32616,04405,26213,14928,36250,23520,08958,26475,29158,57584,12558,03142,45668,50452,18315,05127,33781,42509,53439,33038,63209,50150,13685,44226,64658,50756,38024,52789,38281,15363,08953,22517,59018,58061,50315,07642,38202,12630,13520,32084,03652,03385,01809,
61082,48509,05834,01436,53390,47297,20527,28824,16689,07167,50097,04059,58149,21519,51519,33257,60634,38393,54807,53662,16733,02987,59178,36282,13975,54613,24884,42721,35349,21466,00648,56829,27448,06197,42045,27314,58140,26220,37113,56262,35388,27905,46723,49029,37809,38322,33655,26411,57249,59607,29230,44994,14215,54224,51222,38178,62964,10515,57735,57505,20020,05779,60530,34730,25997,17600,52295,48135,49563,45763,51983,01969,64450,37540,50795,19664,36231,01106,27284,29949,57980,65395,20451,26766,30589,05420,49874,06074,00519,25105,37825,53180,21953,52967,21672,59515,41092,25008,64519,23539,44913,42622,30960,51294,08346,04720,03223,43974,02483,33079,22633,49784,24450,48701,58145,42262,62642,03946,55662,64183,45072,11803,02110,36746,43355,20515,02669,24859,56327,37044,29728,47880,30941,09886,30076,56359,40967,41113,08511,45991,02075,17785,20488,20087,30173,07984,40361,02174,55811,20680,14137,04484,07988,49586,31237,32766,12104,63643,22585,36133,04425,06742,46132,54935,46404,32958,41775,59999,64117,53085,51036,29898,45101,35638,37483,34652,62055,41152,50435,21762,08557,43154,57592,01697,12012,32319,39904,05185,09635,59773,28297,06228,55729,39697,06796,31661,01248,11812,55917,48555,37403,07692,35874,41289,56948,23312,02856,62726,42698,03705,28724,00489,10105,12063,28187,31698,16531,49573,12922,31534,47616,48506,08692,10660,23532,41023,42652,49266,00541,45295,55103,06284,62598,24992,17912,48856,42261,63516,07746,18110,08944,26855,63958,52266,45013,13727,44662,48945,57898,32473,32962,17879,11993,17866,17542,03790,
06320,51968,24420,57452,59196,36632,21913,16445,04647,04705,49012,40635,32472,23414,27802,04254,48167,43376,43690,52171,10201,33498,04231,56053,37256,35601,47530,63524,22801,01690,15698,09170,19686,60056,43301,30068,25327,38290,30106,26029,12442,10627,28041,43487,59668,00353,38000,57231,33479,31655,23401,03318,49951,50424,64350,15145,08275,18191,41818,52180,52283,39510,54482,44032,02088,65186,33513,51606,53782,01671,59928,03414,17205,43907,19529,28823,05131,15751,32970,37313,12348,00463,65287,48858,26582,00780,55974,03066,63612,22399,64889,35786,08723,22824,52396,45773,06676,00444,19894,31789,23130,53073,53241,07120,11741,38194,27522,54299,26271,59707,11085,53851,59056,03696,30235,32290,01214,07952,26542,04327,15095,52950,63101,48292,17393,01265,08431,42065,50285,02858,37475,19616,37782,54820,15130,38449,13563,10700,02003,24641,56260,34797,45061,49950,05397,32866,08650,22906,54399,49166,11754,01644,37104,25507,05915,58672,23290,13781,03558,59381,05517,05913,58737,46494,24845,52123,55396,58422,31775,16375,63745,28250,62261,12548,51645,09155,51892,10133,55430,64083,27222,10648,29001,29663,37579,42742,43801,37476,06083,08789,44597,27735,29936,02759,46874,21350,12837,22310,13448,36368,06595,58370,02479,41660,36693,41114,13312,30475,62213,38944,58790,39422,31253,47873,32350,02214,20762,19040,50501,41607,46942,62417,09168,01572,04118,30316,21688,56127,60216,36628,42624,10712,38087,51266,60099,54591,11760,51193,01322,16895,13164,20370,02444,23340,57423,12974,26987,41321,15909,49073,17826,23345,05262,62888,13661,41099,
24725,21985,18192,36390,15678,12151,30890,22038,01829,16513,41629,60218,29145,49404,26704,28825,01940,25565,23835,52927,20366,46485,53996,43991,59930,18920,55110,27576,41108,40058,06708,25923,57931,10458,26894,28744,20986,19690,45349,57333,47797,08088,40308,11308,27176,61496,14932,46322,35225,06069,09198,60228,55900,26466,40633,15272,61772,20270,07215,45977,46177,40997,39543,42805,39036,43110,05801,17066,58483,06669,03219,02348,15454,33426,45826,06293,28251,04993,36870,23760,54929,59757,45885,30554,31170,28932,61356,35810,26419,40011,14458,46655,17242,47329,25153,15679,61826,31505,19837,59534,23965,45964,41191,31990,56505,38547,41159,26546,47805,07066,20022,28481,06572,52964,60868,64759,05906,43447,12406,26979,13408,06982,19707,07722,30101,47584,63298,53910,59938,00093,29525,52658,58816,65162,07898,57022,23020,01169,58511,02076,21412,12224,05912,08181,48245,48667,61455,26741,14966,00770,41475,57498,31937,20889,11687,26518,38276,41844,41287,40399,36794,03841,18572,63558,39996,23338,00777,15076,11939,15670,30154,06175,38105,27899,45836,02093,31566,45272,36413,09143,61639,38950,43268,32836,06100,57406,55874,59704,57288,16869,20498,29747,09875,58464,08968,63529,20686,24199,32934,46715,07847,59966,29710,05375,57265,63598,52581,55173,30795,43204,26388,61264,19861,50786,28764,31111,26645,13310,06206,02684,55271,31724,62033,55736,55310,17260,48528,43871,05283,11789,21042,29337,17549,19045,20972,24971,56251,16535,04259,60646,39511,36300,61606,58685,05970,58312,11163,25621,38872,35564,13218,12927,31683,33347,33815,15591,
14811,30411,13739,27888,00834,14386,44884,32987,61338,33030,37842,48067,18491,10840,12932,35817,00408,24662,28829,39127,34048,36594,49587,21925,48411,62529,61201,34725,25084,56562,04272,52822,57123,52344,17817,24808,22380,06788,02431,36134,44450,53962,40117,10351,26172,62482,26432,12229,62065,44205,65166,42442,02012,03783,17121,04702,14861,30704,09469,26099,19194,37485,32257,33268,05287,09309,30021,60067,25033,20967,58148,54555,49812,52153,52091,49803,44483,65464,62816,25243,63891,38815,12759,38902,12898,57033,61203,32020,20424,38844,65504,56982,58337,26284,08219,61389,50331,24513,39601,16955,44442,06673,58857,52735,55198,27208,36986,42117,43253,11869,27103,31334,07236,18994,46733,22822,44845,19244,49995,29031,39084,61336,47374,38930,38061,55995,15174,25538,15853,15979,45408,26074,33477,44164,39485,40577,10279,31224,53955,04719,64336,63411,12358,51182,57817,33405,65181,64435,63370,40289,25918,04506,23398,29601,15729,00553,32630,56798,58291,21532,30374,14616,53450,45242,53058,49185,59568,25202,57350,47282,42764,58071,02413,40003,05220,29672,11472,00073,44218,36200,24180,47461,24526,65437,46191,21677,27891,46373,44507,41167,53272,40214,01186,46845,33509,44404,11967,37287,48191,16595,37414,16888,32067,22361,39085,34256,46761,06995,03067,49312,12347,44860,06442,61987,33421,61650,40800,29011,05275,03629,19494,37956,51130,39826,25775,19362,43274,56778,17501,14941,42339,13569,47712,44555,31935,60842,10061,52941,48244,06399,35475,03031,04364,63627,04951,03899,14548,63843,03916,31252,34307,29736,27717,63060,39781,09243,
27293,34841,58228,20159,33879,34714,03881,32541,10671,30183,25324,02376,09030,05133,26382,43120,56120,58497,02060,00097,21774,63456,31315,11748,46099,17057,63016,35979,59512,22251,40525,56311,26777,10810,60048,64782,33851,22220,17472,33691,54817,49020,03935,53857,39121,31702,50899,02215,51798,25089,26648,64321,63350,07650,59438,40536,21224,33343,04329,44835,30456,36159,50239,60408,60065,55285,64684,48735,29153,51356,16971,44540,05961,60886,18635,49524,10052,63128,57081,40975,31362,38159,29819,01605,11238,50590,21733,23777,57218,58726,56781,41550,37148,09128,24027,23782,29871,15760,41919,21745,04637,11730,56002,04586,23978,40755,47422,36311,23018,38321,28326,18783,25018,03178,54437,02575,00847,27993,23529,25266,28229,57840,54938,02945,32854,28278,07666,52756,24245,63244,56826,58065,57105,22555,43843,09704,43497,15908,52442,42563,18376,22029,56174,04098,41717,37650,42206,23176,46524,53583,05450,61894,01625,02955,00012,19851,36325,01353,61626,35469,26447,24645,51796,58078,39871,12931,28463,60577,18252,64257,27980,59566,55881,12036,07083,34205,45896,61449,35465,03811,41316,28142,32580,32336,20507,27670,26304,46564,33700,32233,16765,63117,00567,62306,57213,11122,04012,12131,39226,44856,45643,35811,34170,39732,32188,60454,38082,38072,35155,47950,46172,24655,01435,20518,09497,02635,47945,04107,44794,06999,45200,47896,03533,40148,07269,24146,29306,17535,55999,57647,00703,41326,40574,54199,45768,06214,41797,41841,35258,64808,06681,20556,27085,58285,39037,15146,42477,04148,15648,29006,64627,43774,39572,61008,21447,19112,
28653,27440,24939,12459,39854,30896,29239,46987,63134,47977,25870,50212,58856,12525,04035,10744,08145,41284,52083,61945,53090,58163,38828,21644,20743,47281,37804,21803,12722,31153,35853,09751,51075,36271,27760,35845,58259,62518,44745,12331,63378,12300,55816,26132,37056,56814,51949,40786,01038,63369,39628,47103,34136,40355,35647,49630,20707,03346,46357,37347,41366,39456,52997,11691,60937,46588,29478,13597,44723,31205,12789,05292,32860,32741,25437,19088,44053,26034,41483,08977,13186,01029,27358,46262,61927,45144,02272,05066,21473,60572,31248,07955,00289,11458,44089,18897,49539,15434,21315,14853,50515,53459,13346,16773,27911,02532,42929,34225,53156,22712,14655,50133,30596,64112,31098,32023,63347,62244,46351,19232,47995,12670,16329,05687,20283,55634,23689,08062,18483,23010,54548,37391,27584,11832,42462,58126,47288,37574,33898,49516,01114,09534,58946,46135,31031,33035,44869,17718,00601,17274,50015,57029,46542,35342,39499,38428,55503,15075,20469,20736,53104,59371,39366,28640,13256,59783,21719,51474,06235,20305,06030,05712,52322,47116,64459,32846,54076,04002,34393,05336,31067,18524,52579,49865,25561,11029,18357,29074,55296,34966,34582,31944,33637,49775,30834,42478,23993,57216,01755,51387,37609,34953,44049,16101,19918,15855,17660,28861,34733,64247,00297,11872,36818,01386,03546,46340,17175,15808,45658,01143,45644,32769,22438,47261,12364,50270,33846,62209,06925,47355,50136,51990,28386,12037,27426,09099,42255,50130,36252,40049,07582,22001,36833,53117,53079,05269,46729,14433,45681,21920,32148,58210,12654,15639,20514,60983,
12952,49542,41937,16015,12869,05975,26685,19078,17161,50276,04464,20726,62860,20216,37515,04610,05095,54646,52060,21386,12166,63520,01785,40569,48041,10437,59795,08437,11187,17766,17492,35784,35384,09747,21784,34148,02645,60200,02650,57765,17814,37976,02903,64733,60005,40622,18117,09014,35045,55025,27889,13012,62896,18812,53712,28044,10969,37120,11770,08297,37768,41028,58014,21963,02029,17061,08483,32061,38246,20816,20017,60474,53836,52073,58601,13090,05904,24030,09468,40836,63160,43631,15446,39090,11908,42344,52341,21964,47740,03614,49128,24891,40302,31791,00787,19151,01628,23283,38671,24046,23242,36229,38340,09092,37169,28165,54861,17442,19304,34303,07771,02381,59742,64113,10266,17675,50692,35496,36979,07932,18814,11592,47362,10852,17842,28596,49677,42940,59592,03029,18605,31549,41210,59489,01401,12398,31872,33724,46701,11538,00437,01990,38727,16775,27658,39745,36998,33681,43703,45256,36340,10468,59359,55546,50408,20435,51993,11354,47814,54295,13706,17118,31325,04349,60815,63942,00756,06896,01334,33580,22960,47429,18823,43829,15425,56964,23998,28233,42516,18297,34063,12523,04533,63424,46643,30041,22944,39762,54726,06879,20271,29718,65459,02655,49506,03952,10195,28716,30384,05919,38389,33446,08738,02377,50855,28732,27467,08070,42422,43886,29268,32761,09815,39520,16388,53330,61715,45339,24843,53069,54673,03000,47299,35641,30887,18948,31488,42174,58405,38048,43054,52245,12097,19527,24266,62906,61991,09489,45318,06826,36710,46442,61673,31500,60159,16234,05381,30638,32563,21791,40683,41807,00842,23314,64708,08853,
27769,35800,33672,46155,58170,33204,34397,53866,62167,03844,62100,26095,36032,58771,04659,33565,24822,04775,51552,56739,25965,14866,31931,26033,34502,26210,09343,58841,56433,00853,59830,27012,40803,43329,51052,43572,59847,53519,05805,44947,54215,33457,56801,14010,42960,20866,14539,28817,17277,14077,38482,27877,60326,56552,56657,38379,05284,36782,45158,03732,57145,05005,27544,57255,58010,49209,23219,33988,61924,27327,51444,38144,17747,27348,13732,54539,17790,14194,07338,14555,30416,07900,08612,10222,02202,31876,58187,09793,33055,27507,31053,11034,54880,04124,22422,64446,20877,08255,09087,31486,24660,50946,08447,49858,60167,10946,14436,20491,27134,14054,12191,10276,36535,47726,61004,38187,13267,44532,52946,50879,31430,02300,48199,23514,47084,32973,54782,65078,64539,56292,23196,03115,25374,14296,59424,40220,53552,10442,09186,49164,22382,61346,60511,45937,01579,40242,61647,64795,21424,21536,61401,30590,40657,15776,33762,48445,48420,38915,62379,53731,42965,35336,52155,19029,20310,46787,26914,34892,06441,34872,38220,11190,61365,39179,25423,18072,22813,62099,01596,27024,56439,43539,30544,24735,17515,64067,28502,22919,01911,46538,06022,52734,29247,49783,55854,32555,16667,44000,15473,37648,13517,17349,64203,09060,39101,27925,23688,20711,34320,34710,14073,43540,01083,20931,06061,35522,24081,34326,12297,03334,27454,47576,29796,52079,17337,45566,65201,60895,28636,41899,17413,35054,40863,51400,12785,50064,39106,41739,22448,20823,23278,57141,46075,23239,38402,48100,04278,43241,56137,59194,00804,44536,19117,56564,34630,51382,
52374,04944,00031,18759,19271,38460,64115,24566,23692,60752,21289,45767,15465,07108,41554,54677,59993,12718,59159,57930,16788,09673,53474,25340,16163,54815,23659,48003,36144,64650,54240,08298,20935,31731,39254,17127,59263,48170,04508,12584,07651,07467,32162,46739,21539,04906,44151,16976,30306,06542,13463,22658,63223,29468,30959,18937,65228,50460,48574,49400,33062,04007,39766,10208,49116,15515,04108,15040,04784,49310,24378,38141,26668,33684,28558,28697,45485,12728,51691,45935,36598,44584,22529,36751,22776,59676,55820,41309,11529,65205,16744,01964,54173,25944,65451,46951,43923,22104,38826,47021,15357,63022,17146,43233,00477,27984,45536,17918,22524,52514,09231,21436,04496,49920,49881,19383,15352,50664,63724,62752,09318,41882,34921,30588,60606,61070,12391,22093,27099,58234,63090,08630,43414,60121,51636,50902,56838,00136,31291,48965,61379,32152,37474,64852,39017,59798,15478,04559,11337,37013,00187,55295,18109,35354,05581,30290,20721,36118,10550,00864,60620,46277,05447,16841,49891,64026,41452,36627,04734,19762,63580,07358,43352,24717,40441,13852,09319,61395,28328,60720,62122,52335,62513,45673,23215,58402,45170,60374,41750,21621,18349,28537,15373,33409,04739,59147,25771,18903,27052,32259,13338,37089,11511,21871,60930,42785,19519,02983,13445,55109,10217,38812,12706,03357,09383,49648,32469,31192,36425,01016,04382,25736,41471,37628,24171,25356,19402,20477,33193,64023,33052,61221,12049,39155,11954,06648,62314,53452,01941,55996,10670,43359,31472,31973,65306,50582,57408,09827,33396,26199,08994,32893,30302,63446,57574,59388,
48908,60292,06269,16336,16923,56336,35382,59281,15749,08510,09297,14266,56998,60318,43492,22421,47132,65353,10644,25070,65461,59761,61299,63051,39097,09978,44372,51818,16642,24531,24848,19203,06250,28669,47859,00953,11028,13480,27761,47356,64918,53054,39267,03268,14911,15804,53002,39641,62769,24059,21218,31154,26451,42190,48508,62619,20813,17213,14129,39126,57728,52138,34597,21502,24309,22979,09103,56115,39369,55737,53408,36138,60213,19901,52737,17787,34365,63617,55395,38536,63307,53506,13935,11780,01012,25047,35386,16416,22640,48836,40304,50100,54684,25938,45404,52869,52448,07631,20954,21881,35275,21772,54263,02368,59597,64098,41897,40956,19141,55139,13884,41588,35459,40274,00375,52472,61743,00179,20945,46332,34284,24214,54373,31258,58711,00901,43692,00023,56912,24846,52241,30493,26909,20637,38867,55172,23859,44545,08629,51941,61185,00698,16112,36258,49307,62629,12601,40988,62705,07788,05457,11565,17036,01962,47306,23450,09006,21554,05929,00228,08186,19317,55679,58826,13487,27845,36768,50535,05603,00784,60274,31413,32332,61797,35461,39314,44631,62175,03086,08744,10602,33017,64865,15616,25940,65512,34352,38658,07770,12052,52860,12917,03224,37034,02846,33280,34422,24462,23399,02617,60894,09979,44197,40369,20933,51609,46084,38129,55309,29948,57627,58965,47221,18017,10374,10472,22511,53556,54416,06818,65487,14650,58107,35667,01241,55315,28781,16111,07917,01302,47304,62677,25803,15350,16581,05766,63236,56944,35764,48340,18500,65382,53291,16119,64577,57454,21832,26223,61457,23404,58896,45420,19971,29881,53656,25012,
29349,31330,02005,21375,55642,51348,16624,15052,62594,47781,08657,43144,39348,49013,08471,04086,39668,21292,35228,61156,42073,62540,36888,27312,58605,64508,35411,17914,46029,65208,33504,58755,49520,51901,40567,31753,03367,12673,14334,28459,58417,47224,27743,31620,60369,11518,18724,54736,09947,09734,16848,13294,53773,05770,31842,12935,41627,29048,06029,31498,60744,11568,48357,11539,41826,09760,19985,14301,02006,50353,24145,08334,39835,37876,52731,27640,45574,06395,55189,64209,15171,13647,38363,51761,43426,22816,56733,26784,33364,35442,52421,08493,12133,51318,41229,05013,43022,40470,26632,29541,27363,46718,24715,26740,32405,60688,39725,11495,38160,65157,11214,39828,01652,06563,13677,59596,04442,55707,63607,19671,03353,50484,41026,15405,02124,21308,01341,15027,51662,40504,47486,65083,00603,20445,54179,59363,54400,07830,12280,27437,35537,19659,19116,16444,63046,23708,22923,64022,07707,48385,38508,05710,62053,26306,26056,18998,00459,55967,01345,57958,00819,47028,17304,42125,17860,63599,27572,33860,33151,61114,47214,52225,46246,53837,13888,29630,50297,52636,35156,18519,57239,29537,08643,09647,17295,41426,42878,01581,61337,42588,24313,65313,10211,44671,29982,39434,16666,31958,23971,35213,02277,03174,62441,00652,56768,63973,58580,04895,31720,34820,24124,57986,42971,51701,49002,34567,52633,44488,32101,65341,05597,56777,16538,09577,41768,31964,57194,45409,07009,38628,19878,57060,63199,36557,52715,39682,33629,49737,09590,47523,33099,10939,47243,51238,28282,30420,44812,64334,11260,10095,25310,18238,15152,54374,13379,46350,
08622,12611,00169,33048,35422,34646,15924,56322,63250,59997,26003,21100,55905,37720,44863,39299,47703,29667,62068,21182,34530,18943,20131,04352,24006,62802,40450,26201,31739,17503,29838,19768,38092,23940,08617,46468,31366,38765,24738,37884,52611,15049,15522,24935,61551,01678,19166,28870,60531,28183,08936,20480,09627,11087,05704,32393,58911,02565,17968,19958,44119,13665,52944,34532,03755,30004,24135,00863,49438,54502,24312,30632,34552,42355,50180,07002,00527,06695,35953,00261,62652,14931,07415,46342,35889,15856,49734,55540,25968,58673,04001,54557,17462,03258,01895,05725,46599,57085,04461,06773,42637,03484,03582,03208,37800,57754,07003,60643,64075,61112,37665,13763,27472,21759,36160,00163,03843,54793,51080,17197,43638,10599,00740,38282,64613,27352,65334,53593,48396,06812,01757,30322,25339,28015,50114,64639,06702,64483,19572,63330,53102,57365,59716,18342,21718,38027,39210,23637,51754,20706,01074,53966,50653,63882,48675,02572,32463,49659,44494,60196,22295,64468,05674,11981,04634,09371,46561,65121,14384,03010,20134,39550,06665,47860,35292,10999,25280,39362,30866,36815,11598,04206,55091,61747,28234,31363,22078,33418,10079,12255,55481,14324,00337,63007,28469,08672,02657,57522,01020,02769,31220,57722,57792,20574,05902,63997,34216,05742,35520,04025,47669,40472,61751,33945,26327,35176,28629,37083,32853,59249,48972,34902,18586,10963,12719,18143,40972,35898,42766,51543,27090,11612,10854,55768,59457,18322,56709,07343,22569,50224,26208,14122,18424,58477,07753,51475,57629,54699,52534,59604,63798,60995,35826,47871,34472,04817,
41464,64078,13538,37259,33837,64374,32423,11536,52116,50866,34645,43222,45501,42772,54585,24157,25158,50603,34556,12659,03372,27076,62552,43388,49027,26019,57656,10427,44090,24680,01523,48923,25810,59027,42668,10801,13499,32396,48736,29264,56637,65428,52275,03633,24674,64008,51870,34994,63371,64644,50325,12137,51629,51994,50139,06328,52706,28263,15700,14610,30336,50206,40613,36427,20606,61211,28309,17764,01428,55021,44859,03695,44604,32331,59163,52274,54598,34358,34685,36502,01820,05290,13134,41951,00755,21161,30901,05439,32422,65080,59573,00658,14860,04938,37979,32189,03312,53352,21267,09406,27130,49162,56308,44374,26727,31230,06649,43182,39535,34999,51668,10446,13260,33034,35872,24404,46604,03170,26379,08809,21387,13459,39627,09554,04703,42874,21509,05499,63176,52911,00878,17128,61916,00881,39961,59729,60573,01407,20201,27549,36848,61063,31239,06028,13440,03870,09597,61771,02778,51138,06854,24242,54856,60296,02573,55201,51752,39684,46087,14318,12066,30262,60826,36215,11478,59706,22884,28231,14761,47471,07468,20384,57458,27707,24784,51970,21675,53307,49722,48814,51379,41720,07711,26275,29086,19629,01422,14030,09392,35029,33215,49653,21771,13431,53472,26232,21305,47630,56297,21893,06552,49177,31146,35530,45085,58529,56937,47502,37281,51371,04073,00741,26541,54386,55871,44147,32585,11106,31609,29741,31862,33146,29965,06803,35478,62609,59391,00478,55154,65182,28967,44776,24033,46486,27781,62275,11334,48010,38091,30120,27854,21443,40889,11708,13789,49500,58827,04545,17897,06654,22257,11073,30555,47345,65460,52006,
60390,09681,17565,28177,50346,35068,02189,12392,00483,36130,62159,04843,40515,15950,27999,22624,18939,51526,48489,47692,16735,18879,05960,19838,53082,47883,27851,49242,36696,14884,20883,28877,56469,31300,20570,45463,48106,30485,00366,05003,56674,56642,05493,59840,39401,58388,21649,44667,57857,22106,31901,12734,51110,09900,12835,33843,29176,23649,49997,52059,00131,38958,09655,39328,43727,58387,17287,05407,48204,21437,23467,19009,26218,64975,50427,01255,23289,10523,36830,46938,28036,19051,21458,19433,13002,46005,57613,15799,64838,00545,25605,11014,51372,09909,49589,03897,38624,53954,07063,44221,34782,18044,55776,23762,39313,06296,11251,63189,14849,32902,09944,27958,55690,03326,20330,64651,06521,23157,03796,20464,59559,11438,64737,59945,19186,20909,28976,11064,01892,51465,09820,51608,51317,61687,18316,48695,58450,30462,64322,22925,07316,08018,43769,50511,34025,65081,17350,33366,04152,35757,20802,40197,03553,16138,61094,38829,55082,46546,01267,36543,64402,03537,14143,13718,20181,46317,57374,19854,07129,02593,52915,33713,20912,57535,24350,42337,61662,53297,20763,36308,61135,48982,29909,01618,28169,39478,50055,24528,30198,46928,26982,40313,15458,25073,48562,37583,35605,37053,43517,41845,39539,44433,48898,51449,36443,52052,20288,21262,26437,55348,57552,40996,59093,00235,64864,54291,15595,00125,45728,50649,19703,49553,06463,65104,56178,18907,18971,02526,06932,00050,38386,39001,56831,48849,65494,59330,52232,56767,48141,54711,43693,03468,15046,30751,10582,19047,60625,32420,56951,07130,44866,36651,32685,01875,07824,57358,
35951,19337,64015,41317,14950,42718,07031,29888,07290,41805,62910,21944,37718,01890,57035,33992,30375,12220,20956,33663,47621,57046,44437,08220,40325,62264,40066,01751,55009,36785,52014,19670,04471,65117,23444,55860,33397,41048,23627,40065,12946,14607,28137,37280,65413,49973,54497,62922,36414,54283,32381,20503,47552,21287,41557,54445,22674,03425,37997,38088,52152,16981,31530,23265,28980,10692,29720,46836,55257,13270,44851,05772,47665,65300,30380,35199,28846,16546,19820,02740,55870,01857,36762,45656,42202,04621,26445,29893,63879,01279,46539,43017,28719,31398,48296,43918,45226,35507,24239,48617,19702,44890,60676,59784,54126,58113,05399,59946,08771,23611,30232,51714,36337,43024,42393,08606,34182,46475,21728,47581,40698,46100,26340,09794,61983,51141,43582,41639,38740,62889,29774,44120,54948,41561,02379,33847,48568,06525,45948,36420,47418,14680,28500,57734,13161,30516,12486,45356,52504,59781,16600,13019,01326,21220,14403,41904,46232,50788,07080,31810,19715,64190,57569,35345,22615,55280,63420,27120,58209,63233,17138,26605,55231,57248,47120,56020,21947,15784,22833,58349,09423,64349,12293,37946,04250,55823,57837,16136,37062,42492,27591,08225,61213,65197,30229,12541,43813,56447,50924,45445,58162,39397,34221,36360,62291,45467,49898,08449,10584,17025,19701,08964,56074,13524,21895,25043,01686,53708,47928,04271,33324,45757,26325,09610,37012,04603,29641,33036,58382,34734,26080,15852,21309,45747,29297,62137,29772,43755,60017,16573,04941,43935,16745,04060,22347,02896,04742,32845,58465,27778,03566,35204,19586,19998,09515,55939,
15481,50824,07318,26193,58710,47177,25596,43459,57244,15187,09492,43795,26860,47407,26277,09891,01694,51724,64454,37246,09696,00101,57113,34987,61748,28307,38735,01236,09644,31824,39412,45038,11887,06581,18972,43926,51816,23569,58404,60451,45726,59827,06799,32790,53877,56332,57078,07960,30645,45985,46166,06118,37982,42060,03283,17952,49205,44879,35174,05613,32358,33829,21929,39666,16828,33075,51929,05061,52439,54401,43856,49492,26832,19422,48786,14769,32133,64500,16271,47758,25456,00497,01734,29510,08063,29830,54093,59882,60701,27241,23910,41776,03374,04767,10390,19377,26093,29311,48249,25058,39278,60150,44789,59414,43794,35180,29424,00175,34599,31953,61233,59464,37795,23574,27043,03051,50636,35701,58999,21543,03429,26687,51332,37065,34200,54017,49840,53064,01152,53435,17513,09270,12740,22024,30520,15437,12373,01196,42778,44439,23255,16246,42039,23113,25688,60981,50567,16740,22086,28989,34017,47515,08501,21373,16088,58997,14647,56873,24723,12771,16770,11698,55727,28364,39213,28202,62429,31416,23424,41834,25370,34124,54580,60987,21704,35474,22055,03654,30361,54421,60153,16402,26625,22673,35864,32545,22166,40738,47882,01597,37724,03209,26241,38273,58488,60989,23319,57682,25297,17892,53205,55936,07106,32531,05571,09264,13278,54525,21754,25946,43458,29336,45710,19092,24394,33857,44993,35681,56702,61183,58460,31473,55804,57595,55985,31003,09048,51693,28109,13570,11397,43598,15607,49151,53993,45618,22007,49616,60997,10142,00958,56319,23838,20031,15301,15452,27227,14781,31264,58183,39415,53854,15251,02958,18582,35491,
64576,00313,51751,22604,31042,51056,01534,41945,01487,41859,55352,06295,03453,59606,08110,06202,35433,48307,04465,15039,04240,36623,04355,16855,40617,63833,58897,22872,07475,05895,15566,28762,02802,51364,47544,55426,11375,00674,24486,32074,18801,17958,50521,09337,63669,29061,15859,48666,27168,41195,43299,38286,55706,18779,43091,21620,42896,35451,46884,21959,53697,64388,55632,31155,01184,01533,31081,15462,42526,63151,42312,60902,45954,22982,06953,65414,53711,10166,18273,50550,54611,57326,63744,55016,29514,43629,00070,62992,38404,32646,38351,02964,31320,00223,30683,11984,61873,29179,03777,12447,58414,20850,17166,14387,33654,38802,25465,60711,30023,56374,48315,27057,14784,16291,12148,47305,34693,27524,48283,46965,61131,50434,17720,51285,36773,59382,32625,52886,52058,35086,59584,44691,64164,04146,55812,28614,43215,16656,29585,51272,20886,41106,07850,20641,57027,20722,00943,06453,44386,23647,41244,41674,23890,26812,44077,48030,16739,16523,37826,61796,13122,65127,18249,30619,43940,51650,34237,29732,18193,21084,30148,19473,35725,54975,35679,49911,50976,18872,32212,16902,30104,23917,59910,52728,65052,29398,44577,64235,60568,50250,00744,31001,42961,09919,10013,14367,37617,22984,21451,15538,18549,02770,43038,12956,02150,62572,23096,62427,31759,32060,34993,01668,52702,20457,00941,24248,02129,46399,05867,33506,22718,36187,02175,02803,20996,58754,50609,38041,03181,56834,51123,46890,11231,60342,04020,61497,13918,55525,21513,34313,49405,04204,05291,63372,21696,55505,16423,55659,11386,58129,26202,17369,34809,28851,53641,01676,
46940,58736,12639,35221,12529,05533,23969,19864,07997,59125,04308,29299,06638,12285,42854,53761,42750,18617,47111,04681,23843,60222,21810,05591,36336,34138,18771,61423,04447,29617,13977,14606,46706,35169,16658,52481,34223,02712,36393,57622,33675,45522,22157,00231,19697,23977,39986,54839,38005,30633,12047,04543,11266,02722,24535,30741,49671,61081,62813,09974,63453,38517,53985,44260,51781,33454,60501,47700,19949,55545,22121,56799,36183,35361,20625,36421,08727,46410,12870,22031,07891,62038,62107,13351,61244,37103,58419,22496,19416,13142,08066,63027,19306,22968,45809,06432,40872,57810,29135,43551,62440,09772,44704,33318,44762,05445,21571,24069,56491,41420,48826,08928,11674,14248,13261,07589,27850,14076,64138,23461,44346,18182,30372,23078,15436,18687,04737,07470,52834,06738,10980,15280,52044,22662,36790,05754,34996,47106,49610,48927,50467,61939,51339,34406,17910,35412,65088,00973,52755,13931,10732,20085,38616,08484,30145,10745,20745,10513,53072,64524,05699,33569,16274,17477,23326,03014,14158,15369,05997,32754,51131,62635,29533,61474,11490,52854,42120,01791,16606,44465,31909,60737,20974,33943,33558,57349,26512,11157,14359,20314,16265,23429,31728,21307,52859,49772,20443,59290,04147,45696,46462,44246,37392,61823,40112,49943,60104,18458,49562,23352,59805,55785,22238,12703,10054,09421,04286,60965,61028,59816,48088,45811,60775,03815,22792,23506,63967,12289,36449,06265,15351,24950,52351,25746,43023,09584,18668,50674,15381,49130,39141,49034,23566,48699,02949,64093,25721,15403,32575,29784,34516,13386,18926,07279,16683,52048,
52761,22976,34158,17102,46867,15809,50602,27048,47678,04103,06776,59216,53728,58423,62587,57625,10702,22010,52088,55797,29033,04942,51217,12846,25347,04650,44333,06636,42135,47314,41482,64836,22080,36155,14422,41278,04151,35768,32245,04313,54341,35575,58420,37535,34272,53097,05374,22932,18108,05323,03314,29662,06468,03349,55251,19280,18847,16036,24931,47768,40913,49337,31215,05031,20734,38311,62090,06033,15242,23333,32239,19751,44475,11317,10295,53690,07897,56550,18451,21800,31424,31232,56727,56410,04230,29693,26341,62130,45330,23458,29232,31708,15992,59102,46390,30468,60303,19696,11689,12840,23202,44768,03512,12851,43508,24439,60184,36956,32243,21357,59620,56467,44904,25631,64573,08573,07068,13073,35172,23000,47876,37985,34207,31665,09859,46861,48325,55366,47196,02400,17344,19704,50021,05150,24786,48373,30337,04925,44296,10075,05480,54718,50520,06518,44956,42238,34131,31835,49936,32166,23306,20600,11164,23144,16760,57969,59505,23372,08153,34896,20174,28956,16761,52974,12842,46360,10927,63883,05823,57294,34517,16729,26151,17761,42662,15448,31553,56714,55598,44981,64159,42187,47878,60583,60858,36679,63574,44471,28979,38133,42097,01747,21193,21770,20484,36154,09857,40857,65233,63712,07237,45103,47829,40044,53769,16134,03680,60496,20559,40448,10232,63593,05260,33045,61397,32498,31870,31991,02062,17829,58376,61514,42964,56542,10128,33470,43346,26859,24879,46711,06301,09214,41033,22775,48084,22277,27014,44773,08983,04565,09466,49145,52561,40993,22322,39165,39188,31225,00030,17178,10135,45018,28545,05594,00345,03401,
04470,00611,31908,15831,26087,00743,44806,25813,64024,64327,31762,19101,10806,16184,48873,13724,36582,50889,17363,31322,23364,31392,43240,37975,55576,21616,14446,39209,08722,17017,55650,43173,56679,60290,25460,59532,45276,09313,55808,56243,37990,24241,32540,64225,51319,04051,17237,02318,03596,36485,41974,55360,03424,54589,43130,62580,06243,16980,01224,49417,37073,34877,35969,48166,28587,53524,60212,17441,12399,14281,26499,19118,49895,45683,29316,56276,05371,19061,36597,45342,65309,16649,30525,12687,58096,20598,49289,17928,41956,08257,39220,40900,09507,59748,04131,36396,39336,54489,55138,62837,10200,17439,64408,46392,38432,02806,45911,49127,46670,07836,08335,04782,15485,46337,29892,07205,41198,46251,04330,41853,31263,58633,58852,20167,25608,11267,08389,00167,05771,25773,21862,60135,12943,15910,53509,18449,52746,60999,03282,29242,40263,51406,49827,08486,30022,05398,19022,28644,34538,60803,24127,63770,32883,00754,54157,12540,50790,24882,23193,09174,01376,21496,61702,42498,47105,14373,50195,25722,23622,09498,48967,34691,47307,28842,63131,56732,64056,63470,60640,08343,21632,41779,02510,50658,55605,57303,09780,48922,14192,62937,47634,22314,48206,35719,41703,64722,32627,19806,23361,16987,01320,08524,31395,02992,45903,10161,41993,09136,01178,07399,44561,15573,39203,08863,18887,58844,62945,29330,17265,57073,61750,02477,29823,09714,64815,27360,27418,55591,27177,38165,14987,22580,44030,08445,10767,10868,53141,07869,50126,32293,21121,38878,61419,38067,17110,06371,64831,22871,27904,49305,53401,21970,32979,27226,61622,03756,
25419,37151,23472,12122,63539,08384,22857,24410,21856,00268,05986,22370,25065,48189,35562,40424,25514,40688,02157,59574,63852,45172,24380,65091,52993,07881,25765,19996,17978,16097,28298,08937,44792,07690,28802,64797,01190,03225,15260,63169,16023,27359,07717,52893,25873,08532,53895,01740,56476,59271,55099,14040,54238,23387,61602,17916,28185,26540,63511,42651,09658,04392,28417,24444,36374,65379,22542,60480,60527,33288,27255,18003,06099,51505,11821,44784,27239,19073,56839,22602,44883,21916,61477,41740,58031,10251,21376,24161,18078,22096,35274,28342,64536,29457,54604,25629,44546,58758,03570,17432,32059,21793,62442,09387,40236,40464,13853,53406,33729,52238,08020,08428,42818,45059,19309,57262,10236,03868,40731,16681,18720,11717,13655,56411,48674,61929,45803,23457,45156,10457,03421,23376,23847,44087,43482,27645,15585,50199,20908,10645,39487,35024,04761,43333,17373,28720,50750,02248,02213,07227,39681,07061,46479,02695,34215,64723,33140,42577,16324,22855,38411,31887,26458,12933,01153,13297,27938,41372,38858,42927,11411,25227,23956,58773,11138,41085,01080,39319,48700,28300,40132,40278,24599,35509,63817,62153,20257,62929,37209,13808,03894,16812,36120,24269,52201,25891,18747,11693,39012,64259,04954,45494,20660,09656,31327,59752,10090,52137,31477,38781,03904,36837,61591,48747,25570,65318,49512,48156,12318,45716,36775,46427,47976,38646,55948,64048,31726,49252,61858,41718,40225,13576,41955,55775,28094,16295,05085,45470,20053,00682,19683,04695,40815,17546,22850,23002,33997,14829,14470,57266,61813,02603,25720,11699,64584,65367,
21196,42993,61309,22356,52614,06876,57568,47750,50251,12955,19335,35626,02181,55095,14658,32410,01013,40043,47033,52119,34068,62224,08674,50414,24065,41632,28188,06992,05650,45788,30663,30943,08556,14153,44288,02375,32519,08930,23864,22954,29943,16647,21671,45296,56708,05875,19817,44371,65017,09585,52545,54019,12105,64614,64858,38324,22656,17370,15163,39710,54363,36491,23487,05798,19976,15550,64871,15318,47466,61789,50702,17225,61923,28963,58047,06619,23657,32832,34907,45766,18153,30080,10557,37727,28347,64472,37064,53825,46980,61920,02755,60402,03573,00458,18713,50259,46474,39905,56241,37682,38525,49699,26890,39230,41371,35271,14485,56648,54653,10960,60522,26957,30793,43292,39875,49231,27992,07048,42406,22189,28001,33472,63791,20841,51331,54491,48438,54152,48219,55786,55938,01105,57413,20251,28656,48998,53402,07595,44811,22981,42218,56148,26387,40034,04122,10433,49526,23225,21664,35977,36982,02350,58295,00732,24801,12256,03376,24771,37534,22481,50864,58644,03631,51911,61258,55121,24838,31627,03390,49918,61898,65283,36878,46988,20300,19802,22263,64557,00424,02458,51232,62804,21036,34074,09401,63237,37560,07024,08237,37309,17913,59941,53344,24460,58760,10855,42986,15513,58971,64213,44592,22708,10576,47264,08592,20397,22413,41056,14035,26343,04321,32942,50476,51378,33487,62246,31007,03930,58611,47289,38980,64263,30139,48471,05783,55283,00054,34137,62463,35320,05995,52320,58176,47915,19493,32373,54156,03140,25295,32147,33534,48351,63561,01813,05542,50375,44310,54875,22340,04421,38738,36004,44637,57997,58762,59895,
45835,57797,18104,26578,41020,16934,23131,59866,32063,37656,59539,63410,14714,14335,23007,65384,52553,34099,57450,38832,22694,01717,43811,60042,03888,47695,08317,17412,29397,21773,61200,50872,43228,21507,11273,00346,07714,64084,50631,50518,11690,04340,50464,49790,36233,23693,63485,64330,45565,18428,18142,24967,10667,18282,38020,61925,35427,05482,02654,55538,03758,23156,29269,12446,31588,46791,01068,39201,09056,55648,58384,25729,47143,63157,13390,63661,62333,58097,24726,34529,29767,46610,59138,56896,12847,39025,58456,36647,26159,30677,53944,30604,27368,60596,59192,31804,52189,47954,11809,38667,65518,29271,34290,22076,47072,54902,57086,07693,25421,37948,37726,19229,06193,20312,22679,29572,10376,03084,48954,35449,39399,55715,44716,30672,04529,34381,25560,59219,17309,47654,08388,26123,48981,32949,21763,14203,30448,35198,28126,61210,29688,02476,28904,28162,31546,33610,31004,62830,45118,32594,08667,43128,62918,53508,53114,17340,30831,25175,13696,26064,36276,54864,13394,35535,53089,47316,64323,26606,59643,48565,58925,56018,46705,14713,22535,22087,16567,19431,03475,43236,54643,24972,27870,44214,07298,04700,47164,35317,23942,48782,54878,10021,54420,51098,38780,09494,40814,54916,30787,59548,34283,49612,37372,37268,56585,00868,25132,52305,05468,08358,05474,22549,52306,65361,18802,53931,09743,31193,41936,18174,02686,12667,08992,54837,31439,16311,18579,39749,08931,02734,09352,31040,42019,01784,44352,25314,12201,10240,17052,10297,18630,22152,63408,01047,51413,33143,37405,30620,01908,43199,24597,01925,22291,53333,21748,42212,
34735,25240,19215,51591,27960,34021,25429,16075,56889,44137,40920,38734,63518,61623,65220,29998,09441,17606,10522,24003,24249,07913,49018,19804,00361,25962,31548,22300,50355,05526,22359,25484,48904,29109,23915,52437,64937,59659,34429,31186,46344,16830,17411,44906,45435,19677,53581,44393,25395,11969,64130,07697,65515,44338,56666,13822,09204,33009,04564,56927,04598,45875,44103,44783,33299,20769,14135,02132,01193,19415,56792,53065,30657,52478,39342,17931,10062,20125,32092,02242,29607,05108,46413,16124,51666,05115,19187,31669,03593,19503,01261,47832,11744,53084,30508,13804,08210,11215,04343,56289,52289,31496,50050,63596,06133,15083,35523,11362,51148,61163,00861,22184,14106,29096,35894,64422,26737,65290,64140,52798,58311,26516,54236,07197,27124,35470,21640,22293,61614,45917,26360,34560,27826,06493,22687,41325,19636,44509,21855,60057,60766,56638,62925,62376,27744,59637,23639,38824,35489,54410,57052,33088,26707,09398,45828,30413,56429,33868,15825,47240,34484,22699,20208,35962,52342,09076,63039,11844,30315,50616,48970,23021,04934,16949,48412,47744,50997,59585,01318,46076,28784,06229,01541,53398,04893,23799,30646,01659,24414,44964,60414,16186,07521,62858,57883,26501,46278,39289,51311,46813,23270,05744,43347,10460,62359,10931,07643,21229,61607,26893,54325,04275,43193,20796,27631,57004,18498,30230,37971,46014,64308,12546,40915,19207,50389,61241,63670,02884,42681,25850,38405,50028,38640,30293,64931,17074,28541,23371,31266,37302,52635,44340,03124,61995,10691,44317,03531,04090,31581,29023,29372,11994,18250,15079,49618,51521,
07295,38983,24840,52693,55322,30720,63225,43124,31525,38974,48609,51607,23234,22197,13423,61202,39347,59244,39102,01185,01443,46574,41665,10174,08104,42308,19249,20323,64962,65065,12428,08662,10357,08201,01913,09847,00993,36046,24981,44803,55977,24522,33415,44945,31905,31166,33641,14094,54440,13674,47351,44935,57117,43913,45313,19179,65168,63127,02735,61721,42246,14441,23422,07176,43521,47101,00726,45303,46876,25035,35262,51101,49308,36550,32223,18460,58256,55896,38435,09864,32388,13550,03074,22268,60317,21516,36306,30102,27498,13213,34847,04789,58257,45769,44443,61334,44834,32941,32872,48995,60205,38391,37755,53570,41791,20771,40024,50841,08115,52691,30988,06024,08528,54917,60604,30052,47752,57074,07577,64369,39644,25389,28321,18636,42732,17078,21074,18797,34686,64009,53341,00837,54873,08981,09382,37622,24996,53889,00913,26700,21379,39498,50056,01841,26280,37721,22859,61588,50208,10877,23136,15059,26509,48399,63187,12957,28312,58504,13001,09265,14097,15494,22939,08985,53626,03703,45504,13450,55341,42013,04834,24196,30714,01346,17602,04434,35218,32886,09109,48819,51746,58585,29423,07289,11350,51879,25361,00130,18457,09091,20005,11184,36323,04072,39797,38176,38590,21423,12489,44309,17574,29665,59379,62380,46902,41832,03793,15525,44441,60460,56395,51408,37544,63263,61825,61816,45684,01089,22991,00472,48789,49097,36862,45225,37725,49758,26661,35989,61276,12947,22532,16858,59825,01797,09372,63178,54836,57057,62982,36352,22215,30856,33958,15495,63984,50197,26862,19469,62511,30591,26119,64945,45627,33917,24495,06427,
30737,63273,40719,06730,60878,06668,22719,06891,05223,17614,33377,02586,02329,01007,36293,40433,37220,58615,57743,64714,56458,13428,05958,60102,59286,14739,05225,30206,22950,13357,07546,40982,15082,29801,49989,59112,23933,63210,41417,39693,40243,23678,28351,16054,30340,08261,38376,56028,57979,49691,34146,25961,01914,39819,49998,13680,40252,09353,35191,06824,19788,48827,07526,04172,49732,24004,14893,35127,40630,02744,03322,13105,19893,51128,02019,07663,07554,29564,15278,20894,39983,56795,56473,28668,19388,62920,08415,28306,31547,29760,58104,38044,31962,54349,32124,15658,17368,35825,02500,43398,12068,15757,07259,36507,45626,23192,52836,23210,23035,41906,09347,15857,49603,49491,51062,28455,51988,32529,06031,58218,40380,43893,32807,16031,62028,48210,30998,11729,33112,32080,00305,09144,19867,08302,13676,15089,52199,27563,58642,46580,18268,39994,30945,18021,29255,53303,41016,40455,65299,14666,03778,04959,34104,19573,29877,00185,45820,17485,55204,40720,20492,53211,32130,40027,55800,20248,31244,36962,16644,03123,56901,17233,23784,50534,12290,12791,45106,11566,38468,46421,13225,26251,28091,09682,64642,06199,21768,29933,53745,33545,13044,43814,53980,34242,20395,26604,62142,28510,08784,27403,64671,35753,43776,15533,39723,30250,22207,12637,25296,43161,31449,41253,04255,26537,09025,41858,20276,61558,10996,38313,16878,32224,43547,50568,10041,51167,60071,31894,04519,08227,27723,17712,21981,10287,08698,01862,54408,17849,58895,55266,19765,22470,36357,13273,00544,10038,07143,08454,39593,11274,14371,35034,03160,46452,36101,59724,
61653,39341,41651,33084,23079,56185,34312,18761,37161,04214,16843,35232,44973,55596,57729,32614,13421,05389,08870,15652,56835,28304,24099,43561,23634,41786,03172,56396,58989,40955,43630,16663,17001,32492,20963,39932,22423,27807,64735,42132,42015,10647,61392,47340,01426,09393,24053,09241,60265,12939,04373,52082,11806,28107,52452,02714,47258,22909,23412,15100,19425,34436,26748,00573,13214,64229,46992,24492,04904,64118,50876,46735,53262,10758,30465,11464,03008,06506,58892,26030,08755,62132,55876,24265,26303,44917,19829,13593,35625,05985,20261,07396,51002,15479,33561,30907,38310,62953,55833,42773,55916,58144,54060,25372,58430,21464,28270,14583,45078,62810,33660,61885,36256,59444,02159,31772,27990,16191,17293,12092,02276,19137,17135,24454,65058,37084,21669,03699,57107,57761,60075,36014,00330,59899,29003,62248,11222,46331,30429,21567,42819,50684,01604,41576,11356,37776,39382,47391,29103,12476,17981,32296,09731,15165,34375,30414,32145,28434,61967,34587,31095,53906,06249,56991,43472,51361,18813,24611,13960,51200,17200,61076,52066,47706,61284,10089,52315,22471,09422,44236,04166,20074,65421,64073,60226,43214,55744,04176,23271,23522,17354,27056,15183,01159,26026,18784,45138,11044,51973,35713,20735,12288,39586,43246,12587,51049,07388,20852,30977,25215,62060,30687,05811,01988,29913,51011,54003,17125,29911,29884,16782,08301,41120,04800,20274,28317,04034,64261,54449,34642,63582,01608,14963,10516,00801,44175,42064,15962,41636,32333,38139,31822,11583,29714,22043,42157,61818,43020,19858,41847,40340,54874,52230,08279,01434,63179,
50183,60731,13349,42074,32524,43899,30593,33682,32838,36251,54944,09725,39973,19465,42330,14903,53713,16479,42705,50258,10298,37239,15903,28056,26455,59615,33954,36692,42999,53622,60294,41347,15124,11942,37661,18711,34466,06834,19455,59586,50075,23083,13806,06475,45035,12333,64696,47611,22898,02048,11341,53550,55623,52114,11857,37141,11393,36519,47827,19516,50916,15812,28522,32043,36296,35957,34110,61561,60502,52338,40084,09108,26840,10102,09702,52800,62346,45966,16413,40445,47924,25162,40354,50774,36345,03057,03381,12834,20535,45823,16021,60594,62119,23206,12134,49499,59580,45596,32868,16641,56868,30685,34029,29243,42907,21613,36287,42386,51787,00024,23731,47385,61030,29184,49309,37303,37568,48601,34917,24666,42893,55685,64017,14875,58869,48341,22335,38014,33046,14479,07749,28440,47034,53285,03782,57129,19931,02713,10923,16130,07274,33475,08239,39799,38413,01712,00543,21812,61695,12914,47334,02078,42603,05888,06848,45730,13598,50117,25642,12526,52571,55680,29185,19992,59447,45073,00736,10016,06956,23471,41194,34088,11025,03779,26299,03663,55657,12117,57021,07655,52840,25683,29409,38095,23004,56776,16862,28073,01222,23173,50697,03059,22547,30637,39447,50306,36098,01589,20401,37185,52121,64728,35766,12827,44839,51013,01778,20947,51299,15664,50063,23299,25307,27982,32421,45859,38400,47473,27232,01919,08865,14596,07350,33741,61727,35452,08688,44625,37449,09484,42855,52163,59287,02779,57665,07000,41725,22733,63050,36228,16512,02975,56856,43105,47628,41137,34169,41748,56591,40405,46864,31551,22907,13088,54258,31388,
06902,10325,09613,51346,44967,14414,45297,28501,01414,19814,63698,34539,09628,49521,16737,52113,42601,42735,60136,49609,56104,49538,09604,63552,12658,57642,50507,46587,03217,29851,11924,46503,47003,41327,16372,41610,43535,47532,51074,61410,64293,10024,04503,52928,16994,04015,50281,34563,15113,34572,32623,43183,16320,07071,10247,36988,00895,64933,63080,65262,05769,43035,00607,02988,26001,12095,61235,59485,45271,17853,19673,50645,17211,44378,18037,07352,52370,55914,34000,47606,05516,40344,36807,06451,22864,41745,03757,63490,25255,52055,41916,32001,60210,48233,53239,55114,33319,51885,52716,59522,61041,16412,29575,02201,22926,57402,55269,13949,59127,63265,16872,54458,40777,31868,22466,02372,47014,16210,07453,46043,17447,50771,27939,28453,27615,03859,31056,52329,23794,06723,15442,61107,06457,47617,42585,07641,01072,59681,05472,36898,61919,50758,56794,59304,33000,17451,17516,34129,06125,42481,61136,44619,35270,11065,08158,03112,20317,44022,06505,07615,07291,37807,41857,38761,40129,34607,18501,54893,56284,50425,28797,48883,07762,58804,31621,18785,27473,53603,58643,38743,31688,11585,41675,31701,11720,22256,19882,41860,64179,43679,62847,57856,38146,04675,65509,38528,18861,59436,25763,28171,61057,51501,28266,17973,35513,54313,15460,36831,42150,14093,37851,38775,32597,37066,47773,09631,63710,31149,28362,52897,47676,46170,01095,47936,15767,58624,40068,60779,30867,61147,50863,11058,05471,61371,21634,01246,00312,33002,16382,14357,00382,27590,38762,23363,37157,63651,56357,42544,07484,13666,21166,25776,39926,44203,39852,10991,
42722,25579,00947,27388,01657,42704,00451,46106,60375,41628,24494,38558,63590,18877,26974,61186,13249,29178,04137,11788,43914,28857,56905,48103,54992,18815,23360,25745,18865,47439,38445,42813,43637,33263,12155,03032,50231,11292,41344,44503,55574,01599,60565,19541,26361,34452,61583,50787,36960,56908,11979,16306,61519,51207,38943,18512,57053,15380,26246,23913,04417,56572,24054,22288,30929,41785,57557,48867,51753,50415,48515,56365,23812,45731,26561,45134,45705,63648,46936,44822,62962,49555,16469,19476,29363,48284,45866,02511,05637,39808,51239,13850,42597,14898,53951,23198,61601,51855,27720,28030,50073,18841,18068,32713,44108,64443,41732,13143,31544,47323,38544,64356,20058,43905,52389,26394,21635,10076,62357,37984,08795,09417,61632,29753,42140,04201,07245,47179,48264,37841,26976,54778,12234,12272,33074,44025,35334,47796,00450,28155,47246,63425,21590,47587,17356,01101,26864,06743,31895,02656,43969,11406,51070,46163,32998,45740,57850,40362,17894,01593,00574,32460,10188,56123,49614,28864,44749,40261,07273,37675,01610,54210,51072,47722,56760,14867,62161,48871,07400,07911,44376,39918,50651,36897,08362,22933,03237,00484,52690,21329,62997,60021,28696,30649,34964,53652,01129,06635,63912,36652,52628,01950,07981,23601,41438,36788,14527,51897,00455,25103,65520,29664,47249,14048,11467,15209,34492,38665,50219,32601,11658,10719,23440,14320,49855,35377,23921,28984,37637,28208,17088,04181,23652,29843,35183,05161,24799,00735,21098,46875,60089,41491,11052,52652,42096,45436,57139,02646,33964,46694,26122,65434,09549,50907,60777,29014,
33866,56330,15614,49195,20661,12202,29697,10646,11289,40105,23213,53555,64517,24493,29099,20897,61292,58182,38599,48505,55611,37828,46142,49537,56092,06286,16939,30653,08253,16532,08196,58293,48554,46192,49125,19462,30594,39194,49595,11261,24700,00270,22936,04383,10428,34605,61194,42930,03687,15255,34912,24056,05622,11793,61527,29699,07499,27642,52714,02915,23308,51155,49878,36186,25385,15424,04213,02105,35928,33191,63945,62875,00723,36580,64526,45423,53518,19517,46721,02605,22177,60778,52655,57334,27868,11421,55040,14986,32448,22234,41298,58204,51700,36082,19909,65031,65431,42810,55120,57050,28199,22294,23633,35594,05601,24794,23792,52674,43775,24581,22354,48007,61574,10608,10229,62527,00873,03034,18362,26112,23246,39559,46480,52564,28330,62727,22649,41376,36084,29927,01693,62420,34395,21766,08131,47675,59211,09288,20928,59406,06933,50066,41110,08593,58663,17714,00287,28303,28780,14120,29325,30996,57880,61799,22507,32090,54239,25589,45642,07930,14321,47593,25955,46881,27495,22365,05718,50938,61281,04790,30112,31233,32617,52061,02986,37159,44718,46299,11436,44272,58708,01560,25348,19929,06411,32403,21233,07093,37213,31463,10364,07980,62757,40538,34603,53793,64732,08177,60683,15771,50194,18602,02449,08231,14877,00206,55678,41926,28771,34204,20493,46929,27975,05335,53296,09576,38262,29660,25620,15796,11552,50613,64680,54148,51204,05334,19848,59733,64366,17124,55006,22025,58184,36985,43314,48532,18438,50622,50070,07402,49248,27648,42762,29513,41451,31697,10694,05191,26644,06616,05010,07327,11878,46215,01243,19025,
28580,28570,50747,23296,01309,60010,39058,22771,24979,23973,29488,21610,27104,40293,47643,40589,39272,33181,01725,23269,40502,53274,07485,44613,52983,46560,52143,02469,42826,36731,35482,65310,36844,35171,26829,07630,56765,42520,25871,22070,27016,43670,64072,26405,55973,49999,55011,57301,59949,28353,60695,45455,50412,17722,08587,31815,24585,38583,31945,60169,63614,15960,52875,22586,32465,01054,53043,03847,06573,48703,10099,24039,19063,35222,52678,11101,25637,62761,58434,57977,56304,38539,28632,46419,38768,07126,21701,54358,35144,63850,18986,62252,08495,41173,17703,37629,60871,44155,30748,41454,20995,59988,61568,50211,17053,24445,61974,44740,25396,24721,07356,41265,05072,00165,55068,06138,12951,31126,60741,47476,48127,02463,62669,36091,44985,26942,51682,17232,38964,14483,19977,29196,03087,27941,37748,37017,19896,05539,35954,11677,16393,07322,26211,47629,03886,00812,17021,34958,56551,33205,30421,17352,46025,47259,15782,00242,01896,37478,59634,57172,41939,60976,52509,14922,21257,34617,15973,14312,17651,21143,45186,22417,30046,56054,14840,21937,33437,43197,59846,43277,30733,21617,18786,18412,64386,17580,38362,28833,31030,48518,27693,59395,10055,34869,62863,34460,12909,22088,33591,11846,35684,42543,54959,35813,14771,25032,28892,20163,31218,24037,31695,64800,21189,38457,55260,19734,30166,63479,60543,58981,58486,63816,55236,14689,57941,55325,58942,20430,57929,32324,01953,05903,57868,64077,30251,06725,46863,45923,61469,27151,48238,32160,40336,28157,17680,32705,19986,13371,45661,27316,52495,26203,41273,38939,14006,49852,
23836,03598,39118,54464,33647,07161,46635,55406,61324,13555,13451,25826,02261,50778,45972,16552,07658,03486,24488,65217,11904,08988,10474,06363,37901,04851,04848,36417,49700,45088,10652,61443,61415,58109,22779,16267,43052,05320,11200,37679,28911,30930,34142,62054,24466,40511,15423,58352,61146,21004,58367,23070,15629,33609,42768,49157,52034,28710,63722,21681,32953,58265,16459,62891,56946,14226,13345,62505,37468,09357,37233,14881,44997,32093,01951,24667,63480,11067,62400,65476,47687,31925,52649,55831,38771,42844,50665,21211,34420,10152,56294,48960,44474,35779,00257,25527,34404,00763,12378,51342,30195,07070,16167,03900,65507,00910,13027,07512,52203,48710,07720,17239,04660,28439,07703,46379,31420,13381,37118,49023,46158,48023,50783,04924,31427,37980,52330,37886,57779,63605,62418,13081,36112,47044,35293,00982,46220,60610,13296,00530,37838,06508,22129,61428,25156,50986,00995,30808,21523,53585,18489,23643,42077,45250,47209,21646,60195,31109,58018,05972,37799,15952,64474,44533,30884,50955,48184,11890,65259,08067,01631,28759,59328,02208,51102,61587,28024,01383,03292,47125,11485,50378,62996,48442,33124,01899,57378,30922,50687,44131,15949,45482,06477,24636,57253,36855,43922,43435,65514,55289,46297,23476,20122,17083,60354,55527,49972,39536,58763,64724,43332,49374,28905,62936,37903,11935,43665,30818,22812,26036,14056,04216,09552,60993,45352,59368,28808,07360,14806,20727,42675,19320,21011,04106,39334,18583,16859,19330,19046,04423,00975,16056,53885,43937,28566,15115,15071,11430,28893,41708,30365,42122,24805,44229,03612,29999,
31976,45399,06113,38318,64915,55081,42186,37257,01516,52085,55329,51728,00184,35573,14491,31342,32878,26884,35613,06198,11703,35796,48785,11934,62751,17944,34889,50647,13694,08669,48311,27509,48455,16659,42545,54560,37988,05910,19472,51601,62607,23114,04023,32495,46117,54066,14629,18063,51565,61980,53280,33841,15041,24615,30192,45184,53942,46768,17378,14365,01549,56290,14758,01002,29905,62067,20649,45755,40930,43006,26930,16166,59160,37166,37105,55468,05132,07417,52431,59377,03447,49092,44525,43647,03394,35545,49264,29250,00487,57147,33449,29609,34060,42922,09131,12238,05503,47428,46769,62323,27178,12267,03974,47619,41019,13477,45605,63853,39581,17957,09810,30848,22282,22308,00100,63262,10493,13179,54558,36408,53411,37794,45127,25983,09544,41654,15300,11636,13314,02891,15577,51658,20634,46788,51647,42801,31365,11951,39740,32672,29266,20429,15063,20210,28542,37604,42660,37706,08586,39611,53747,25885,02589,04326,33125,31460,43190,10603,16317,34748,34353,52569,33178,02747,03451,10481,53627,00115,34886,08199,42576,15734,04624,43476,06097,33902,24376,32745,11056,15444,21500,34667,04670,17638,47136,16807,40546,12608,12277,36259,15194,20337,48423,53927,23734,21636,18369,51987,23909,37741,53443,62526,09945,60880,20899,30967,35281,17586,11898,10387,30993,27390,23898,53842,65374,33692,13380,47710,60249,09807,04130,46356,11540,48435,55670,07755,40964,25592,23754,27579,46575,54035,10696,24672,65095,39569,49590,51087,08960,61790,27244,12351,32551,58379,34848,23075,50543,45678,39722,09262,60407,27078,38323,37458,01258,51437,
14235,63981,59342,44326,26796,40783,27882,60994,61959,45425,58765,31595,44772,14577,46136,50261,35993,52135,29383,07696,20596,33696,21545,04549,24961,43601,52057,61128,01501,12507,50171,04165,48660,18685,11243,26331,18407,34503,26363,25187,61642,41650,21152,12240,28127,09948,44085,42536,59491,28713,03255,32485,62851,50551,33247,34359,45718,07192,12058,51337,45682,14691,64527,52870,22341,62146,59726,10296,49703,26260,30356,50937,36264,12926,40391,59843,21198,58004,46291,47918,62459,06820,14682,57476,58799,02805,36121,15849,26554,47008,35331,62139,56729,08457,23934,55301,51779,61570,39743,24183,03741,12291,60269,53467,51660,23286,12560,50122,15745,12609,05189,54276,36703,41928,42679,34122,26143,28332,23770,63009,62044,49256,20540,41131,21870,64850,30669,21235,07329,19409,39438,13025,65030,25252,00290,60682,10788,25543,13961,35799,58798,02534,19426,29735,38615,13670,08307,40615,16128,44456,05192,58547,07260,23285,26435,07409,48859,22042,07972,37868,62179,20250,20472,22598,53704,40069,44336,13293,57624,37399,44725,08059,44083,29543,03203,25501,28521,54953,28821,23076,26442,45291,46725,33554,61998,19606,29729,33892,05945,25445,30248,29901,62987,20561,24758,61484,08773,00295,11174,24999,26674,16686,46722,08974,16322,57750,26521,33297,17604,11417,32048,05456,20827,41799,41243,39865,58049,44482,59285,41357,30425,33939,38244,10066,32203,34669,33460,10798,10270,39566,43656,28271,40378,28385,42270,60459,19783,40594,25782,59191,49559,22607,14996,35494,42821,41986,50561,52420,02198,36344,26973,15741,23217,50433,21641,09276,
49284,38914,64789,11997,10922,52368,57237,40329,54062,24960,04920,55166,03976,55126,21432,41453,19313,64485,38510,15094,00547,57772,37052,51819,39130,24633,10986,39903,56419,28543,48128,21234,51871,32707,03689,62051,61883,58575,62123,11521,49963,18485,37915,15935,46271,47648,35686,30211,16651,58299,08610,17670,36980,15198,42107,61960,45667,26869,39407,41135,19771,11876,46102,44008,31878,31867,33255,61413,04513,20436,30334,38969,42050,52862,26488,22103,09274,16925,18038,19447,64266,19026,03133,39824,14919,37736,51799,06331,05780,01626,18233,32748,27413,37446,25546,47745,30171,13389,18218,60187,05535,59519,20309,13755,14617,64785,64824,16468,37271,39560,31189,56059,64779,06047,17751,11582,04145,15739,05153,57013,22948,53091,39882,00859,43050,46382,27147,11366,00204,08027,00596,29942,22351,03762,46149,28226,47383,35307,32390,48052,16465,29175,34836,02539,19298,51230,44569,39189,24339,29866,09689,40297,09868,44044,09967,36961,07775,35907,54906,59141,44591,50291,45439,38801,01687,50095,11833,19745,33147,18467,59475,33442,24288,44948,13437,52172,62543,39741,36909,22201,40535,01008,42103,64854,29995,06279,10157,03764,52304,59635,48503,26797,00897,25625,39492,42938,52669,64343,11113,18757,36375,60595,08920,63644,13257,21446,23781,39073,31644,48766,57111,12188,41659,01805,37341,35189,12283,43682,43208,58034,07503,28294,05698,44832,24576,00792,50233,42911,23508,38961,47483,13512,30348,32419,65267,02389,21261,60236,03256,60507,33726,04455,33313,11632,40686,25440,12310,01905,26450,61975,06346,11696,21141,39556,09035,17398,
14848,25513,56006,52191,58969,46799,63075,40809,11413,63703,01321,25116,41711,15837,33356,12363,49861,62232,22920,22503,61283,59423,27683,57964,55292,62781,13205,57955,30310,18015,20589,26146,57223,65090,50450,28948,28254,47539,64426,20523,36236,09395,01965,34557,36129,50273,37694,49597,44593,01518,50869,28925,61843,40634,04890,35696,61173,48623,35133,55571,40666,35958,47397,18334,13315,52312,46362,57905,50163,39125,31428,41691,19759,01451,63167,22363,49407,15311,18203,01055,05444,31911,12069,23264,25941,08233,60188,36383,18278,31617,55057,37843,36958,06179,24182,42130,34069,00762,28982,45749,20624,53537,24572,18800,26477,21699,16530,40990,17554,51054,41758,03226,42389,38374,39144,56711,53816,45050,03266,03264,37176,32372,25693,62927,64570,00595,42963,45580,34459,58325,33769,28259,57009,42385,18048,29900,52973,38307,24991,28986,24788,51910,11913,11905,13327,20703,28611,62864,43691,37442,37421,57217,04198,50775,50111,16139,03177,16851,18212,27094,63052,12472,57391,41743,06020,46250,30223,54816,06583,15975,55000,09068,57386,12721,03753,21179,08213,12990,29512,55904,65126,00109,15376,50009,12319,40185,36743,56746,02498,06137,64704,29527,32310,19995,14837,22231,43584,47115,58541,48019,20645,16041,57462,53699,61814,57376,51447,26713,03405,02545,30524,29595,23341,65006,18099,32479,05477,07905,49199,48606,11020,32703,18146,38977,12675,17555,29051,51709,29712,56351,51536,61806,63949,34426,14969,29653,12786,11940,17520,60985,14679,22217,43507,38538,33471,49236,25943,49843,34231,61590,02760,42484,25623,00554,19188,65070,
47804,56855,48022,57691,35901,49028,58662,44734,64585,28858,30987,48892,60956,40639,21552,65039,33047,61430,11802,05046,33776,16560,45039,37197,19952,61445,35705,13790,60458,12207,53668,53294,43231,32587,24235,13721,51891,26752,36556,50524,55903,36869,14575,08516,01167,11001,38099,00403,56291,29110,08700,28276,54509,29511,37472,37320,23949,07871,41544,50178,42264,07492,53821,11517,17940,62029,03671,36792,46120,60446,03259,45564,51283,62467,55693,63689,30196,62238,14791,17723,21561,50618,31966,24076,29963,56818,54680,43816,30236,64348,00915,56723,38898,05387,44301,51306,48688,03329,43118,54583,39648,01092,10677,58915,41942,47527,48288,30533,61187,11643,47742,47514,25577,63454,09687,14400,54582,64829,30388,11987,34127,10125,25469,38100,65114,10774,26309,06056,27412,00199,05785,15686,30739,65147,64754,25201,14274,03194,24592,41868,41182,00214,28290,08042,33353,39259,57258,33435,13014,62547,15086,28853,07547,45581,42979,26035,48550,34954,47661,18137,37561,07278,15285,09314,39104,62182,12230,24982,04654,63956,63423,53855,31580,12868,47984,25937,51498,65200,18106,54285,19140,40687,34433,34478,52242,61111,22015,36907,13562,44259,23081,38353,40605,59374,26654,29429,22861,42221,07786,34461,02341,03437,53678,34095,46907,59432,49131,46201,53175,21176,38492,53642,21705,21090,38052,27612,23392,62155,45534,08235,35661,62912,41406,51077,49755,17334,35669,39139,00546,11486,34771,64972,28018,18957,45754,35115,62445,56406,31725,15386,06485,31445,58632,61504,65013,11570,62355,24959,43555,13026,60909,43483,40735,16906,39707,08005,
42036,13096,05155,11508,25634,44554,14024,63275,18987,01312,00533,63805,50519,36990,43938,22889,64352,17883,24642,60523,55364,10546,35802,49490,24649,57416,53979,45432,59358,23301,34885,29621,05839,07609,40748,02820,39223,57559,57401,47298,55907,36268,16911,22543,05679,17318,20132,28232,07171,46584,07764,14079,29053,45201,44654,25470,10334,31795,13552,36428,63796,45831,06561,43618,45679,58280,57965,14670,02812,30731,35047,23110,47618,46453,44213,51244,00970,54671,00036,56609,62236,00672,44065,48456,59832,02094,38308,63293,20481,33976,61005,58947,35748,08023,26059,64717,36484,64030,47238,18571,52855,45115,54508,40343,60372,47446,37835,13286,23717,17015,27300,58452,05693,20667,62121,02065,56069,64828,55328,21739,14417,55066,47250,34880,40494,25086,30324,60836,57055,14041,56493,43911,34509,45375,23216,59452,17786,56641,47366,24698,11129,22475,43086,16613,44293,08248,08778,48091,22236,23483,25657,16578,13764,44888,08044,25228,55381,60239,32828,44304,65445,02531,04886,42644,00680,15060,42714,19612,30744,23377,15092,56892,47537,23772,30282,14497,61506,33156,13168,15004,18995,17051,23373,55206,26191,46429,45636,55447,20571,40701,00147,06148,03990,55965,49278,48338,58512,12434,53396,48808,01627,06032,58944,21857,12604,12161,35268,49585,28849,59656,43808,12626,05609,25638,14104,15597,30738,04826,49910,46441,39043,04583,05134,60765,27785,37820,07377,63810,12232,45541,65312,04370,19611,34739,43212,64891,10293,58134,21164,47513,60891,56731,13131,12311,02342,04157,63608,02950,05618,17338,55053,47294,15374,55772,35880,22691,
58027,22860,15887,35219,03557,21085,33110,16913,45010,60059,45021,36529,08095,46022,34818,62101,35278,46687,03880,01088,63589,44793,17286,12010,00697,05296,20099,23288,02440,51875,18793,26990,10565,50849,63766,06131,09271,21468,30885,01971,63418,09813,17559,59059,58811,42205,25039,48638,00293,28761,00286,15606,23108,18556,15053,15162,16654,13796,44558,06396,26922,18258,52124,32042,36797,63679,59167,09744,03504,27508,24766,03436,02636,34616,00281,06744,61817,39016,47039,23049,53867,36225,30716,11684,12871,51462,27789,03913,45855,11465,24820,36835,37998,44699,31329,43669,47904,64662,12386,39333,59513,48593,21891,42055,56358,44432,61279,44411,57503,17884,07490,26313,44951,55402,17798,16984,57274,31052,29878,19649,34380,28912,23095,56752,35560,23052,23127,22597,10794,55940,25338,17336,14202,15920,20341,24647,26511,42982,14413,56852,63494,29171,26934,53553,62185,29361,32283,03369,37170,51797,48326,39602,19596,18536,33277,18968,00785,40463,59763,42914,02293,36068,04512,38170,51795,60396,14223,26601,51358,01847,10772,30278,54225,05045,26461,28959,52675,32272,06423,08114,30396,49430,40551,28657,26492,36753,05629,63832,49193,37730,17742,20452,25531,39638,17497,21054,47063,58684,56517,11221,20050,57407,25864,54190,02467,59623,07158,40620,14871,64002,56939,25150,28722,06130,30799,38700,14230,13544,43033,10873,57364,14906,31402,50668,07525,37754,03218,19826,60245,01413,01776,12984,20604,07460,24340,60929,42625,17934,28564,59048,12180,37538,25224,14395,04277,32180,37223,37466,18057,36381,64445,20803,07287,16868,14227,53248,
48961,02963,09547,43295,10049,62703,23557,47082,48339,24847,57681,59693,43405,62188,48801,22378,11498,11709,01368,09045,04270,34273,36330,35485,05438,19584,48270,39052,00017,28235,53155,31821,56749,19403,32536,18804,28441,13919,30840,38054,25582,01126,30886,18923,56668,43894,60329,02797,17946,50110,63609,54642,24419,31765,34134,32978,34054,26999,08439,38371,45628,13600,42088,25676,48829,41017,20489,59914,55570,59864,06749,25412,48194,31613,45531,18255,04982,30803,27399,21741,07937,32342,11765,39522,60444,35181,47845,40232,44225,62744,16615,30220,65187,39164,38688,50470,22904,33920,40790,65139,10377,51491,15505,51915,11929,19832,17016,58454,20631,31938,18364,39024,11376,62655,22240,54887,31736,43225,58871,39534,06997,62993,41078,11201,26627,36533,05353,11205,13604,06107,34400,64415,21693,11287,05212,02934,21165,59874,13659,38148,37887,10044,55695,24743,34366,17788,14251,07154,06171,60922,42990,42611,18235,40991,25930,61078,65009,13392,57828,62596,31506,50856,36479,05593,27034,08921,14128,48964,38577,64641,25399,04402,21939,08552,44587,22488,00193,13684,19237,01666,58655,21579,24836,17003,20652,10909,20197,45909,50952,04862,37005,08319,60220,31960,27256,44245,46600,07384,63740,35892,35273,30481,41269,00957,60870,63581,62367,55497,26691,56307,62168,49373,34483,02544,38197,28315,29263,45359,14468,60970,18528,41924,00061,62461,63426,31888,30732,28021,33959,45475,22895,51068,54789,58378,58814,44864,45298,27734,23043,64766,53219,63333,40384,34045,24154,44626,45789,10356,33214,48879,47287,33810,26039,62298,20636,49773,
61015,56177,25812,55986,30156,64575,18532,02391,04854,40644,55030,62551,06123,45785,65492,21017,02580,62421,22988,46326,63241,58478,04292,08299,38422,21874,56986,05490,09471,11841,13149,63166,40199,61595,37077,55783,57196,33502,47484,12152,29605,16541,38560,14236,35458,63739,28191,30652,32497,22393,35637,59134,44273,03524,55287,47234,51697,04696,53755,12025,10122,31818,42985,07496,58277,26647,43170,14959,37212,10679,16205,16998,02691,36542,20855,56689,23606,12260,39537,52102,27881,34979,64087,32666,01877,16959,49451,21472,01823,26610,00523,09238,41755,22560,59870,16087,11234,56802,39780,24221,43862,57224,40477,58158,02036,50080,10454,55794,43609,35628,34033,49306,03236,11813,15422,31967,59101,29335,22897,48258,61029,57012,28765,27863,19508,41130,13756,56761,56699,13148,61272,47203,38113,06467,07985,24347,01298,06741,30630,12657,28134,41806,17877,44331,56932,40039,07731,14518,30391,43943,30006,56244,64596,58011,59646,12975,40584,20833,21322,14538,20663,49695,53635,23979,35216,55502,59096,46047,63961,46372,29958,53109,65407,56549,11588,54614,38069,06207,22564,48102,14333,05548,29102,35734,11075,29288,63750,14636,54113,31612,51120,48165,55500,44579,36117,14053,39131,56160,11403,58916,20917,30881,36405,20913,44548,62279,18984,60742,04991,02502,57585,31974,11894,31590,28706,39310,50221,39502,55565,14113,37381,61508,11497,19017,54997,29077,09997,13913,17634,52774,49293,20553,36530,39582,20676,50330,06190,06968,19862,10725,57577,00805,54919,08171,16242,03202,53243,47272,62305,57435,07873,34174,24456,47741,44027,34638,
36527,20150,03539,63616,44435,31357,42824,61548,41972,57278,09415,24101,18432,28048,60311,20048,38818,12149,13568,60299,33130,32483,35570,19921,39490,12797,14447,07977,62533,13469,60919,42016,16974,51097,13979,17861,24189,30140,36920,11514,18607,08160,41814,37291,44347,56500,43645,21504,22435,34543,16089,27790,63812,58470,21094,51169,46893,37780,49965,59002,03580,03676,27979,58928,63506,29215,04639,54964,38884,11714,39563,50465,59598,09759,06892,05884,10326,45589,49688,16173,45838,46302,54296,25536,48524,41672,07103,05125,60156,19964,26779,07825,35927,55490,46499,59003,22004,09281,04937,27500,51712,26754,05440,14271,55429,25797,09712,50671,26565,32787,57456,49386,60204,44977,09503,55226,65129,30661,54918,48614,58373,03269,41024,06910,32971,05523,08843,36804,36685,55666,18876,49086,23065,41769,00349,46470,07275,22650,17597,30313,14529,57166,42026,01814,36745,21136,11286,37109,22161,56510,10721,14653,52492,12682,42897,36237,55337,08942,57395,06537,42680,57612,50176,02852,46501,50819,00589,07978,58026,36795,32763,56736,17875,54029,23937,30141,36593,07822,64603,22169,24552,50606,02697,29241,07563,60118,02710,57551,20601,09195,46171,04358,35541,58922,13406,21163,53823,38479,32743,39599,07723,17865,12356,22793,04155,44106,06334,01356,16156,49988,36277,51165,27821,09368,11189,46228,36017,49514,49787,45871,56606,15725,57518,62749,14951,56635,01474,42315,34453,01179,65456,08626,10023,31382,48246,04708,50216,53715,41349,33752,63224,00525,10158,32477,64137,11727,50737,51851,09360,05094,02151,29059,61904,53483,48502,12802,
59199,12715,39161,48382,07621,11858,52936,33298,57293,57697,09804,18811,29984,36767,03940,35707,21232,36419,09787,39225,56907,62831,33820,16348,28962,40227,13938,02923,30667,11089,03637,03030,14219,28144,06849,47448,53246,02800,58565,16312,09850,21403,01034,28680,48134,04750,25154,30679,21926,27040,36953,51883,22111,41873,44009,41998,35360,00644,10465,24548,51905,02597,62329,12498,37436,48278,30127,40323,05953,29618,22212,19888,40903,16787,27677,07901,48476,11008,04139,20497,27362,24177,03559,45033,59951,40025,30350,60828,07135,47454,49762,30015,59451,54046,32449,29655,33413,61248,51815,47255,38518,27262,31992,19387,27080,08827,39795,36114,42450,31857,32018,52749,06867,05248,03955,32739,13574,02835,03666,38778,57359,46472,04961,49690,03096,40626,07497,46049,36411,56240,07923,17941,06337,47864,35077,60735,07888,02298,59046,06015,07841,36727,04251,62135,54703,39643,47379,24453,47867,21247,46576,45742,11466,26851,29111,64537,43852,12094,41428,13385,40706,33414,05649,57480,34871,59589,33564,30734,52036,25868,23745,18425,16857,40893,44354,41871,38674,50398,28164,31559,32167,53737,07506,02086,61033,13007,62097,20483,17564,02649,47890,23350,50382,10959,14544,62433,43123,38758,13102,16403,46709,08874,43438,47786,33590,28238,63348,57229,59934,27646,13316,48020,26114,43628,55393,55517,33911,11016,21104,20100,18521,47050,56102,05422,01170,40207,59473,36361,27551,05690,55713,47561,62495,28132,54476,52926,33542,03402,40435,43506,04856,62750,09677,54618,57825,19384,00976,07261,21336,05401,20835,00632,37082,49568,26746,05882,
18150,51554,33411,36496,10012,34619,27726,13194,53730,03275,60284,27339,16871,46779,52340,40191,54204,06098,37657,46952,60325,12823,08693,32805,07182,26681,11275,55931,28488,03725,63994,31409,17986,29371,44790,00793,07452,06382,51353,44907,25648,21276,45550,35945,44486,06289,30523,42600,65427,51008,48276,48009,52247,45994,03700,16012,52751,15385,29569,16223,63287,17750,27215,48140,33730,06898,32165,32179,27827,08047,21480,51427,39462,58955,21838,65240,14938,62061,18363,11294,28430,15061,25975,63398,14366,14615,20082,26591,28465,13816,04453,13715,10857,25828,64649,16834,37428,00555,14828,56011,35895,44129,61861,23758,26326,46053,04511,61089,19004,52219,23644,55424,40047,42763,54229,55105,17937,26279,34862,19578,33742,46726,21260,21643,05052,11551,10030,37732,28591,21407,34615,14664,22395,14905,06310,03007,28739,57582,33909,29353,22568,64801,19576,51824,56258,57011,60436,42121,59028,57254,29588,48188,22646,06603,58539,56334,61402,43678,49320,19217,23214,32561,21958,23190,48946,19340,43351,26649,08910,11742,42671,48725,62363,48202,20028,54930,49474,43029,24139,42666,05278,10403,11532,34348,29870,09473,25171,27844,43981,38897,12755,57438,18476,57636,25497,27374,13573,07332,56653,33578,04045,08418,17702,01511,27534,22054,32175,15711,33106,26049,41036,13110,26043,59477,27234,05040,35251,38552,39827,45451,18738,62854,25176,19043,09916,16261,03586,57968,53181,07411,02766,58439,24114,47371,40636,22213,07223,56465,38741,28445,40510,28957,57527,62478,00419,51044,62131,36654,17172,53016,64058,01696,59045,35754,27550,51057,
58362,33168,24543,43661,17457,58266,46202,10675,01885,40478,37624,57202,52444,38839,47485,18911,43406,25544,13571,59741,33875,04449,58316,50867,15971,15743,00296,60397,57296,35832,61749,00028,39031,46445,40019,07427,25475,55104,14014,21062,58282,32667,26238,63554,30950,12330,02454,59555,65152,23172,31273,36266,26702,29270,51594,31326,19379,25664,15328,56235,48353,42083,08413,32857,16477,08946,57090,17403,50964,65202,49915,57803,46858,58408,54940,48479,10482,25263,63430,20427,32434,12087,65107,52978,52287,00906,50475,23086,55143,02010,15914,11580,41759,46991,56060,41526,13020,17186,29083,48327,22519,18408,56667,40083,08996,28772,55141,30255,50530,62032,43109,64653,27401,12387,20544,02838,52471,43743,05463,24937,45377,04057,07183,43597,23112,64471,06046,29052,55279,51850,23840,09018,37190,29287,36210,08736,26569,25265,56189,62893,36758,21717,03395,07906,12841,40749,12899,42612,31421,08978,45611,01015,12677,40715,37208,59786,05413,22821,00929,45277,33956,17677,52200,45093,13554,11928,36620,51923,38489,44674,37174,41751,43148,05221,10367,51388,64090,26364,64844,09066,12264,07057,47419,03905,12985,16360,12527,53949,44878,62465,36968,32885,11847,17691,21706,24047,30053,15875,39921,11368,56464,50386,16665,02178,42926,43216,62764,03588,31453,03592,51680,16275,61384,51434,05636,03529,56553,07912,56144,51566,47613,32933,12860,37070,23485,44075,54609,21001,62981,17571,36668,57586,07060,06887,40400,26125,25335,05168,39045,33778,42181,56650,41679,14516,11304,19239,06604,17740,39373,51858,19732,28095,45006,33644,50842,09115,
22746,45034,43927,51570,20040,34986,42042,09043,24379,50959,08386,17767,49316,44012,26839,30891,20124,14214,60557,54350,44496,07127,32624,44534,32120,08554,54015,10668,06412,17846,22049,53061,17635,10556,49495,43363,15631,44367,38043,11923,29696,09852,29703,01142,26587,40842,31629,27161,58499,19287,05252,07174,03091,59149,61986,38693,46617,51820,02148,22921,36169,44673,55720,57975,28082,06140,43349,27841,07940,27834,34901,60401,61382,54584,46557,42664,26575,03018,11800,35668,31796,17595,63818,10309,22183,25643,46904,01127,55475,05086,35340,14154,60483,32466,31133,48925,24163,28076,28664,54746,41982,61584,04785,27123,48319,48097,21593,18723,15940,07971,60470,19160,40007,03155,51482,47352,22515,30567,15120,61612,61764,19347,26611,04590,35607,12237,48511,60636,50391,26350,39494,25883,30628,55809,22176,49494,24936,36633,46956,20969,53149,13894,22869,06802,63806,31287,42113,02883,09086,49529,08579,64094,50539,01315,09317,09796,17822,40753,23328,21847,49709,41567,02258,39860,21217,34805,46708,31794,24005,46934,36026,63059,31469,04126,51227,49109,15232,30234,42943,07914,35371,53990,52063,08599,61979,63107,00712,61441,27944,36658,02196,09884,15640,57211,04269,55405,22328,15977,20924,00435,06527,50264,56515,50927,26324,64706,20023,15426,12390,10860,18141,45322,07179,47286,20920,49059,63545,57512,06534,03502,31740,10348,53017,41356,14961,54351,14126,10956,34960,32156,50482,51562,16072,58639,58263,44468,09010,64165,04354,60579,02789,42709,57693,47586,07580,25841,32945,19060,28850,36908,00856,25250,12168,16367,27129,25481,
59081,48458,45089,07214,20296,19105,34906,61833,61688,29571,31611,63292,64621,01111,38843,55111,43381,17159,46280,21248,50044,58931,40334,60026,53247,49567,36008,11108,26774,63946,26463,38320,41715,16230,03041,26531,11473,16571,38443,53394,44348,63583,62907,45941,47932,44686,64143,10317,61139,23714,14878,01642,62004,05076,52939,20168,48567,23723,40172,17668,35807,31234,62517,27914,44927,15156,56976,10802,44541,58954,24318,27201,02083,61212,49532,42639,53500,17319,42729,10113,50925,37115,48132,38817,29708,62262,39825,04390,39251,44610,26135,06856,44984,17249,45634,27159,29027,35527,28443,13705,52768,38810,10127,44656,37080,45401,17089,13649,01959,36052,46324,20820,55493,50193,30268,24800,09117,31374,23582,24374,56287,28816,03005,51649,59130,12493,61828,48840,39549,04362,40230,59324,23165,20572,15291,41303,45505,50014,20133,50057,49275,48247,13494,06381,41999,02055,46731,02966,56190,32882,32633,58933,14100,32320,57198,01271,46015,23531,52053,47414,09156,21971,51802,22945,29748,25916,57839,22853,22727,02490,62414,11038,05196,14685,47145,23727,25662,29201,25624,18729,51445,02960,23903,58907,59790,62960,47075,39208,08155,49744,63933,03538,25953,08102,35074,38491,41160,27598,22394,22127,42459,09730,35429,44680,44669,20334,41222,26998,53958,43373,63902,14147,25659,44497,52326,49444,40489,45223,50516,51924,49072,25258,61224,12737,30125,33014,56457,46027,50278,31800,28879,39416,22880,10726,06836,00284,48173,17582,06259,33639,19424,51686,19627,60335,61553,41887,21310,58195,22135,07733,07294,32247,57660,18705,46447,41601,
07391,37716,03276,55529,10509,18054,29200,44194,35761,21349,45692,18387,61024,43687,12741,64562,48101,56630,34372,23261,24455,15571,40971,45345,61458,44729,58909,57180,21969,29260,65453,27596,56130,03842,43650,18095,64683,12798,23227,60546,25680,15655,54467,02480,10930,16461,48756,62742,65043,41355,09256,50051,03510,00348,57726,52736,42564,20846,36385,55466,13434,45461,51264,30574,05417,55170,32195,19581,58161,31834,41970,48085,00018,53005,50437,57149,46660,20998,18470,44104,31628,03060,20895,11111,29935,57377,08215,45299,51174,56832,50957,30264,45799,09239,13658,03063,63936,08517,42955,36216,10290,40618,12729,65387,51460,21168,03028,04478,56844,61800,24036,48948,19198,09140,37037,02355,42367,13008,01508,54436,05866,34183,27976,40891,13251,33304,32304,27189,48482,60197,15151,40110,10341,00578,60453,33679,40723,25299,54056,20065,56013,04396,62507,03289,13244,59538,11180,59791,25517,56608,18880,63026,11124,10429,17333,01327,03735,08537,44345,58002,38545,27829,46963,09173,01219,61906,51656,36977,60708,57397,37608,33044,30584,11054,06780,34967,61810,02282,12724,58657,37713,30001,10383,14379,12377,61944,61378,36366,38668,62578,44711,57922,24393,21905,40989,12936,44576,23797,04193,09188,26732,52780,34742,57242,61155,28029,39604,53677,33058,46993,42301,60277,06002,55780,22730,00734,33883,35592,60624,35861,30601,04062,30430,43961,52294,28090,26551,44359,18298,38928,01936,28003,11571,16884,35492,39651,48216,20254,54140,26454,03288,04697,10305,34843,03485,64025,21619,08718,42467,60348,36207,07476,41314,18005,38065,18559,
43410,51476,39937,28166,63515,42318,28695,34660,62003,23174,38060,58087,03572,13203,37914,31268,08932,41635,21660,45957,20287,52802,05322,01833,37894,17615,51435,24551,08804,03279,44268,23138,33727,18402,18194,61271,26788,11616,18151,09212,46700,53618,21171,01918,08749,21872,59722,05691,60982,18892,64451,25549,22463,48602,43744,26127,22848,28536,43828,60443,15499,38193,04807,01032,00922,36314,47038,35310,53574,41329,21945,58188,33788,02590,37236,64857,63880,07558,60320,37117,36545,02344,32437,50260,52190,48622,06874,50090,61611,60938,37695,53410,57730,51083,32600,45273,46543,56222,53414,17360,19220,00315,51042,11920,36940,49239,20063,17189,31758,02535,38889,64710,46971,05034,60013,34549,42196,14185,48094,02899,33659,07721,00848,62589,09936,21142,00811,22297,02948,46967,58172,14991,62756,51588,63032,45480,43912,57400,24864,45701,43263,45944,38180,06287,44732,56540,14484,18822,04666,53898,52020,35027,35407,39885,26017,27402,22479,29779,53107,03647,29437,38920,21239,00324,06835,39610,11352,06219,30218,55972,29899,57504,62010,35518,00304,49326,12720,46066,48047,60327,61737,15821,61188,59650,31995,58410,45458,01682,11460,42945,26783,53110,48934,00126,41631,00789,17139,42084,24202,62373,46714,33165,42502,60255,42434,05141,30849,07671,59220,56048,15252,57036,08925,02317,24113,30758,56934,16993,30774,12352,18548,45405,04536,55079,19262,44382,30757,36635,36629,59749,59365,01314,11127,08234,33184,26234,60123,06060,04921,16043,40000,38248,11650,51362,12033,63335,15466,47338,42469,23418,00106,12697,19124,23854,30034,52529,
01381,28296,47026,36474,09701,00047,61148,09563,25197,33395,05421,61798,22752,37942,08118,13768,47511,37087,09194,38542,17433,53946,10938,21191,04081,15135,57157,49251,15788,65357,50419,48500,36937,04727,63754,48321,16685,62640,21207,21306,21460,30794,30458,23354,15647,37189,29952,08731,47512,58730,39081,09142,16000,17587,12021,05680,06134,55418,42491,61143,64064,04754,24754,60969,20965,01938,20306,38845,15636,25326,11252,22760,03158,02921,46727,65500,22364,35087,40862,02120,20358,12040,45587,44752,09509,30796,02689,44145,40656,20742,31883,46880,18502,06686,51004,04061,04010,00135,46878,16803,08073,25703,50485,15170,04804,31955,42276,36397,25312,28831,33412,18979,04301,08911,07544,23976,50218,29098,02499,54866,27609,51363,26985,01799,35630,49867,49250,08086,49522,41701,27074,22729,13342,01519,48261,57484,11389,15588,55791,42087,00637,26672,61963,07946,14863,26428,43685,16779,53127,62787,64253,26316,06225,22472,46151,13104,44683,01880,07807,48996,11535,41822,46983,36910,17569,61012,28345,32714,26503,35041,09447,03579,46789,09930,46298,33790,50840,30469,00158,15762,36037,60757,41046,08459,23122,45155,60680,14809,53066,45379,47117,03937,35986,21360,21551,14613,65207,19266,31201,34541,45204,38998,33832,64581,43393,30279,14567,07837,41081,23805,39030,62338,37996,45286,32464,34533,32656,12313,24658,31714,24031,33986,16596,07530,24415,18918,35447,47568,38013,64453,63207,52664,19699,18898,21269,20019,52765,31779,14611,25588,30240,49701,47457,30446,08878,57201,04595,40091,01470,50943,43474,43554,07405,06606,25913,29131,
02804,24107,19146,56721,21052,14247,03341,44652,26077,09565,08954,64505,01459,46185,55438,05749,16865,18866,53478,02634,17212,56399,45559,02098,11948,40675,15832,54431,53644,56471,42285,21652,05762,16335,23231,48986,16098,03149,28590,28281,27711,42888,00052,34192,54182,08636,12171,11860,10954,28371,09027,33073,23925,26425,01297,19406,19210,54903,08790,52382,03232,43786,51813,61802,45492,10449,09574,59963,29476,22630,01654,05239,19332,08578,22847,00650,56502,41014,53596,31405,21108,23509,56664,46223,45269,26923,01067,43326,28256,40895,26177,24640,25476,11468,19175,15042,31185,45952,24345,50473,60047,55560,56853,18482,52823,50969,48938,36056,58327,02954,62546,04614,08973,32525,01810,59547,28569,14313,00202,18423,61958,21525,42629,52177,53415,18464,26800,41649,51198,38009,64200,48916,41517,25595,24557,53027,51936,43567,41770,50754,19725,39542,59345,38711,48492,49845,18454,29113,53536,40733,63394,15780,50569,32038,48252,49341,09070,12328,37712,38548,31603,10754,48765,13193,22253,18970,16916,54590,49415,18001,07712,52314,57749,01637,54494,11769,53031,29220,52552,24311,28049,30345,34897,51934,45511,10004,61177,06512,05178,08408,13449,00835,22068,40730,08157,17671,01161,51947,00379,43653,34608,57990,33850,53879,48205,14028,55865,16428,21454,61113,49967,56215,10391,61921,03110,63935,48680,22047,35524,13170,64643,55777,09680,14600,21956,05979,57597,06765,51943,23851,37310,27277,16945,62479,07659,15956,05596,16688,12702,47074,62428,58976,36996,28676,38201,17665,48151,62164,02051,29443,61586,19658,48168,14020,19736,03838,
56341,00357,13183,12778,48195,45986,32073,55595,00103,52352,16877,17575,17331,65128,56989,25874,06830,50858,34504,06605,56780,38882,38134,31097,56507,17263,37497,00651,62260,56333,14178,50416,31916,58317,11310,46704,40353,27523,60370,29897,56955,37659,54877,19714,06678,51357,13132,14752,32698,06548,39241,58551,09102,26887,11041,29658,41842,48748,13446,06068,24570,14873,06815,64013,36928,60399,41761,45048,28288,55085,47144,03956,23475,00299,60756,19592,48796,28006,03856,60581,64207,21209,44406,32773,45153,60808,02692,47966,04121,35820,08828,19773,58289,60959,09579,22222,38934,10539,61705,14456,14780,55912,37610,52281,33893,00594,60607,62498,60641,42303,56811,41346,17113,23442,50627,03854,12034,31482,21132,61218,20144,31208,50000,31174,10897,49692,33736,45758,47640,10205,34498,03684,23022,42302,52077,51920,59013,06672,36342,65195,42034,36329,64467,46966,59017,39945,59855,31657,36380,56484,20940,47054,16411,45016,43211,27776,00823,38372,33812,30725,23492,33571,19023,64535,11081,12492,24103,11713,40314,16572,23490,24304,43651,39774,61349,05321,30600,59292,21805,04359,49632,49885,55268,03212,28920,57357,63737,54356,61834,08800,61540,13805,53940,19939,48330,24496,40526,25323,17622,50877,33270,11159,01264,25724,63521,24071,53095,44846,61782,61069,42005,61792,05063,38398,56566,13069,12335,35599,32904,30843,39952,55559,62404,25123,50388,50076,61864,01336,58595,60232,57855,07598,25854,51374,21569,07552,32409,57926,18526,25759,49554,45843,48891,59004,09921,58949,51538,28597,24433,09837,45392,17240,36588,57482,26572,08847,
44780,31238,22232,50167,52960,55167,63473,65296,16555,36036,22903,53872,29367,31933,55380,19652,64268,27764,39008,61636,35893,01570,01281,38813,49794,31877,56957,44399,01766,17533,29364,17737,48742,23332,35372,46279,49593,29451,54794,63499,14067,00421,64930,48012,41523,28778,11633,41722,36410,37812,23591,61850,06897,36487,27893,50462,01437,11711,03645,40978,22153,44284,34920,14705,35279,36933,02330,14968,47469,42094,08864,09737,54470,20244,28485,06459,44395,01927,31084,12850,30482,40449,54687,32318,31565,24804,62434,57354,01759,39047,20115,10554,38643,09975,05199,61952,43767,28413,00084,15667,18982,28717,10736,13343,09223,53693,18080,59599,56272,07037,41727,33291,06120,35651,11805,25976,52198,43714,07187,54330,47462,56107,25430,16950,38498,19098,57490,13916,54742,02405,43107,05051,02715,53377,27478,16397,22557,10020,51539,15603,52627,39450,22671,02763,02429,28838,31280,60018,54722,35021,05373,42411,15295,09017,49873,58198,60831,58443,59417,41050,44180,40192,34729,03698,60376,19717,03922,36569,57018,11441,03499,32362,15504,31116,17886,48439,18025,04538,08875,01793,64556,36132,54531,28409,63691,46989,28479,33757,12357,25288,29345,20471,48416,40867,34922,53692,63618,18597,49340,05462,14517,14642,27659,18198,38963,45285,45121,52056,61040,50528,14574,13731,44598,23187,64999,56338,45468,31504,21799,48358,17828,00990,42465,18288,51964,15673,00333,04726,22457,58045,07744,48672,65340,42910,46313,38035,34938,55134,08726,60517,56543,31341,59493,06268,26978,17613,43078,32337,36989,42670,21612,34684,04567,07611,27270,53883,
12254,54110,43367,22912,54121,38580,42715,20128,63550,21720,04685,23888,53356,43257,26431,54480,50918,47434,16752,53080,64489,51838,35226,57867,37015,21225,28179,51018,40641,45365,30671,01479,50681,31385,35983,29258,16155,47728,02940,64716,21355,24024,19842,55488,34940,25542,26817,38873,38785,20319,57514,33523,26297,18736,17517,16852,39768,61280,17024,11692,13330,12221,04682,58287,20015,00271,23327,40036,59612,24252,55725,06857,57596,29850,01607,09977,24664,57971,13079,23191,31679,35595,46872,03377,05026,05661,04766,10177,01945,51957,37107,17904,54096,39998,48597,14407,32474,00551,48453,14445,47755,22987,10879,48603,60953,12345,26544,09878,21346,18395,29181,24624,07111,12664,04539,62095,04293,32871,05640,62999,62924,60430,20666,47562,46042,37757,35364,57280,34976,03853,56066,65308,08783,45446,00471,37717,07133,04977,18612,62745,16178,40140,60215,57488,06564,43874,10046,27306,65322,54009,61515,22485,65305,32539,06651,17795,07838,23795,52290,33380,00938,40500,08185,26139,28161,55530,27798,19528,37371,30379,15798,20193,42412,51269,38334,16404,52963,25125,09273,45725,58191,04858,15143,56526,22995,33661,23610,43424,08810,42749,45347,54415,53161,26278,39970,49672,46857,40821,21792,53647,32467,63072,24980,27020,07119,58369,23719,11678,57614,03608,19807,19446,33432,25832,64063,60347,62718,12982,51726,41967,44054,48974,35838,13723,58505,23115,04611,25305,04219,28038,06128,31278,15235,07725,62898,05814,08717,20787,43966,27715,14552,45002,17690,40182,35415,41570,05431,10037,15653,19644,14614,13747,55950,28573,10901,00588,
53777,01858,53198,12212,03724,27250,43865,24141,06814,10775,47957,53105,40251,15866,23999,39897,35598,35432,08452,44857,07515,44504,01672,03575,57206,58800,22876,34537,16228,41111,63442,57271,24477,20781,06333,38709,32079,23817,34125,27513,22116,10178,44530,23454,59470,65042,13227,47546,20958,35405,54860,12839,49498,55694,58288,25368,42803,17548,19169,07403,53389,47230,52167,47300,42199,15036,29448,25684,01065,42538,56071,06641,44767,10942,53611,07125,02322,09340,38147,60081,51978,36470,31466,20646,23139,22644,00758,48584,04446,45984,22645,52489,54196,63925,35878,01921,00718,56285,44256,60202,48822,60755,28607,57847,30654,53071,39978,45958,14565,21037,45707,49384,48527,59788,33989,02999,62453,50652,27627,38661,08024,52615,49503,01806,48424,58883,45413,57455,28203,25743,33011,56135,31107,43322,08350,23581,23072,60920,06991,47126,28909,05405,61890,14078,26925,56598,24629,61433,22112,45858,07921,48832,27004,30298,60244,60001,53269,46498,44661,51984,03127,38196,03896,19823,65106,44208,30931,38110,27865,63404,51848,18863,10542,46521,44016,01352,26726,40806,58866,17204,37383,39898,00334,64846,30119,45771,57876,48356,04995,48818,56615,24080,43841,17701,07704,25246,20021,00870,24596,34959,38533,10529,43731,47975,32746,60120,46101,17164,32248,54016,57361,32818,42309,34814,30215,51479,33616,42840,18410,44484,56426,55093,64993,07078,15337,33155,31393,45360,24073,49979,04017,02894,14163,17850,14448,17619,22942,38630,54038,32054,45001,29191,61308,13711,43639,27719,61460,47825,20407,26216,54032,34457,45947,65243,24823,31522,
44252,49360,07629,27874,30573,28663,06870,26090,40850,65376,25842,10072,03555,42271,47980,37743,21899,32100,64887,27786,24287,16220,23846,02406,20169,46339,36359,58549,17073,59099,01922,00862,50125,34838,00142,28672,24719,53700,60616,58991,03567,57578,37456,44843,39631,24413,34903,22682,01045,08869,12983,55058,28210,03069,16033,61444,58100,10637,52745,05768,32996,24020,08314,43523,30510,59086,52407,36304,06433,47697,40845,62076,35770,27113,42008,53997,12127,55533,57708,42233,27502,60866,63868,02143,06338,52486,03561,43695,51822,09308,24121,60495,20165,21242,35008,21409,29852,35827,16582,02792,59711,04076,00139,54563,38663,02286,54978,28404,50759,26100,33780,27050,21864,63536,52638,21993,27971,15838,47888,04258,21781,25386,51747,18486,39906,58904,25496,04466,46626,39551,13344,22398,21984,38057,12809,63109,63481,12416,52149,40286,01897,33801,52401,54455,42779,57207,41825,05775,16361,57468,63053,46631,32542,06168,37929,61531,55704,40248,29159,02616,23987,52424,05747,48379,16978,05481,50059,34929,15840,35460,50152,53649,55074,48993,43446,38540,28576,19712,09642,58023,46035,16092,57390,61616,28078,44511,47061,21097,64320,23571,02825,60558,61481,38431,52255,17068,56163,01402,11694,04227,52384,64736,54346,30089,16653,51481,07436,11626,08318,53142,64199,51295,39805,08288,04553,56622,53578,09363,58152,44193,58979,29143,37031,54785,47780,09334,41615,21869,27128,17539,18373,41183,05071,63230,37304,45314,23063,20422,11084,30071,65425,36571,60780,25131,56318,55766,18930,29100,29598,01795,01852,48717,57412,22735,62353,04516,
57849,13034,58555,45206,21594,09942,33758,46033,09189,47067,20127,11363,25741,56576,13411,56990,59131,00540,43386,19849,28456,07734,22186,44253,03943,63155,57320,19389,63310,13672,16095,47765,34720,31452,30578,35939,51047,47219,57006,37308,61350,39463,07479,27373,30553,60692,60431,07348,32727,21031,61418,06571,50039,25794,36241,35260,23158,49662,55526,01489,55944,21016,53496,26289,40360,64106,35308,20403,45353,29553,36664,33091,48089,38659,17339,63909,61495,05250,59776,13511,38219,47158,16390,05611,17397,54987,31212,28356,29531,55719,16691,01677,32246,57444,57948,27304,60073,01268,08856,31070,30613,01722,10831,50012,09801,08310,59415,35959,63721,58957,08403,12011,54764,44023,17800,34785,20793,50785,34919,46641,33138,58667,52643,55376,47057,44241,36400,26678,62627,29759,23992,15786,51919,03912,15802,52806,58093,38684,27109,09587,05750,62372,62299,01017,43704,20054,61535,49159,01590,24457,20988,00120,27088,48031,00560,51197,11914,56791,63034,13963,13807,64365,40817,64845,14990,46249,19463,42153,15201,37471,31802,59886,19876,58226,46044,62383,33582,13373,11953,09015,30394,41724,18674,46930,17168,04758,43837,04314,47657,25655,10989,08470,60078,02909,15650,56741,11492,08089,15392,22272,33183,63626,27038,38229,54143,65358,09444,25064,50555,63353,15073,37933,25411,09685,45493,30692,36275,63685,40866,00926,28360,11049,03196,56930,24085,03784,37668,04307,48083,57479,12638,15293,02487,24442,59915,19589,65032,04256,06782,15609,37576,42176,42812,38161,14762,48142,45367,35731,08935,16553,46266,60844,37587,08480,51528,04916,
30498,13150,12395,45622,05602,40203,03343,12925,43686,44642,12707,05633,49926,14844,52914,52253,49518,41597,01425,29845,50471,47719,02953,37435,10558,01408,39293,18227,14980,02197,44269,58208,20902,58298,19153,48504,10354,50068,54144,32678,44837,11892,64545,23617,44645,32335,21492,55532,35726,19474,22928,08867,04100,33972,58360,47972,62554,33855,28444,60898,56758,57610,24271,53346,17782,28854,54174,38051,25400,25719,65125,28178,10845,49821,04861,30086,48460,11299,16783,62651,47405,19879,36822,22521,55543,37110,53732,02164,35615,35202,09208,63898,29739,24777,29744,38179,03836,14396,34428,64441,30991,02878,31321,51412,62682,56425,06356,59529,11416,62265,06141,48645,17697,19090,37289,60535,23608,00325,56213,52771,47279,10475,28514,45657,61095,32523,55593,07534,26972,37346,65245,36245,53754,58440,03465,39233,34360,37407,47019,46487,21107,62550,48835,63941,59308,47013,42606,01623,57630,38645,39853,08761,58200,59494,53718,23391,18147,16319,45996,26947,56871,11945,23323,23425,14888,39283,19390,31008,15764,24689,06359,64568,09301,07447,51811,62943,33887,51162,01771,58445,10804,32948,53972,49226,64734,13994,37047,43133,00932,18397,02394,16880,27422,43792,35314,22026,23385,29067,09670,43791,14316,62257,58506,36554,25057,24781,24580,12008,55838,06746,49625,48679,00310,01923,42724,18092,17588,17509,60834,54048,56415,31743,47110,18380,21957,47162,47296,00539,14229,44916,52227,26329,00705,37491,39698,53865,24866,21449,20225,53569,07787,15761,42890,36860,61286,58689,07333,07230,61529,30699,55489,38119,01209,39185,22938,24314,
40865,32774,14390,24713,42193,22368,61032,40661,09988,63324,52995,04837,28721,07502,15093,50254,56977,59025,31235,12852,56212,30174,46590,35286,06315,34109,08367,47875,34443,03358,48116,03241,44522,12849,26196,44748,39706,64966,37175,31640,16301,05854,41079,17979,29276,13535,53615,40268,52349,14978,09758,57841,21673,36041,58249,37337,16937,62581,04194,18496,35771,00980,36096,62812,04422,30489,22278,26852,13862,04279,24679,12648,04608,00702,25473,15668,61717,46833,40776,34765,07637,36456,29262,05157,55518,23417,42739,05318,06330,49247,64543,33800,03603,64362,16819,48390,08812,36817,12035,52067,39103,02602,48878,02611,62117,10249,38403,42352,22722,46190,47376,25380,20001,52101,33977,50376,35254,08379,23102,54487,33295,27274,26545,18426,10624,42061,15860,62186,41693,08159,44275,27570,03439,46924,43903,33693,13422,30124,12286,40728,13011,51553,52434,59516,36448,39802,05930,05598,65294,40427,23348,15228,48098,16626,02678,15288,40067,37936,56996,10415,65331,24861,29278,54453,51034,03649,60992,04617,26053,12716,42784,58888,03766,59755,21146,61801,45112,51289,48648,09538,55232,40628,04919,05380,28160,41534,37910,49137,24111,24186,20658,51925,22165,33686,21381,50949,43159,21195,03189,63038,47914,13797,38287,14377,52311,55147,06817,17033,08056,57949,08909,03813,58343,18391,52637,32438,37074,10395,61058,38682,15972,22216,64429,61603,62659,48650,65255,44853,60587,61104,29505,19360,38135,29180,63751,54890,00401,60083,57807,64280,23696,38626,14786,42198,01808,51669,51674,56084,18574,62733,01233,03947,53679,31447,08143,48921,
22710,46371,30199,04620,59683,50347,20494,60896,52426,12362,37358,23205,31790,22467,51830,06976,39685,28504,21518,49763,48388,17605,64784,37357,44360,10235,46045,00384,14827,08276,57236,45595,52630,44759,58042,24244,08841,61585,42916,25308,20521,38214,03523,36274,47790,32271,13117,01197,61176,32662,40249,16714,62916,01621,38301,46374,11053,13522,44271,48364,40732,33057,35072,14578,55342,42776,08759,59465,21816,47782,58178,25998,52202,54993,09879,29756,13954,20206,42235,44125,00156,11996,47066,05464,08541,53367,17592,10958,23970,61669,63190,19361,06758,27479,41252,21595,22225,17116,51985,54247,60379,54355,56987,45637,18243,35795,56233,48517,58740,03157,13274,35718,26204,52410,54924,16236,00833,02002,30908,16045,61127,07454,22352,13031,13172,22050,04880,53215,41902,44325,16264,60571,19087,09836,25390,15567,63867,14348,30286,24811,07364,41126,13245,64657,44263,11172,38913,17760,48839,37793,37771,58588,60657,30254,46605,62940,02997,47458,38861,62368,53400,63041,30497,35295,43504,21625,12879,62715,55224,57748,22133,45703,22637,34291,50977,06784,48171,62903,57993,19300,07008,31058,62904,23379,38763,11080,46376,39163,56557,21951,63668,12980,53810,65363,44520,15624,37444,27137,43667,29012,10778,07959,47734,31436,30750,42676,09054,07442,45704,05806,22188,03319,61160,16680,38760,52609,12487,52243,00358,18417,24472,51282,43206,15432,26044,59201,17276,04039,52919,02583,49026,19950,17046,58255,36555,11700,27157,45990,63049,02772,08079,05719,28619,40936,57471,56486,37155,13815,04987,27758,29873,07804,03412,57720,42228,13654,
05675,31423,25088,51530,03731,64091,44031,41083,11471,45794,47808,17943,11181,62007,55796,63860,43126,34828,01367,00124,01639,27371,48055,44571,10560,16002,42528,57028,13906,46657,39894,64413,26932,64697,16630,37507,51288,06429,14556,24694,23694,06311,63513,04065,51079,35666,51451,31066,40874,24762,02752,22008,30695,33451,60429,46144,19619,28403,58219,54331,46312,35305,24828,20291,36882,50638,25474,44466,28122,51411,04026,05365,38988,35913,51292,28651,29722,30895,36135,08836,16058,14410,35848,53360,27375,14634,44240,40195,11906,46806,01615,58778,14280,14789,43456,37111,63137,09934,54696,42216,40643,07309,02371,00865,46024,00133,42421,32226,33702,55013,22287,21356,00212,59502,14171,47610,40519,34476,13162,62597,03328,46081,58670,47907,19373,22514,37758,42650,34728,22606,64273,54499,41920,02581,09957,60479,48034,46523,51096,38254,62148,13917,33068,46165,22614,47531,60770,03891,16121,22094,28507,61978,04990,52602,52852,49841,41968,33685,25463,04657,37253,01765,36086,63174,52321,38450,45732,17649,59364,07896,13325,57440,37541,60162,56916,51598,41189,42289,25890,12443,04883,62327,14519,39810,11867,09676,08608,50777,19795,21109,21587,29060,20495,12996,13549,46749,64290,31713,29683,00327,21665,30651,56533,55229,25949,05372,60667,31614,34757,18474,06567,32912,37055,25471,29382,17806,01198,46179,60353,46418,28568,24932,36820,46225,61510,39421,27897,05331,31475,41040,63221,34945,35091,44463,63636,04384,29954,36164,29291,52233,51144,00189,43016,00843,38102,56511,27292,32726,12763,38255,46489,64460,41170,24856,42759,14706,
09983,10353,05654,37188,05615,54691,56880,47430,17648,39953,18660,47819,28847,27251,30338,12964,12950,28394,08421,57164,59685,53673,06473,50174,48823,55990,64979,30659,18765,16704,30142,51711,10155,35704,39227,09688,63295,60313,45260,14256,50960,32334,30614,47247,00116,21370,51055,27814,45308,59978,25972,57352,55234,03113,52466,54955,33706,44602,33598,64783,43207,00431,06180,00104,26924,35205,53669,65073,38759,40606,15238,51971,48419,45407,29809,02920,03456,15104,11079,36295,22653,09077,00364,58413,07253,45629,54546,33544,40531,51215,63482,09388,52598,04175,42175,03962,00959,63073,47420,45599,58121,30863,07844,08148,30122,59095,20173,44820,47312,00879,57562,37567,28981,26237,08083,09161,02324,32657,11074,49461,32343,45853,16904,20588,09116,31792,56716,45450,00192,64167,42247,38063,06911,07307,14339,50418,14591,37909,05956,34385,35557,37321,32588,02045,17995,07359,62729,37549,08406,39529,23061,31687,04494,02724,42641,58941,02310,46001,62973,40087,06391,48799,14426,64312,16433,20229,38343,28647,22890,09312,62098,03211,52360,04229,04369,53631,25209,16305,28687,50436,08256,07194,65346,27848,41187,04803,54132,42635,64316,11943,60609,47011,06996,19008,05948,36640,60860,61120,24761,19434,04403,50420,21197,36478,37949,19965,57491,53532,43239,47467,46572,24105,60140,48626,46759,41192,54915,21208,35750,26490,30296,30999,14632,00476,56216,53516,50155,30527,15697,48017,28370,55436,41402,56313,33117,34832,53441,21334,04411,18358,46387,13521,13693,25118,14246,34336,41549,24656,11537,33773,30269,38614,25483,01574,34992,50714,
00802,56128,11023,41270,17773,30059,18845,57987,14964,21827,43797,36280,34559,19245,46138,21065,24608,63438,05729,34495,40498,56201,34519,22172,34240,18566,36051,37612,42537,59767,17133,60665,43509,12307,23868,63928,47595,46182,02115,30362,05928,29076,32424,24353,18090,14787,27867,17095,48794,64984,36562,20183,44198,33560,36952,44607,46826,65212,54164,60689,60011,11013,13209,55404,15044,50148,47830,64364,34116,03774,16154,29475,63969,54021,19254,00391,50244,13291,45384,51814,16657,55156,52596,03712,63035,36770,00829,61922,11330,14742,38710,45171,56658,26538,28755,19370,47156,15854,50323,04068,33245,47642,18769,43000,62721,21047,13863,49862,12315,12041,03231,60061,59602,36676,63998,54307,50417,10043,32881,02059,36645,64221,00095,25587,00180,63899,16314,53167,12624,28058,55510,25529,60611,31576,11761,39000,60368,13867,20185,52576,52793,19218,24322,01743,58836,08075,05969,45841,59923,28933,62839,16802,30308,08068,63428,34195,23104,26078,56472,34014,53800,65506,64040,27405,50344,01484,41542,24045,18621,43465,09135,46558,61989,23975,57010,07815,59479,22688,26027,43304,52853,39626,27411,40402,55714,03216,37205,64664,23922,34012,09419,43624,12195,37356,26524,55935,58781,53529,30048,53338,49368,56915,52357,34414,13094,17530,54879,15101,00917,55321,10911,22185,24889,15913,48837,37666,54781,04436,06841,58527,58021,00582,23695,27788,00436,14559,07575,57133,22019,13058,57981,41781,08117,41343,27748,54946,26118,39446,08240,07406,61976,36045,20659,04377,22134,27684,50865,34337,11123,42471,08286,08497,01495,44887,44158,56340,
42658,62093,35728,10306,29501,64843,11225,61464,44166,55485,43849,11893,35092,63447,61609,11418,37663,40941,10292,00386,14091,02667,19932,49077,34465,31182,40064,05276,35588,37454,16609,47182,30681,14277,21078,43213,48620,08575,12422,41394,10039,44639,57425,60687,05789,12538,10654,29028,61576,44963,25365,37286,44295,38572,23549,50364,38870,07969,22713,35455,17499,52350,26769,47216,55412,21219,14306,37678,10445,02353,62965,39376,44163,42707,12282,43256,40081,23877,21915,18055,56227,62678,16554,55311,44676,21715,58342,00462,07916,32491,43796,10853,22367,20653,10417,50564,19735,11524,46260,08663,37187,22125,33226,15691,38021,16827,31630,13290,19500,41012,21887,25951,17082,18185,47207,01822,63474,50166,30212,23117,22187,49743,19228,20648,58792,25666,48624,19764,56673,23624,22458,04102,62866,12018,59433,39072,33583,03617,41609,30378,05042,52210,59042,38112,41637,18504,12696,57256,09286,62722,38990,38911,21091,19325,32795,44782,05231,59498,28544,37993,48654,29417,51424,18615,56451,51218,13166,50672,24627,15848,20387,35178,06946,05714,40882,48433,47732,37122,10886,54133,26585,40832,64494,05087,18758,29481,25839,32205,23386,18647,62472,63702,61537,46458,50286,64031,26163,23279,21914,64126,32792,05767,47721,40113,45434,04171,61331,59834,37816,29593,28763,44861,57204,25387,35693,31213,06785,18538,40555,03058,30062,10968,00587,63382,47746,36406,33612,14641,19571,27730,00733,38573,04532,15722,13767,03336,36547,04522,53015,34474,49196,35673,22934,39005,26181,01473,64248,07084,44519,40119,34505,40775,26097,40767,56058,46469,
58229,03750,31653,17791,51840,32841,20800,00900,27880,42499,22814,01087,27780,40746,22937,26471,27910,51648,52685,04444,11253,58653,07305,52593,09846,16175,28900,58076,52699,35621,62622,61360,10361,51976,32944,46259,29922,39940,43404,40173,44616,05169,55601,05532,64969,31077,00803,34800,48159,44574,47094,38419,39275,58984,32279,27353,29616,55004,48081,58867,25155,10536,20718,49298,41007,12302,30343,47545,11972,64304,23141,57919,10826,50326,23241,31307,65222,22873,57475,64239,41093,19411,53768,45066,49053,64725,12167,39517,30835,35350,10585,09080,13262,35369,07049,20922,22018,10476,53179,20627,49395,53446,59715,22765,39353,42808,35109,19282,19547,04429,55692,53321,38186,51722,53395,12060,13683,16679,01121,17739,47283,10704,13419,09512,64223,42145,63337,45327,30130,43623,14515,31959,02665,56914,34779,52159,60364,42760,02352,54763,30405,01547,59929,28935,31926,18390,08243,64438,27704,17727,46451,16825,35123,40952,04046,03287,62027,31533,55848,40998,41437,53238,56049,23050,21345,51507,54220,27545,02685,55649,03146,11161,32661,20723,35743,09771,41960,24893,62968,48760,52772,34189,15598,30767,62152,59137,02417,48745,01585,00144,51942,08326,01750,42092,32556,41977,54769,43879,42032,17929,03019,48073,41929,47937,25762,13337,00986,28936,15035,50911,28468,40309,10277,16455,38448,38093,27003,36863,04988,34644,35134,58262,04337,35765,37501,06115,33330,11335,59338,32582,22204,16030,62509,61453,61575,57516,33281,28451,19492,57159,34230,64518,56171,16926,47059,03020,58166,62180,21064,00006,16172,00481,06172,30303,17155,16380,
32276,56715,04385,46366,56404,40709,29691,17191,00021,09667,21555,15401,53905,34548,16302,03616,60497,41493,43270,05015,41418,61022,24639,45916,42126,29636,51105,33995,43666,17080,34203,25406,27243,59956,58749,20991,12753,10944,12253,37536,32593,45578,63341,37715,63245,15269,33767,61343,50379,09280,21512,05495,50040,09935,49944,05245,58741,39049,16910,49085,28113,15876,22827,26620,05441,10502,15047,54654,39686,16102,45096,34513,65311,20207,11380,00950,34292,39423,03320,19050,27131,56350,25766,36505,45876,42014,00443,42684,38551,60256,39664,01182,40549,37207,02275,43260,48250,63752,38365,27406,02077,23420,32679,06878,62648,30532,38474,00085,45645,08305,18590,07927,19973,04325,12769,06775,03632,18331,40909,26462,52656,65122,37264,15792,61692,56521,47764,05599,46931,14127,54020,63760,05782,23658,57600,25735,17522,30189,49882,48347,31069,65336,01811,55102,29221,34067,64750,61333,41653,57644,45967,22540,00148,35871,23249,24332,65105,02719,45262,34875,01606,18796,28914,41234,10639,45071,08029,10535,62919,61917,12141,48259,23832,10307,42814,36724,11270,00902,30686,07797,00928,23706,54329,21932,27219,32431,64461,51760,08618,22899,09964,30970,30477,13000,33316,42632,40844,26422,09756,51108,21488,47522,46495,16539,38647,60373,27601,07138,10982,37146,13347,10215,57565,21988,11902,17401,33968,24068,55789,52476,19812,30857,08583,42782,64010,03578,19281,54466,33861,25993,57528,26183,44609,21785,27225,27996,39099,53530,30971,56437,55710,64703,13086,58794,34266,32905,23433,50165,48488,15680,26616,04552,35532,31649,05077,19520,
03540,28667,08732,22146,03678,18122,37940,55443,06554,25996,36993,34651,39733,11487,32022,17313,60137,19162,60030,37652,09925,48432,04658,61563,42719,39400,08341,30635,07414,41041,04887,31148,60310,56047,64687,48139,33139,08236,17491,09491,41888,05819,35319,08563,43323,09024,40623,12396,44420,14269,38764,58197,31972,18563,64707,39495,18581,47738,22504,16669,31885,39452,13250,48757,24610,16406,25510,19173,19655,36194,40772,14361,09926,05376,39389,04949,40592,05642,61659,40869,40781,31748,18942,50312,60977,37419,27307,36462,34308,47148,41885,32099,50444,45132,25699,54957,38530,18206,46294,07794,00924,28612,43009,40473,31400,06693,06425,21662,49428,62208,02437,62187,39748,16673,53916,32123,03428,04899,53108,44042,64752,34076,64496,07392,30804,42189,34830,64528,57003,48980,30529,01136,37135,45136,57319,45007,51789,32653,09564,60801,36714,30383,07670,31015,09551,12407,52393,03873,08756,38707,36094,26105,55653,54577,32072,62173,23790,11554,02149,02757,30082,17437,20865,27212,44064,18020,54524,51142,19204,28908,48437,13353,28586,01947,50834,30294,19651,11756,12192,38375,19448,05280,49332,23833,11162,33150,02599,24555,00055,15732,05210,35992,55150,19107,48172,17562,31245,06557,58927,49826,49455,10275,31367,01957,38886,23573,38045,43683,48802,07691,30561,25713,35353,09927,07882,58035,43195,05140,21736,39316,25304,17489,51667,09215,15531,21995,16338,09866,57923,00392,05393,31784,36203,29197,32729,46227,40196,48576,08823,41374,63181,32159,18851,18914,38370,24169,23899,28069,46030,11574,06958,45546,22867,13903,01932,63388,
19512,55373,08229,03865,02563,65526,64032,55036,06241,17151,48266,21750,11831,54051,10757,07340,62664,02961,08905,15433,22732,20333,30312,00466,48726,00988,09917,05707,53034,25442,41604,12612,51453,39792,58024,65216,63312,19570,34834,41754,57953,12552,17971,12413,56460,19075,22584,43162,32070,62857,18075,28258,32158,22610,64582,20959,14923,13948,39079,21041,16243,38283,54976,41476,33950,50506,30535,61003,45746,50831,47354,13546,24330,57664,49217,62728,56962,05683,24685,25145,51956,23380,38218,16725,18827,21180,63125,02494,07355,23912,16635,34363,52998,59881,59169,29825,19312,05781,37480,27325,43134,14341,49040,18420,51386,61399,32118,29994,52537,18766,47073,35919,05624,31316,23699,27002,42807,23482,60103,56279,59508,65332,33493,54968,28855,23183,26594,39405,52419,16064,03407,30827,32032,38729,26734,11627,41932,27138,03861,61414,10572,01527,03117,42669,60675,24459,50893,59691,09717,02445,41851,22533,64521,50853,10746,00882,32982,43868,45488,45181,22693,30097,00195,43149,42185,24088,17705,38769,56198,62178,61355,60767,64254,41589,40557,40961,60178,44753,25316,41543,21006,36447,00851,08896,36638,41448,15721,40855,62548,02558,31734,45082,20375,61605,19418,45064,04999,32852,04047,18669,45000,45499,07899,57016,51231,01077,12136,63313,60293,50987,06447,49105,23091,64712,07263,32344,48652,58007,43437,30044,43070,60012,28692,25450,30577,29686,07967,63528,47178,27393,14723,31667,43525,49094,01786,05964,00818,28954,36829,59638,06499,50214,42615,24432,62022,10138,10436,00278,11561,09118,64285,31511,62988,42988,43962,02289,
16383,36966,16899,44109,15936,05344,40916,63937,10762,11606,11179,14630,44581,15901,24258,10717,35631,15529,05025,00226,35052,02962,13160,06051,25519,20014,10327,11281,20398,19072,12864,29557,41535,43659,15253,63497,29931,60797,25248,06698,52738,01821,60383,09986,45752,37697,64480,49171,31371,43522,32354,17389,50007,24484,57174,15645,07679,20400,04852,36412,00447,25149,27115,05007,13584,46229,21238,32712,40134,15241,54265,39322,33333,63006,31853,31159,62431,26900,36742,54629,03106,27474,31825,17310,52402,52965,59440,37577,03602,55567,22312,34494,62827,03672,20086,30222,61478,21679,49853,51640,39292,02741,00747,60944,05909,42740,30894,41620,46798,13996,39239,15153,20966,63517,30016,45447,55425,07272,38772,63509,02627,33904,64506,19620,07999,53634,53752,10416,17005,41006,45961,60242,16200,08719,64416,19513,54523,48896,32921,17867,57007,45411,56408,23951,41342,11855,52591,57306,17030,54521,62046,47012,51423,20915,40104,06671,09601,50772,51015,03201,49640,52237,53788,31387,12150,45756,46741,28004,25183,47500,15070,10768,64325,64180,60529,51774,47208,51234,10109,44829,51807,31188,55651,45094,03941,45440,08999,62286,25967,54688,55306,04731,34081,63315,09569,61681,64455,13832,19491,13490,45688,29640,65393,27125,35495,26373,26735,07966,00786,13474,59625,07199,26079,18819,62899,42244,40744,12146,06237,43933,06509,65012,04662,14013,21321,30919,03960,46555,64727,12562,12193,61795,65435,36926,23037,45910,28213,48295,41154,24087,35160,32231,29496,16436,62317,08811,53582,21341,08780,27443,51953,34245,44714,14209,65005,50641,
23944,17953,56141,07151,35674,19001,13870,18167,61132,40204,15989,13461,28878,10766,61732,23324,62844,21877,19129,26689,64021,15501,57594,31484,20739,37075,02771,10607,53363,41271,56237,03525,34596,51651,00894,25639,32265,39585,30873,22823,62824,61580,08884,13056,15009,61232,41829,12266,34751,62399,19341,30515,15877,15332,07826,42164,43516,09566,08416,02459,53539,24118,61117,44390,33666,40262,17325,35002,26902,06736,00905,40826,24929,00586,20175,18411,29522,47024,13108,07556,10889,26822,19740,46423,45552,18594,06361,53759,62247,29019,42273,10340,58237,17902,52889,42567,15620,63865,39687,32355,34405,53456,65471,11737,28054,44808,61560,32394,51624,47160,51421,51612,52584,02897,59123,05544,16331,24593,35814,05271,22178,30231,40180,41038,18904,31177,46629,41018,55628,35450,62350,65179,48988,47023,03989,36637,29608,29776,50049,39301,64788,28405,56324,53968,28180,30369,60499,06126,09550,35337,49515,08347,51496,04781,11002,59251,05734,23186,44975,48635,22846,57698,24706,39054,18956,52824,42112,25752,41299,29694,61110,54390,37589,56317,05851,00701,10650,18389,53174,27875,61398,55664,21544,00269,07709,05410,52170,60423,46975,19943,16029,31554,38459,30297,21202,57165,01735,02366,26948,27530,49905,23916,40037,59062,44419,00351,56713,29930,08990,62637,53255,36024,51504,15654,03728,36695,55767,52441,15509,32273,15898,33937,28464,47079,27017,39625,15029,03400,54883,13224,02186,17100,01883,14231,08294,41505,52250,14173,55738,39100,38469,18453,59152,04582,13169,57778,19355,60548,46055,11879,44885,18601,56010,23701,33382,11194,
62771,16364,19719,60841,49877,16836,45969,65170,58119,13498,53559,18555,43594,42500,11628,31139,02347,00899,38987,07482,33597,14007,51005,24902,14624,25170,51349,57541,18755,58851,36356,09000,09127,00566,41572,00213,35745,56073,04806,19874,01021,11884,61422,20293,59384,11197,13199,36463,35652,53965,00038,55378,23950,30745,10471,16690,27141,63282,39656,27738,64935,30928,43441,16384,41742,32308,46972,61300,37354,43574,30007,04407,65061,31160,48487,22761,17063,18463,42183,57695,07141,04994,01058,15953,12024,05311,15561,30480,61760,53950,14221,39587,42357,37324,39834,01540,37959,56039,65449,38484,15342,32286,65467,13326,48903,23267,09816,59420,10612,44002,04044,24017,39346,45963,45119,20784,64372,35859,50062,45572,62160,44308,55637,53600,30807,28757,29300,42584,05129,37707,50277,45652,43007,24323,43534,06082,16262,48498,29473,36099,53332,39928,44572,51384,54042,31920,62559,55919,04599,10180,44970,44154,05751,20506,08203,58427,29783,52987,64224,43004,09287,17305,49295,41392,62570,23304,22484,24193,53976,50793,26161,35120,64448,34621,25875,64520,53775,01097,59015,40288,64599,30507,06774,01827,11303,11836,60533,11607,48544,40006,11751,60467,18114,15114,35368,36643,62436,32848,11066,17570,08465,62801,58635,39967,60069,50371,34622,00751,15275,46871,01137,41645,53660,32197,65077,10553,23818,09867,36058,24018,34810,42254,02592,26993,18260,24421,28885,30167,23986,18895,56779,41000,32639,05388,33632,43151,53197,35085,34796,38086,40143,52074,32810,30780,05238,02622,53190,20619,42633,08154,33037,01090,41264,31527,55803,45974,
58461,24816,37945,49366,48750,01509,28141,57040,04678,48090,26844,11357,31468,53815,48744,31140,12414,14524,45687,58943,51843,39907,33089,40381,04736,33998,37599,47244,05226,33476,61406,52310,55140,33566,34536,47784,45842,25712,45955,09508,04625,46156,36680,32452,51627,22434,65276,29577,26062,37566,59198,22737,02676,63837,32884,65050,35971,05528,29226,44297,52980,27305,16276,43787,34094,15660,60250,23462,20504,10665,15542,61007,60304,12574,48057,37530,07950,44908,42862,07162,62861,15714,25861,20177,23207,30762,60574,05069,47958,62702,22959,43621,58437,28641,07292,42552,37217,24587,29165,26806,07678,52134,01244,18325,07239,24876,60786,03848,27496,55107,04242,26380,21479,46160,41277,13156,08553,57641,44172,37409,32772,38597,23451,18727,41022,52165,10760,55646,22051,46129,58025,37647,11701,21028,20003,07909,07893,54581,52881,28525,47065,33224,07299,37742,39411,09963,51788,15018,25416,32708,09053,18161,13622,55544,18177,55843,00721,16672,06139,58514,22915,55408,52364,04140,01462,07231,41611,36821,32003,25914,30782,60900,14975,04814,52049,54882,09567,05092,49536,54095,48402,64215,49313,65403,55019,30560,22279,07817,30798,64978,21246,31293,53989,44560,28839,35105,49480,20964,08595,59336,30346,16279,20282,25906,01199,09651,57540,33753,40607,37667,28052,56097,41735,49362,16898,54795,05694,12157,33416,26282,58638,52411,00037,58044,15612,10973,47747,48696,05711,43785,26502,49581,13603,30597,47823,41340,11792,18304,09196,22952,36206,21388,36777,59270,35017,57437,63044,08614,31128,16083,05933,25107,45631,20111,45187,43115,
20546,42804,38191,55076,57650,34930,63502,50237,47301,24291,40585,61700,32647,22203,46734,51173,26169,27477,52267,20597,15991,11326,56394,19277,26789,36327,52530,41772,34842,00033,30157,16927,26814,33743,29304,48355,45046,31903,38724,64230,24384,31711,10144,30011,11010,33325,41375,44282,37722,28625,44332,16811,52900,65034,35976,18009,51103,47495,55421,32543,56583,45999,54528,58993,45040,37674,14272,07463,64756,15674,56282,04975,60388,64011,41462,34335,47276,63918,32506,64529,63533,31346,26778,15637,26557,44448,19102,19889,04976,43641,44858,44677,23342,13242,33387,06729,25408,16730,12644,61056,28472,12079,42404,57571,59206,31737,65375,50271,42423,28902,12915,54628,61829,12482,08491,43493,15775,54364,22266,35724,47326,46059,52252,02821,36116,23739,21420,61511,45279,12781,61745,22647,64042,05179,09084,35732,08481,12393,30698,17322,59844,38947,19369,63757,38890,06683,14469,08897,48739,27852,07028,51556,46174,30164,56516,03003,40883,48987,34085,57325,57916,57813,29174,14523,27072,14800,27687,08093,55958,02773,42317,54683,10056,57974,25973,54579,40426,47968,26714,11095,31221,17343,35850,39516,17847,31448,34178,47388,42267,36122,18042,39755,53970,04980,29320,12760,41140,06358,53169,53329,00291,22011,25358,53009,07519,31414,16014,37658,14066,05508,23147,11903,49292,38427,14970,51839,28198,54669,62204,31383,12130,63716,02647,45719,45790,09694,10259,29723,15814,50967,13120,59262,63484,63732,25245,59268,54980,39844,63672,58517,19064,16566,10984,31550,24943,57606,56418,58139,54045,34550,35931,18961,12196,63834,40694,19356,
42859,56663,06633,03925,65408,04632,53973,18287,18455,52213,12768,36861,39002,41275,48332,23904,19757,00328,61436,15846,14976,65468,26770,09863,61773,60324,37974,51194,05950,30952,10636,60642,04572,49835,53125,24718,17326,38611,49730,03382,25052,39724,61794,30910,49436,52071,24508,11040,52594,54214,28414,42924,22985,18029,50377,50745,33771,49434,09315,23291,42407,14676,23463,53871,20799,01732,44462,37798,45075,25108,53549,12112,61175,07660,41465,18393,55674,32767,01702,10057,39782,27935,16018,16105,13103,58185,03339,46112,60462,35005,03108,55169,18938,53869,33040,04812,61047,16495,61502,07207,64503,22844,40108,18013,16953,60009,00060,21256,51226,42076,59765,16517,35321,11158,52228,17758,47225,26385,29005,39847,40787,27092,28065,54102,15397,64927,62048,14344,65417,14801,08597,44413,54069,20449,12208,35965,22242,18484,54344,41062,50461,15213,01636,60322,01131,28363,37763,36064,59357,25674,01966,40593,10735,30050,42009,44101,09013,17967,60494,00092,56523,42553,27862,61848,60674,37418,59172,46031,28965,13388,02146,52695,37408,16674,07480,42659,34564,51876,60658,39093,52380,06539,28224,20112,32476,39156,64288,55921,42383,27338,43846,56139,53119,18530,30028,61783,39482,52621,60076,55135,09190,25516,27587,51914,22487,15298,38181,30292,60933,58381,38600,08205,42052,00716,11516,02730,10653,30386,11852,28921,61741,52021,47432,23935,62679,49509,27009,44122,33940,50313,24812,03644,13743,15534,29312,30466,47555,34640,22021,35788,36617,10411,21897,39884,56081,61708,35148,30037,55215,33886,24644,32484,36071,62253,28882,48628,
29016,13295,40332,33550,12110,45651,49980,61133,22343,54012,52185,64196,03193,45544,04676,27186,06679,57590,21089,49924,09420,32613,10885,02443,06436,31049,12433,47559,14356,30319,16211,31700,25586,09178,04831,04406,27257,11346,06370,46395,02250,36278,17273,29544,00817,65505,44140,63274,32326,48723,42789,16528,36765,26117,54086,30093,35774,26307,37072,08424,45797,35775,07039,21909,60181,02155,57678,33326,41449,20984,33657,50088,64150,03693,13799,30115,01565,13881,54333,44542,31397,60845,39965,63218,47510,55347,48290,06319,51529,31806,38855,17876,61440,19787,09841,37745,29286,08833,19853,12145,14530,43336,26886,30946,44202,63845,47080,58232,51455,49091,42163,14891,15415,46422,22866,47364,65044,57463,15747,31768,00796,21012,63249,26252,37216,57048,14350,62689,50760,09292,26328,58717,60328,19180,42106,20148,27843,47743,14420,23453,41193,17328,54486,50744,32820,43083,60433,54886,62239,32835,45733,25013,13307,55561,21190,20973,52779,19667,43799,11988,35147,51772,49206,54083,56379,44480,47436,09666,07858,07727,33296,22062,37890,41362,47942,10447,01731,30616,17010,15568,16327,19969,19566,38788,43184,05187,60020,33461,44143,24949,64331,55743,21900,49786,17422,36473,62535,08252,62455,10335,08241,15638,40902,23823,13578,30289,20389,05060,23526,33631,10008,41764,49651,55303,45338,31380,03454,44663,21998,01259,40960,61291,14276,53918,12465,14599,00117,63657,30850,19507,49702,41281,22128,02321,56056,17617,41949,41966,59370,48446,39480,09767,22791,04351,54803,57938,53374,15349,65232,56705,11562,43392,56747,49479,00209,62289,
13813,28584,14023,49233,22462,57865,29705,52387,57323,14946,33500,24016,32432,15873,43284,00316,39178,57537,47174,32559,29701,07018,47315,62230,39811,41175,38504,09183,17473,08100,06859,61010,38634,43754,07326,35235,15005,08957,24126,08952,52142,27833,04262,27093,54513,41676,19803,04756,22252,11545,27858,61943,02514,38271,01782,43325,26217,43439,01290,46842,62765,41984,65380,34280,57994,65400,30191,00143,62456,54800,36402,50837,04914,19223,41867,30862,09736,44991,50811,11637,57933,51623,49187,06757,63208,24677,32687,42711,33078,19934,30241,39195,34700,25964,49966,09166,17436,23370,58500,35937,13323,16699,11026,05139,33931,06373,17040,07676,43782,09220,23613,33372,08581,35792,28172,55356,26815,53589,37153,59204,03413,45737,14957,08272,44653,15258,03801,39786,64898,23850,20292,03682,07052,05573,64373,55603,08564,33704,46571,19887,35404,17644,49531,42970,08907,11639,47112,13320,64532,03786,61367,57956,09662,33307,62361,36914,55945,52845,07805,13072,44830,61490,41368,33408,25768,12619,06368,63150,34332,30063,22489,54905,02661,52262,17094,10856,44564,23702,44796,52024,10907,24424,24040,24447,16118,38137,58131,61926,10207,06628,57449,40881,63323,25264,12135,54945,33852,30431,43003,45261,31176,52372,24122,00011,06262,16441,41774,04874,61599,35323,49314,57725,06341,35634,63450,48825,60194,46355,01555,52682,26267,63696,42124,40392,64001,00960,00183,54068,56774,39746,30392,12928,03585,36508,14150,42741,37316,35097,26534,17681,01009,14200,36404,35525,20064,49067,40752,07768,32981,28552,39851,01977,33941,14261,25491,41746,
28731,06327,39761,10408,03917,06398,31686,32898,53135,28515,38677,24290,42409,16608,13545,25597,38901,32757,30314,58567,41132,21034,55511,24568,57874,29139,24583,63104,51260,06675,15008,57635,37273,11926,36066,47573,36181,61950,18829,59157,20010,29787,59909,48410,05577,13354,21170,27727,34755,37519,57120,00075,44021,48749,21359,30752,25534,61646,57900,46176,41525,34648,05883,06929,19535,50149,65086,38317,14506,47241,14805,04318,55930,52668,03304,64659,10094,35632,48605,62284,44425,36734,04164,01868,63548,39309,25647,39496,30000,02369,19902,20045,48681,22097,47270,17314,18303,13502,39367,35586,61677,48653,15537,16501,23862,33198,53928,56783,35444,45817,41138,20694,02875,18763,25858,15717,08542,47237,02512,33374,59964,34980,24483,46224,26402,31529,43945,20425,02092,46124,34831,14998,21708,65480,19400,49453,55453,41290,16120,21727,20780,54734,17009,63212,23400,15196,35700,13831,38799,59878,64970,33793,55976,21601,18097,27485,05755,04786,60416,18936,60859,45385,01256,64131,48369,59170,09529,48644,05989,06511,40114,27983,34770,00939,25144,22205,44528,10707,20458,50800,23551,30521,22807,13374,25196,63705,59409,61566,27586,44836,36010,17662,24110,58142,17054,03620,57063,48673,31347,53235,56887,47596,14139,54894,06285,18253,56886,08509,06246,54510,44195,19750,45597,24048,42631,16454,63701,32131,00263,13632,34577,58389,00057,02982,41964,50971,18628,50129,49605,40072,53094,46488,18344,10578,19789,04900,09748,11930,33903,03062,17917,49684,58727,40026,53263,29370,52729,19238,39801,54661,11662,63088,37870,46305,02111,42583,
03599,60686,04562,35220,58300,10807,31059,24659,14124,55208,23806,59578,62793,55534,11865,45310,59819,51767,64218,20364,43610,31699,62395,04186,61297,18681,36504,31601,57834,61982,18999,64842,37686,57176,00686,42400,14855,20708,50359,03335,38579,13497,04928,02750,29733,51203,37351,08365,47342,26868,38578,02137,29651,00549,46957,53590,14777,24688,37764,41838,36148,10169,15583,34250,10906,07559,00123,35852,04197,57363,03536,56950,29274,45997,39392,13309,41996,20837,04482,27044,48598,24381,61775,44817,46886,12873,10003,06446,08111,28152,02946,46409,43272,57947,14416,48557,62621,62126,01832,57936,13864,34410,59885,48473,16253,08419,02904,06597,07987,38951,19738,15247,17388,54103,10438,33811,43825,01506,49575,55660,46164,37390,40093,21599,06323,05343,46637,56034,14429,38784,11774,16090,63892,32586,21535,26904,31267,08146,17704,03388,00112,30839,24817,12559,57388,46295,39742,23300,16799,62913,18232,40437,64730,04366,27900,12663,19598,30972,20433,22258,08522,30650,50739,02643,63012,05870,41849,43718,47650,57690,36715,02173,25417,08013,05634,04510,45336,52769,59301,16975,22758,62809,29020,03704,14886,47083,10814,32087,55926,65319,43730,46648,26514,14731,62835,58664,57383,07140,24965,54942,26106,49941,37036,47785,44116,59430,19289,19000,08065,32215,37094,48400,52491,04469,01030,51590,55077,58932,62477,55317,30933,36450,53684,56797,18730,42044,59082,38602,49667,50229,36284,05190,58459,29141,04361,07961,01553,08278,24327,00309,58519,01135,64071,29600,54932,16182,43957,13111,56295,29503,50721,28876,46525,30719,51247,46039,
20147,02829,52068,28475,03785,52813,58390,57875,45331,10844,41803,50586,56452,10225,27884,51114,22315,45077,32824,05020,42613,15659,02781,38708,46822,01577,35313,08919,02917,26943,38965,29612,60960,55026,12119,62617,33213,21962,46828,53839,55621,46104,03967,33196,01112,43087,10830,35782,63290,48163,60745,03044,24341,56033,48359,51642,02102,25714,36153,42041,28903,05337,64561,18694,52436,16142,11005,21362,28400,09175,49693,50993,39260,50859,52667,02448,06591,43092,33798,13818,21986,59228,34196,24510,37206,08508,48941,58395,44868,14545,42908,52747,53019,55602,21175,41461,64827,41801,51783,24185,38158,40727,59506,41559,26240,03383,48177,37229,57160,03508,61236,64176,17749,49894,48930,13283,39815,31861,11801,41259,06915,34571,20228,37981,31674,10966,45417,55868,22083,08602,23552,44632,33015,53123,21075,16623,57389,53841,51492,33557,21280,38216,44430,18004,03845,24260,20431,38905,48268,48901,41037,10153,11593,08422,38348,62583,03953,45147,50764,32235,47600,54474,43028,24825,10246,42657,56676,60331,23362,36590,28560,63907,35538,04028,62425,02142,03054,14735,43147,19824,41225,35617,22753,42969,37634,55781,35925,46823,47916,22357,59183,30128,52062,54447,04555,51614,42574,28399,56863,25978,24506,25233,62083,22978,35941,38081,35297,10262,04212,59972,03119,17688,42278,36755,60190,13606,63475,41810,63637,60211,23786,48144,35944,13426,45005,46506,04591,07743,24505,56933,00934,09553,04477,52158,60764,35572,10559,01906,01041,18820,48254,18375,31597,09861,48044,00251,29583,17488,60246,58253,57667,54194,40122,43117,05023,27135,
58481,35531,02351,59079,31735,33825,22436,04808,14071,10730,35357,04912,53612,60823,07444,07922,00949,15186,00908,56266,50321,17366,47387,19981,28264,02981,14465,63431,08779,29459,10643,38153,56800,08926,27132,03515,56582,19713,12848,60660,16077,35540,19013,08533,27415,22337,52207,52791,00042,03152,30776,46661,57346,19726,42488,25494,48536,20052,32435,41360,23740,53449,02460,60113,57563,23720,03125,27114,49107,55158,08374,57355,02184,46205,06909,18561,55880,45854,23679,53710,24953,46065,41802,38803,35007,45222,12235,42167,22874,41541,51265,14045,39375,50132,16369,64377,63748,52037,13617,07820,44150,15457,06778,27416,62268,18050,19094,18359,54266,47336,42809,09245,13646,14455,42628,47684,02967,26365,61174,25009,45919,42225,41480,58756,33059,16180,14533,49120,62508,45231,12016,28105,42203,44871,29519,25101,48286,27713,44200,00798,12699,01163,63033,19739,58658,63226,57191,47838,58729,33975,42022,58861,43145,15870,31223,10656,52428,14155,03792,20453,34271,35912,02311,44379,28102,28340,23650,56555,63164,48267,35909,02796,21982,44720,61219,52827,01284,03262,26526,09849,53380,32494,10739,64208,42736,46997,35266,26549,06969,12517,15229,58518,08639,01409,12585,48105,49150,61432,52325,12812,64606,13653,50720,35536,39153,43251,34865,03315,04744,22868,20605,32710,03808,26761,14745,33107,37063,01398,56805,51975,11249,23397,45664,36475,57783,23499,51991,25960,45814,51373,63329,50033,53216,14060,32417,57713,05869,22700,04709,13095,58062,59836,42937,61876,48902,08720,20693,60796,47004,39532,03685,48362,25336,24411,26330,13383,
49752,21714,53813,42504,02439,44043,41460,27117,05777,24767,50592,59337,53300,26692,27913,15199,62724,17531,01716,52405,19033,57310,38549,03643,16709,09838,64043,33494,59024,18869,61103,28787,49271,37556,15742,47894,39757,08792,61941,00016,64004,50031,42873,36219,40495,64245,44349,34873,51467,15939,58901,43411,45376,49301,27747,47767,35924,55581,26358,56009,00249,14671,33242,06750,14954,27198,30332,10440,05382,43072,03726,00188,43642,07233,60626,38972,51450,55190,18440,51862,16231,42892,35488,29097,60773,47310,53832,14201,53606,30147,20758,20826,41909,44567,60892,63831,63114,25420,18764,07382,36583,56833,11358,03260,16007,39020,24385,06200,57136,40162,62591,53623,55410,54459,33936,56603,49420,46597,03737,43235,06520,12329,11097,25866,25349,62063,50740,21622,01968,27322,35299,46461,23496,26041,29814,34155,64065,55047,64125,31750,09032,22593,40403,49484,65036,00828,27804,48697,62365,42230,00205,58231,58357,33932,48722,30444,20391,60386,45608,60510,18638,45638,14534,30564,46781,28397,07105,65007,03233,02451,46716,59334,13911,37025,28623,62229,21474,35093,54255,14431,30909,07886,08627,45968,15282,29928,48932,63931,30010,00750,48185,04030,44007,22677,50253,26655,50642,34726,28977,04492,56788,36347,48512,63989,27779,42086,03294,23804,31652,28457,22424,42730,56204,56943,49240,02952,02183,22381,29404,34845,61014,36472,45553,54014,48115,26407,03923,19698,35940,64265,41227,65339,32287,37344,13753,51801,10563,03427,30064,43496,19121,60724,33746,14096,42316,00636,07288,13934,37592,29161,61988,55335,52145,49070,04850,46693,
36698,16999,17394,32289,21661,00724,31754,11533,38797,29350,50597,47603,57634,31099,58801,27725,20049,17627,58677,02432,20563,47015,40712,56250,65096,64572,52549,55397,61408,42155,56528,28279,30617,45275,52801,41790,32302,28557,51229,16850,60014,28630,43140,31014,50052,52742,50956,55824,40398,00874,21023,54765,56331,56810,53580,39873,44327,36791,15483,46900,22373,64943,06261,59326,19399,56149,26548,50607,24368,56495,51864,40184,49234,12816,46840,55274,65450,13356,16027,35428,17947,06233,17833,02791,16496,47415,38234,16068,44750,36578,12182,19993,48592,22668,56525,59057,35996,22033,21637,14327,63903,51720,59869,23936,22949,34815,37618,09242,13988,54965,03046,62256,28946,09187,43662,62297,59701,63557,23662,62680,54347,18302,09660,05361,41151,61437,62778,07644,18809,04177,20105,56209,32760,40123,24765,51842,00208,45372,38465,16696,05497,18659,06538,09279,13222,61426,60908,06837,29967,51634,11217,28207,08642,24465,53736,43055,42697,48709,20824,46426,51032,33894,55701,23105,50906,24315,10839,40646,13410,45606,51069,36281,12065,14952,35549,19665,64041,01096,42902,61593,30111,25780,12793,02356,12187,14899,10209,35303,35245,34998,51655,37180,24173,18700,18296,04636,07072,64379,52003,24181,01465,42209,06209,64228,53313,59225,11323,16144,11206,16810,28923,58141,11246,49893,64713,26877,16943,11088,05423,31379,15416,47563,25286,63301,25453,50316,40901,01492,45202,19165,28616,49731,03042,11102,58813,64849,06460,00760,54178,16549,14380,57414,17132,31594,37551,14496,54786,29828,40296,48002,41107,56975,29150,49814,50669,40127,
13973,35904,39132,23674,22500,17407,01339,22731,18749,05923,63769,04615,09037,48070,04528,65136,06868,05696,28635,27949,41950,53924,26889,53287,52708,29847,41694,37638,57232,11136,49016,38076,02232,32869,27988,47187,26843,28767,60961,59862,02849,30323,27033,51643,30610,39033,07590,18649,28214,12271,08776,57533,30484,54023,27047,03278,65219,46699,06081,47549,13543,20911,30981,09302,48985,08031,44048,33370,01520,21186,34671,03807,29518,26134,19927,58809,17465,26293,28705,16065,49192,53868,48817,24078,25163,11721,09359,40582,28751,24449,42508,63355,43385,07457,21780,16932,36793,20936,37660,35604,07244,17805,49117,32002,59297,28776,10841,38887,34239,39547,65260,37194,57008,44600,28818,11671,17781,48397,59897,62823,29524,18912,62102,65486,23889,14645,26878,38503,00599,38651,60537,17220,11045,20327,63498,06531,61791,59030,18339,58407,52972,20316,65057,54936,29057,49661,20560,35556,19743,11577,03584,56110,64295,08133,52723,20096,39929,31183,54633,27964,08183,34887,47963,58321,08109,05038,43835,04578,42369,13298,05366,24223,13391,51254,48860,54041,31668,47556,60015,40171,38066,25559,62758,28605,30842,40804,01354,48236,08857,13158,14264,47400,31939,07553,00584,43575,51979,09369,27308,42024,12742,56249,58779,52912,60148,45429,48841,36477,58106,52117,13146,23738,49210,52383,44709,63542,64992,52698,53828,62401,11470,42115,38125,49190,44695,14566,52563,35934,59456,57513,18229,48953,64874,20729,61358,24538,32311,57799,04347,19344,16289,12631,15663,42951,53134,53481,27898,06152,04356,31465,39818,02784,25344,16368,07761,22150,
55959,11589,49238,29458,13707,53129,59305,32081,23533,24776,48467,12711,63213,45283,36916,29080,37572,59894,11715,53654,05513,11795,05962,28658,29793,05509,17324,26915,61116,27298,09394,10053,38657,18856,37461,35569,06712,53172,08948,51527,27101,29390,14083,15480,00992,39114,48190,17044,34893,46206,27767,38923,62089,01575,51770,50469,24262,53447,09754,36836,25270,07708,58338,26162,22680,59762,26535,14983,26729,38439,16543,35264,38480,02623,46283,06550,58545,10362,54478,23729,20214,04936,20831,43612,04881,63842,14992,47506,03131,52425,17997,49318,14743,28624,47181,04627,15864,28117,06964,03745,20461,59595,61707,42991,24225,00197,39790,39406,37144,07560,07827,14022,08156,13859,02114,61542,33549,43044,65394,59277,38699,57290,31774,30092,22717,08765,06589,05713,54537,56628,61435,26377,22339,34176,22715,45208,16500,32389,16199,23305,38451,63575,45012,21894,07821,61710,08281,31626,32954,54170,19206,46353,07975,18442,03151,59554,05118,60771,26415,43592,12159,52805,40201,60514,01663,27344,02824,13355,31577,03812,02357,15188,59916,10018,59503,12747,14360,53925,11211,56836,32241,17746,41747,58701,23683,29004,49424,55942,10876,54851,21040,18613,11753,33283,54565,32768,14667,34246,54844,01881,33090,38358,20151,34789,55962,19477,07335,29444,48137,00121,23133,23209,54966,47696,42148,63894,58235,58177,28099,56075,25173,50338,49820,21380,33278,59967,56807,06378,30503,12055,27818,11311,44364,19193,57517,13995,43469,14773,27333,24264,33981,64088,19502,60046,31884,31579,48058,30084,18577,53126,58659,09654,25289,37238,56621,36173,
33528,32830,33309,40887,52004,63797,30070,49761,40976,00742,31756,04273,41378,56080,48026,60163,51571,37616,38568,01804,52445,22030,58706,39734,56372,06121,11842,52373,00496,37457,01995,12174,45540,52392,04526,63987,62059,31997,36992,10785,22865,08623,55375,65352,06731,24387,59439,43030,12120,28419,59608,58515,53283,20732,39753,15129,41306,18082,28131,23368,39140,33360,37596,07689,00196,10324,13078,11043,54343,55555,38143,42919,35543,02931,64319,09459,15126,26975,17364,35988,08383,42350,64509,02530,19886,15067,54366,32218,13636,42605,38342,53157,03887,31318,10036,64558,29707,08395,11567,28033,59697,20602,25325,12969,44641,48000,31846,65041,25567,12189,63077,25311,47046,34977,16207,10913,63835,48639,07044,12017,20413,15006,36945,02085,05879,52195,47550,03587,11874,06213,21906,26834,29280,51277,50757,07412,59889,30872,56079,49426,40130,45462,22037,37184,23555,11927,38585,62304,63332,07801,17783,55032,12031,03924,29568,17008,44028,22456,02475,49124,59339,64092,34643,09598,23410,15463,46559,43675,41010,07528,26897,47048,49706,48807,56995,20613,47524,59171,22690,27039,49854,63619,22154,45851,25912,00182,47926,55712,18973,58542,58111,06697,01079,62396,41178,51258,04289,10343,21275,39109,55061,47993,37831,37845,43736,32303,39789,17869,09880,10319,34427,36458,16341,40315,54125,63566,34850,33915,37045,31478,12158,00790,07694,48033,51458,01997,55894,44217,53049,21928,39065,20182,13402,05788,04468,18849,60219,57295,21149,33577,04207,37896,13712,08514,36124,04150,59815,31035,51136,39023,61579,53520,07443,07282,06588,17264,
38995,38639,02237,36242,03748,61562,51960,51112,58108,32436,01411,60445,15050,27616,26180,08854,14505,22962,05841,32053,23869,58098,63486,12109,45516,46627,42966,38004,29279,40939,30121,20470,01063,60258,39351,06536,51676,18175,33254,35312,64991,46819,19227,31561,48810,50685,57836,45057,02795,30898,43732,38937,26158,21863,01270,25119,13765,21846,08774,11635,16280,50948,31591,42884,64169,27112,36161,42752,05356,57608,59678,62127,15489,09474,55726,35207,01415,36249,32940,44400,02305,62397,50563,17927,60351,55048,25143,29550,27065,37879,38655,39219,62820,14558,09413,01783,29895,49021,10882,42435,11871,37215,04290,20925,47201,38299,07458,41898,58363,30718,47043,38415,10118,26205,29043,46949,02681,28042,22323,16605,39472,65356,36123,31000,47049,62423,21288,08615,58843,35682,57793,62608,43546,38641,25563,05101,29964,31025,39057,42621,39082,57443,42388,35688,12749,64544,43308,43977,45729,63777,08580,04517,62500,51048,11995,21013,40395,57026,13085,55764,34736,50815,23893,61863,06329,32914,35830,17684,10748,11856,00475,20767,21795,00239,01157,08251,43783,42184,37081,37429,24498,30237,01011,56202,34274,09499,07566,34763,03650,43074,11285,30047,09724,54271,01461,63247,33760,12071,59083,08399,07665,56211,46683,35982,61351,28242,52181,40035,19968,57291,37130,08791,19174,16930,16249,26751,25738,43175,49823,02659,24166,37282,23374,09428,64417,41254,55888,00727,52868,11448,21875,42373,54828,07584,10917,62785,27022,62698,22139,02559,50762,15121,17862,23787,26938,51996,39864,60276,35058,43002,12853,52354,13609,42515,44094,20689,
14331,28598,23616,26879,13198,25902,02579,35240,59499,23074,25966,58406,35367,08328,20759,31119,03958,59954,26590,36199,37601,04389,40098,07996,33745,58048,59255,22627,42234,62606,04187,21044,22631,33897,20714,04067,03027,40827,05043,64821,64155,15665,57118,58906,02103,64563,53132,39207,49081,56738,37924,43267,54530,22516,41821,14055,04048,01738,47996,40696,63926,48962,47089,52784,00706,62087,59565,44872,24015,40539,43425,19155,48547,19269,30676,20696,50536,36849,20772,23839,23709,08938,39667,13387,12625,21133,17376,04679,03765,11320,10600,25383,07059,15011,02397,47303,34096,39374,08751,07791,63875,37517,18217,07535,30565,22665,15379,65458,13023,10631,52462,07604,12709,64946,64170,44071,23883,06590,02974,43021,26721,05147,38036,32139,56952,21486,62568,55339,39408,09865,59001,47533,24218,17834,00655,33023,55463,19010,02033,21992,34535,50770,30777,29576,16206,45087,07466,36885,02038,52895,54982,56735,03118,54904,63688,60754,39968,42040,63801,62822,47035,10510,63339,23686,34387,57762,12500,33658,55708,06149,33495,54461,14450,35122,00977,56217,07074,45465,26362,10350,46853,47081,37382,57017,12593,22227,22977,04441,03635,15785,22996,13621,31132,27669,16233,24482,43596,23664,11401,64227,32994,08323,18035,20421,17598,31105,20126,58536,08818,39772,57398,56403,57379,08377,54668,26170,39548,46428,43604,52730,55724,38015,44059,40240,32366,25580,16409,11360,46841,41474,24355,00500,12681,25413,18290,42830,45663,08355,16057,47032,63763,10790,41123,00434,52766,24026,48582,16193,37854,06313,01629,50675,11783,03511,29590,31777,
51417,34180,25042,12123,34430,28844,14474,50810,31262,58366,13681,39385,43317,26175,48405,18422,03994,08096,55272,35566,00774,39056,04960,06108,38416,57152,55129,41961,46695,05880,29810,62806,05466,60865,25498,37226,06491,28428,22538,05520,00849,24155,06413,01515,58797,54693,26631,32507,04016,13754,61557,58913,60570,21383,42479,16601,05927,24545,33791,16080,41533,06252,49720,34947,12963,07769,31050,64749,50241,50693,50480,12581,28436,60910,13900,48963,17060,00676,58261,59135,53794,48569,17769,25749,06157,37509,62316,10360,52849,54823,36253,58649,02255,37322,49546,36943,44146,60736,54354,53067,08207,11182,23502,07293,22941,40568,52023,12998,18119,27697,20255,11139,22879,09424,57852,18893,34128,55372,04499,11957,55787,38079,49346,02363,53355,46463,57561,00237,55124,01741,02509,21942,35001,16438,55933,60420,05886,53476,36455,31454,50034,39579,57316,22799,33308,43657,12106,06706,03892,02420,20039,34001,23067,33916,47285,55584,23109,00339,22117,03706,60980,39064,16973,14692,05154,46547,58697,45780,48280,42700,48447,21687,00020,28378,07300,44941,54073,58824,17385,02013,57175,39919,50726,21311,02756,15563,52460,55454,30261,64492,59107,10452,52796,63303,49121,19532,10366,39154,60185,57281,28218,58168,05570,26138,49156,23730,10031,08324,18544,49050,48795,27365,16183,18306,24418,30409,37413,56263,38466,30902,10573,07025,28943,58992,19813,09575,65484,48302,19979,37580,24653,36339,38394,53434,58425,29339,15211,55814,38907,00875,49517,38338,31524,02739,25377,48589,47783,62074,03347,14180,10409,27058,61900,37295,02207,26701,
37051,18180,17230,17954,45951,30073,04780,43440,52825,39972,43365,38326,01162,65018,39704,24520,17735,37046,04365,55620,38978,39876,50670,51537,45706,44153,51989,11816,09634,14684,37128,56581,26270,16488,32829,63564,48054,61287,14058,14397,34101,26228,20511,60884,27372,52725,40518,35727,44932,39850,25169,24213,51022,12859,17985,39879,17169,00931,62266,30317,31440,29245,39608,38440,63343,08101,60367,29418,09620,54519,27679,27150,47793,49095,32136,27010,17374,57937,63020,49673,02787,06253,09548,41439,57341,44688,43380,23012,32471,27116,33858,54809,55045,35255,30257,11877,52089,55034,43384,57502,16633,57501,16025,18228,27246,43570,42646,56405,23663,58173,08057,03936,34300,55636,19822,02664,07995,01421,56707,51027,47318,15805,15783,58030,06643,43844,42703,32693,04832,63194,55910,44047,38967,49540,15839,41174,50005,55523,16362,25360,16447,43468,10908,44999,08638,05258,61674,20264,05018,10448,35395,01498,07124,19093,20608,47096,21723,13936,40389,44966,65164,25095,02554,46855,40693,40860,37250,51487,52922,17878,56223,05272,51402,19159,49101,33004,22333,02608,59553,52817,43382,10965,37883,49132,10160,51955,00507,13946,16611,60825,18578,58998,31607,53675,54888,37611,29434,47955,15147,42109,35648,25328,16928,06533,30540,31922,01992,40750,21038,60556,65113,20009,54234,44501,13857,35365,50384,45890,55778,11500,32078,51773,39709,41901,12427,41623,34126,05249,06579,13726,34931,39302,16607,07184,59174,41903,14826,16944,14017,10426,16769,25120,45633,37935,05137,52739,34723,28747,22601,47036,38722,57654,35102,58029,33021,64493,
22059,31986,40497,04331,38793,06347,01132,56722,15271,05099,45979,38618,61260,51828,35095,15358,51293,64370,17202,63655,32501,25619,39759,28779,05656,59793,56072,04435,08855,15945,00783,59229,45807,30247,62731,41520,62223,54008,33108,00453,37359,46999,59182,35529,37162,12375,53986,38726,54748,02309,37373,24577,27816,49065,41719,13216,04215,20543,24774,45545,01417,62613,01156,02913,29879,42268,24296,04236,28237,40506,51998,48162,49353,53124,04908,40625,55902,35343,39975,60108,33173,60035,62280,19545,56367,45929,41282,26825,46016,09007,23927,62274,46107,55228,52651,59860,58970,44918,58396,23488,36317,52547,09307,52141,35910,36019,14108,38685,64564,27309,24517,55249,15215,03355,36373,61344,06075,50554,42229,27749,52670,25078,24753,15967,65302,20426,39580,59943,56413,37050,65118,07792,42231,04235,34322,24826,17415,64567,39257,56131,51730,17004,41971,52812,57519,58331,09129,10579,26646,46184,47851,01344,34238,38212,11316,22079,23604,12101,36510,50275,54427,06720,59462,53055,28236,48232,54439,38774,21153,30329,63120,49063,65149,55970,56231,50896,45369,05256,55507,60377,37422,11697,17231,21921,47488,31943,35016,58485,64719,45398,57894,24072,12727,19609,04136,20754,47812,58383,52525,00568,29623,21450,39150,40008,48112,35116,48611,31497,62579,58522,22763,21597,27775,30975,45386,33434,02109,38971,47636,23014,50196,30703,26320,38996,03623,58780,03045,48641,59753,44361,21885,28064,49934,09615,15435,19080,48213,01166,60598,23277,35791,34419,33293,62514,62023,23593,62200,12190,34302,08844,62817,28852,19270,12986,28998,49335,
00302,48686,42290,16580,43261,11790,29832,17042,64924,29887,30836,61724,31752,08000,54287,47090,36729,39402,28754,49682,19654,35697,38986,38412,08539,46401,40458,37450,04813,16640,42693,19212,16106,06587,46647,02161,44283,08679,32992,12941,21134,51383,07640,54339,16991,22396,01328,37788,26505,43310,03310,26198,12490,21876,13595,52797,60728,56259,05209,42767,20777,30170,30570,59811,07951,24670,26792,14494,11198,57873,19498,36377,58036,35448,07254,27942,07351,30974,53694,28627,07832,08589,36514,22244,44266,16602,25509,10332,08966,62836,36881,56302,53514,54638,60849,28333,62528,47729,44084,01468,47965,07876,17312,37719,53717,35884,37987,30009,46325,22826,21051,28442,21255,21565,48149,13239,25610,29731,22817,25566,14759,15398,27203,09120,44905,52956,22196,20121,62169,20834,15926,23666,19782,38669,41302,57662,25760,50928,49831,09029,39122,00039,24051,15384,06086,56589,22705,59487,15175,10823,37922,55471,02152,47328,36497,26995,33697,51179,17661,19632,37448,55171,57019,46169,30239,20526,20249,53608,59327,56480,45573,39562,57031,10134,21654,25924,54384,08315,47192,31242,26092,14044,56698,37134,08349,01548,63257,16217,11960,08781,46667,58574,12815,36070,58462,21790,39888,19458,30622,01427,36272,04261,23124,49286,63743,24434,53689,24989,18468,42845,14029,11395,16079,18843,57915,28230,38537,40925,60491,53335,27505,59921,43371,46245,39077,50738,14021,52821,34160,46696,64790,01263,10182,41782,51045,50124,47507,22900,35746,33006,47427,56444,41105,40587,10412,25931,46208,07776,49074,35885,11900,39128,52542,01649,45646,13047,
32066,37389,22332,02832,44629,61738,63957,32967,52555,06598,23382,30581,61383,38720,46287,21709,32939,12308,38406,39390,01001,47275,11042,34345,06617,16062,51717,40133,11990,57781,52488,63795,27152,30079,22781,51051,25161,20496,04474,64896,15702,20285,28526,24412,15085,65183,10951,20593,54914,40544,36719,12346,30810,43536,61838,07576,46608,31373,00855,04721,54756,62015,33302,54075,49574,26828,03702,50767,42079,14310,43245,65528,44444,44924,52709,49025,62339,48636,40374,35856,11241,51243,43420,09624,34701,20440,45770,38908,59242,36912,64390,21045,46814,60802,05614,00243,36896,49938,61179,15310,41528,11131,23783,40734,06146,49919,58127,61985,58528,02241,20432,13015,38215,04380,10575,38792,61938,26695,23703,18702,12501,33716,30472,38516,42147,59236,25932,43588,00397,36812,64292,49352,09768,25391,53420,44737,39080,25313,16837,07591,01569,65409,61468,36558,47284,53987,24334,54686,44795,25060,54865,30706,34418,48773,19374,05135,13087,18867,56305,63830,07387,50446,58137,41058,19691,38401,47844,22124,13258,56825,23160,37751,21442,62141,61893,45804,28971,42947,45936,26950,33122,23431,56624,01879,52412,55191,55671,33859,33715,44848,07870,04515,32305,57368,57461,03830,58494,09350,12888,39252,27589,48113,01357,00332,30747,51664,57247,00514,41890,60585,54361,17358,25747,28666,04233,09910,46885,30830,15934,59720,58651,40183,34086,32307,04115,14618,13488,29002,47007,60283,59407,43255,49992,28958,15222,18207,37908,02168,30175,10123,53525,51535,53316,10226,06861,64079,55771,17631,54806,28516,11483,33049,01223,41706,12784,43827,
63086,48415,42136,48558,26290,21935,15810,14553,60903,32515,07774,58526,62228,21343,64951,63906,10006,27660,33816,19439,05022,13633,56475,05394,56234,22892,18672,04199,08011,29700,50862,44287,25979,14872,53860,10978,10110,44980,29333,19471,64186,49678,15754,55541,64822,47879,17975,43200,09522,41962,27966,43749,56051,16931,35069,33187,24371,37701,02533,59984,29133,40364,59594,10892,43082,20884,10074,52358,47663,60088,32797,06684,23163,45189,44135,13738,32267,28615,55195,50593,10230,36512,17454,47190,34143,57396,07241,43041,54754,37019,62660,06565,12429,42731,50309,25635,35972,19621,56850,24681,03884,51225,34803,28412,62045,26038,12089,34677,09892,45274,19178,54518,12038,41819,41923,04556,02337,58334,43062,16358,61896,26268,58968,05887,32570,16838,06164,13154,04408,04303,53933,30710,53546,06694,06578,01854,64380,57511,27664,61572,05564,22101,45031,32327,14279,10164,43919,42166,24205,00809,48314,21471,39565,37710,10783,42224,08929,09708,60380,59576,01371,03298,17521,16432,18128,31113,36403,23039,02956,34198,43146,06777,07252,07653,12522,14462,38587,24779,50202,32530,06283,44873,38188,27230,60240,65443,34234,03154,52901,38217,40843,15868,05198,09762,35849,13021,27619,42505,40573,38687,07745,59136,60814,50852,03802,11522,34417,11409,62389,45561,22342,09254,57205,50839,21653,61942,08021,41399,52451,09637,40999,42885,47389,63289,55122,08710,22040,53859,40689,34636,04605,22652,56599,36020,61315,17426,38607,61320,35622,02765,47913,35624,00678,38912,49604,30742,00839,51778,44854,33540,58056,31055,24632,16100,53399,61016,
49114,09133,52689,07557,60586,08745,19672,32115,05835,22167,37783,30176,52446,12093,01124,56090,57102,33170,40581,58652,08172,22331,55394,11071,05643,15339,29446,15895,42968,35402,53327,21323,04027,42604,34462,14164,25787,15482,46601,19843,46552,59164,10033,42004,18639,51583,34821,31706,52867,35063,56323,14885,14265,63555,43992,40522,20308,48990,03228,57373,50705,06156,43099,31487,18733,52194,39222,08078,32972,63094,01123,61582,10264,45477,47769,04909,39038,06080,22896,01846,53314,51603,29228,29374,10267,54674,65248,10212,16767,63711,31431,51425,16905,17543,32229,05973,25004,08487,36662,24851,63821,25950,17560,12107,11651,10117,06642,05416,63874,31476,40830,47622,36976,63492,46213,07077,43012,13460,50604,43768,29530,29394,27321,27442,10027,16131,44736,07839,32031,16832,05831,40239,18712,34908,07853,26743,56325,41141,48633,16449,58080,59033,03017,27755,59694,26675,61159,53602,00275,64952,01502,28211,62668,16037,23638,14117,07925,62034,13878,10032,28110,00688,31571,12513,09074,39809,30697,21642,19368,43876,14412,57732,24429,64554,58403,34975,49119,39083,07051,31729,23668,39880,04629,16401,30923,57621,63725,40764,08107,35914,42889,14535,61649,40107,39119,43908,12116,07684,11155,01680,13046,27969,56677,06939,61644,49146,26744,02260,26919,29581,32583,55732,18459,43283,43451,34491,56246,59713,30606,29800,62984,24595,65143,22825,26910,14921,09266,24869,54184,60477,36701,52752,48889,07495,00255,19070,38864,41350,16713,30441,56441,32855,28758,53166,28026,34053,03040,43018,30258,12245,07773,12756,42172,58876,65307,35516,
29206,35738,16668,01393,06201,59098,08151,11968,07992,38166,04911,47787,14924,01733,24815,05630,22578,55183,44189,33452,03307,60988,49937,21158,29251,06705,42661,53194,26197,53231,59900,38520,60784,59472,20059,36095,08453,50027,32034,13080,57453,31332,36903,34108,57250,08965,59958,56169,58945,52704,07674,24467,02729,04163,49191,55956,25909,36047,46057,50962,27822,59119,53224,39573,56007,43921,02916,42295,60300,44570,15943,20794,26951,46519,11845,61610,47865,23995,38047,33799,10824,25801,50106,16717,38933,49488,10257,05815,62776,57426,15195,35318,63359,08267,55070,60090,16052,51806,14408,62439,29752,24578,19429,59510,44459,04260,23257,20363,33230,39211,53289,27376,48729,45019,08442,48387,47988,56782,07122,09303,02688,45052,53683,42548,06807,58558,36969,52041,32742,41979,60359,10252,28421,15888,23908,11006,49385,36483,18019,32809,56546,23713,13675,59401,46765,64045,09622,09572,15443,06218,59090,42482,58473,19299,40486,11966,60382,30665,51977,38635,11336,23126,65510,14967,58953,64574,15633,07262,21667,23828,33354,54327,01902,19290,02466,33880,31866,03188,63140,26870,17069,56339,17693,04760,55549,53843,02414,01438,53326,24168,13361,24564,25007,51370,59884,14768,49511,21378,45307,32365,21618,35567,41943,04866,08429,04992,45457,42403,25138,00583,25407,17939,01976,27560,52851,01335,18355,14295,20137,11240,61243,49716,14709,26154,23902,41268,00439,48951,33520,55782,23137,18666,16687,43065,03361,21546,41881,04692,20583,19871,41522,60760,46753,54690,53757,32314,07373,34702,42310,43875,60951,45191,39387,08625,47361,59603,
38026,00749,15168,27940,41689,17835,57054,09664,15770,14698,12732,17049,48118,55821,35229,64353,42580,32468,33328,58821,32815,02101,10392,41087,48862,38948,11284,48753,22162,54650,47235,04589,29452,33417,50339,11135,51982,49437,05540,58924,59543,06192,37374,44557,62995,31180,44251,13510,36924,09596,20190,41109,46892,42361,04940,32482,43770,44797,56375,01164,02457,05574,41091,53495,29983,59605,01397,03305,18384,16965,63610,62558,35186,57273,29431,15366,22173,34972,41241,04404,28420,19716,40335,07344,34944,00961,51895,43387,37859,65210,10199,53721,38392,05872,56692,29422,43896,56695,39925,20674,09432,56483,43681,17351,14716,38073,22390,52432,16277,16705,21106,28806,24750,14942,03100,46188,28546,46516,02932,28626,49857,57760,58028,63401,64341,12466,25414,16188,00049,65280,12439,45695,44010,04558,25210,33026,17864,26807,36711,37129,52588,58333,32802,44171,19593,63567,53797,43512,49627,58090,41800,11922,58502,13701,52955,19685,27258,04309,25863,33935,25796,29689,22477,42519,11755,64989,57394,25691,09180,41524,33665,30423,46069,38049,51328,48108,20217,28895,64315,46377,49155,61868,52605,53369,41760,48256,09693,00782,09165,07657,51394,21301,03207,08090,06971,37455,55979,27188,60394,41412,59265,51156,62183,01739,12653,11766,48629,63683,50761,35064,32191,54843,53688,21298,00771,27666,08191,62846,18321,08764,06414,16055,59158,13366,26050,17991,37692,56980,54791,15431,52981,10284,54981,45674,35708,37401,05424,07846,36970,34367,20678,52548,13861,24883,63820,65410,08268,25179,06461,22077,47906,34199,06761,24075,15891,41828,
20441,17992,13630,09517,41640,16593,35877,63057,45623,00388,22214,17528,31787,08715,23185,58489,45965,53070,33807,13182,58397,11313,42451,51235,14775,00666,63708,30788,02641,38531,01108,63613,41089,42220,18846,42503,24905,61086,09141,22963,42524,08831,51430,45873,63846,49974,09411,54797,19019,08766,17256,17568,05992,56935,32834,54309,35865,41133,47534,07429,33818,38023,20238,22319,41051,56625,39911,01970,45390,60395,61509,09742,47280,53056,05303,03628,53265,23405,09433,34833,54162,38016,61044,55180,18274,32505,08161,51763,47093,44728,11680,12075,33748,13583,46910,01363,11834,51532,19548,64212,59655,34794,31034,28220,08523,46236,28388,59756,52043,63177,30612,46797,13716,49996,59488,53144,37696,32747,10811,21352,14062,36246,40700,12479,49186,23402,24574,40598,34952,63030,42410,08202,09463,54256,59097,53535,58956,41260,58244,30300,40754,08750,59556,30275,35440,35182,32027,57076,17799,02403,45960,50500,09779,47169,32897,34602,03138,20818,19364,05255,57382,61780,02244,07055,65501,62241,30666,13748,39214,11055,64101,26301,35636,17107,45624,01840,27811,00301,36520,18447,45025,34829,28197,36444,33041,06839,02529,27320,04498,29526,63214,07363,40951,32578,10073,17591,29831,49628,48380,32481,10143,16282,50348,09452,19372,24957,00665,14224,23721,39615,03297,29190,18689,56029,50385,19741,22626,01679,33028,22931,06498,29275,57259,43602,50463,02099,04957,52092,41584,35690,46903,50205,43979,34824,64634,28344,02278,37643,53103,38955,34581,65254,51825,20412,07474,48028,29614,59911,37331,44302,20211,15090,52130,04984,20749,03716,
63336,04268,16727,52632,35785,35603,04056,35028,56786,10500,52969,00159,00951,19119,40346,26459,57135,10126,16650,60631,36387,16084,04774,34942,26811,50847,37735,63069,20456,44045,43909,45126,44950,32187,47478,13599,20113,42754,48876,63799,23542,41692,09568,11705,47309,27289,01999,00495,28375,33907,00776,17930,21076,17087,05088,40851,45054,58864,14526,10770,23103,38064,62066,62681,48214,38344,07153,09996,52150,50904,06584,38621,03969,15545,29055,17111,54635,54053,08850,53445,44429,15157,63963,08924,50043,14958,34421,32098,30408,39491,22142,59787,23865,40699,61488,26082,50445,64028,28528,05281,46961,31247,33739,16951,13626,44903,33113,26885,02254,59828,50580,38104,32353,43141,18890,46985,60096,61957,30542,12053,41812,60790,54241,17173,03104,27491,41710,35035,18382,34631,41657,27604,04859,48138,40265,37555,11453,54716,31090,15490,54450,42952,29343,21027,10441,13259,53060,09803,30626,60740,12889,02073,04438,57741,17076,02873,22285,49485,32612,31605,27952,17553,14737,04864,03167,37318,18707,18752,48016,24573,23349,55604,36162,49889,37261,26500,54804,45476,57669,42123,48663,31093,50827,33982,39869,24464,15388,50882,35215,33526,54991,10861,60588,58831,13013,27714,24292,50934,18662,04160,13541,29493,34982,44523,28919,11343,31470,16212,47833,16471,61269,48519,25817,01464,56857,02619,47378,28493,10396,58688,23153,06419,35406,59644,44181,06843,31624,37774,36034,44204,05498,55247,18081,14111,41663,23826,45913,58748,11941,31429,63351,64902,23273,20844,49928,43464,27959,26570,61657,45284,22629,04156,25054,01551,50172,63414,
27049,54161,03399,53477,26738,36224,32125,52332,22385,47631,58647,47242,39803,11797,47002,22271,53278,20675,57367,55029,62370,62897,09481,12972,59669,25569,29442,03878,47317,31163,02252,43963,59246,08348,53771,02378,51748,18010,00983,47421,33443,56412,42091,15794,11176,12496,26772,39506,34899,18721,13138,45529,19970,48772,17081,35463,53701,35546,60482,57927,59613,05984,57966,22499,07219,17126,22603,50825,01210,21456,02594,54814,29834,54926,17306,21966,17147,11829,35542,49708,25750,21120,62870,23416,58978,27927,18246,59728,53218,50013,63440,15818,17961,35159,60064,23135,31685,36291,38570,03263,13339,31073,42495,16133,64059,50983,37575,12353,30366,62041,23803,61981,04644,00948,29521,30809,09171,26037,18978,24209,13986,59114,31910,40600,39196,39665,28334,52931,52269,58466,28437,22344,27981,10308,63280,46868,29563,20212,22406,12586,16801,46925,22120,03775,37937,40645,49489,36109,41835,44279,29115,49949,61661,49718,09094,31516,52498,10821,22460,19255,46611,42798,46589,01583,23358,60268,56417,18292,43374,30110,42864,18140,40213,56435,34038,16772,62091,09253,36873,15778,33912,24255,31206,63153,01052,61149,63106,59383,46633,28063,32655,35584,33216,34633,32564,40250,14999,08147,45834,42877,60512,46036,63400,42802,15400,20444,39671,31194,41424,42429,41562,16473,43412,47460,44467,15671,36549,24247,11676,15118,59306,54811,02761,22783,47526,43171,34408,63496,09895,46844,35576,42713,49379,31169,57944,57885,14075,56045,40848,46459,04845,40651,19365,57858,36922,29865,20117,61396,47892,01375,49746,57684,31361,64108,49214,28922,
16073,63541,62050,20584,11086,47029,03458,27286,10064,58308,55262,56809,05829,34282,08684,45023,03681,25219,62030,42256,46140,60094,58757,51223,43788,30018,03344,29780,54620,23042,58934,58353,30419,37691,00946,14834,63862,45496,43262,15553,20840,04391,46257,05358,47370,13062,36649,42236,36572,31654,46146,02049,41574,27331,29069,09862,06153,47667,28186,31028,11030,11248,42529,28654,58492,55290,62325,09248,55415,02218,09788,31799,05849,50768,14587,43760,05032,58733,32891,02423,15304,03997,53376,37204,58081,59764,30568,32056,33613,27623,19264,55638,37330,60553,53468,06574,54226,16968,34357,55748,37759,56687,57091,13035,60054,33622,52787,64016,22918,57727,42263,53847,27276,40556,31519,06390,47655,19916,32154,45317,00448,31965,03715,10141,59405,32445,44149,27539,50341,23494,23459,58000,09330,16294,09920,50514,17755,29256,24489,23618,48890,42391,11120,31446,15615,40096,04530,07799,03317,64095,26121,36840,54951,19243,36906,27655,46665,22651,00321,22228,14710,28715,11021,49569,23788,39379,15277,09203,19763,18213,31828,60835,14833,00067,15032,34948,25075,57493,53131,29976,29979,21783,60105,58572,06569,09062,30631,26533,23844,36436,33547,00661,63092,43985,19797,42677,65000,46973,14536,26370,48952,57543,10597,16758,28531,42240,60791,33527,45030,16879,37853,23218,27194,44477,23041,53025,13322,46943,46919,39985,25701,03957,31803,43428,25515,36925,59085,57433,46612,03274,10176,31075,57715,45865,26257,49380,21185,05489,21069,38275,59905,39583,03378,21598,12519,32161,25404,28040,11254,13360,46264,37653,02069,60935,30410,15683,
47236,10518,04393,20609,27449,11620,26724,05158,48546,48093,03404,28100,27334,18398,59320,02663,40933,62460,08635,04040,12067,65237,61679,54465,35126,17609,53045,46719,09907,42841,14649,23669,33033,31733,30505,01861,60647,40554,00631,15701,58275,18187,51188,44232,37703,24001,02422,34046,54697,53029,55361,38383,60085,57200,03011,45165,43784,51500,28316,03987,48844,59838,60964,47030,25062,37747,35424,26300,00329,55383,28796,07195,33094,00869,52522,54381,20612,43063,00258,26656,29358,34202,64589,27030,59642,12971,46801,62497,60972,24257,53645,26174,32732,26023,49381,50753,52847,10394,25059,56594,58767,27118,62382,16113,37251,65223,46535,28133,56535,51689,44529,28143,33969,02206,12474,54446,51926,22348,16504,04792,21734,03552,40231,18352,40324,29687,22286,58600,28478,25237,59906,44684,39595,13882,28769,28000,53934,50454,41514,60847,20171,52878,63974,46243,02702,19209,34744,19002,07249,61190,46794,34707,21560,52100,49423,45228,59064,48187,37848,11838,51050,53795,30841,39714,18996,52078,16786,42928,12775,13902,26291,45238,61228,15958,25798,27032,49182,58051,01122,09785,29038,37669,47521,43898,24399,49165,62601,29334,54177,50963,52837,12691,56513,41705,13370,08345,58686,40741,33806,62218,48045,46127,10979,01595,08361,13017,16750,16614,32202,07432,55722,53751,23388,14208,63847,45846,05181,26527,42753,36595,34197,33018,32629,55277,43046,37875,03114,16122,08478,30769,42075,61021,07483,14475,48997,14850,32692,13483,12248,48613,26374,17624,43881,27180,49329,34013,36088,39938,44962,42447,59176,20383,05626,52925,26617,18695,
47492,58837,18808,37228,59734,37380,34172,17616,07811,41199,25632,63443,02027,30962,25044,34586,11597,56960,18200,13855,14994,26184,23981,48848,07082,45927,25726,54825,56255,35464,21389,09333,61703,14702,21223,37934,28883,39791,29889,61544,49715,46528,43069,60023,52616,13466,05804,64501,57832,29754,03518,42306,14984,28123,10370,51611,12803,48664,13189,22773,42725,05378,36904,31143,43802,49705,31010,12214,32571,11873,01594,47504,56994,29797,01342,14579,17821,04111,32980,49502,56942,54488,62000,41789,58898,54278,13195,25342,38840,04487,35413,39404,08521,53388,53978,48352,34007,19007,33186,30678,64469,13737,25334,62190,55616,47820,58810,18554,48337,64742,31676,44073,13829,03972,12588,19756,10479,20766,50409,58016,17963,22520,27313,49990,01117,37986,28384,07864,35843,19610,21703,51618,08313,53874,49180,20404,58156,19959,38249,64897,63123,49071,43993,61144,06014,28955,06455,15596,58509,22022,24887,04989,10595,53378,16712,24452,63243,52727,13024,44196,20073,15308,28675,57655,48027,31917,56565,64076,30889,46638,63508,32638,27644,65023,22552,58094,47295,04860,08120,31968,06059,39747,04824,08425,63466,41463,31236,17844,47702,01894,16997,00998,44091,60404,32946,08998,64458,27676,07564,10992,46241,58868,51893,08058,11314,19283,14160,12751,00984,60139,01188,09396,10534,39769,07565,26861,48251,21576,52601,61290,17804,41157,45939,19066,30986,63849,37756,47353,03291,54631,48046,28934,20106,03363,25083,40548,23504,55137,17650,10689,59810,03244,33076,19199,32749,10776,43036,35079,37512,39321,26809,57226,35900,19011,45148,46917,
41005,10137,50835,60107,07793,30367,17880,56345,40382,42834,63569,24129,15069,57421,45882,51494,06545,00499,35829,40981,06691,55893,57934,51176,23407,57289,28539,64128,08262,32736,63171,39378,19948,10649,56267,57567,62133,06277,23535,24342,46782,23930,52035,06559,39969,51109,30934,48575,49848,62976,63565,35533,00307,06944,60518,07524,51791,26171,60811,50648,04945,01545,11882,62315,21430,65092,53817,35881,53963,13927,65351,12976,35417,49220,13592,40253,29454,19336,34016,52877,13798,22594,08164,60655,28079,55001,04117,04169,55313,63877,58444,06297,58636,59979,53655,44757,00190,59622,01260,37123,22437,27075,39170,51381,58930,33863,04579,27006,10224,62192,25571,45008,60542,20930,48813,24819,52979,60109,40524,12904,29355,44176,02723,23947,49900,64879,40647,06001,38163,37943,27045,61503,23966,24131,05515,55735,61476,01617,06948,64096,11165,53724,43013,43640,19018,15628,31372,04372,20695,63734,36811,56821,38631,30690,42758,24616,00470,29072,51433,31536,05165,11955,08432,57024,18788,36002,23320,30305,27793,36057,18318,35380,18692,45582,57746,41072,13516,47198,39021,62378,02606,17599,21991,43357,25820,07156,42682,53057,16631,59891,26882,25525,09504,01849,30552,16245,00893,32806,38458,45556,43338,02108,52018,35070,19211,29737,08402,37772,45246,52600,20213,44620,04210,04969,33234,10846,46982,07250,47713,57428,28798,12570,35844,30201,51622,10263,41795,23564,53681,52885,00040,07754,05467,50608,35882,55253,34100,58009,20615,13397,09479,04544,00066,46995,33480,35197,47320,53424,27036,20388,03660,17142,39806,09005,49785,24307,
43858,42607,56506,32808,23413,41266,44165,18909,07748,37897,08955,44157,25271,64665,25482,52753,64985,59614,48122,13427,17774,39703,05759,41128,27380,04876,13619,26020,48095,51834,58750,54963,25184,37181,21489,26403,47949,31296,34078,48145,59991,45586,53014,18774,10751,34708,09918,04185,14342,47594,65038,13958,19014,27890,12014,35517,57103,04986,30696,53838,13794,38108,55248,30607,43081,64676,36759,45011,05164,65109,56218,60690,00252,11153,50030,46089,19216,23238,56019,32174,46484,15001,60281,56301,12829,03105,46663,64100,07782,28163,57337,34043,59710,13076,19352,38959,40570,54847,34689,46019,24654,58322,06008,48804,22595,33246,06434,06266,22453,58589,47566,53564,30094,45452,08655,11505,64531,52221,30134,40388,64433,51420,06981,22408,32490,59950,39523,37386,18503,43664,41848,44188,44764,50808,17476,60097,03506,20279,43673,62796,02042,38592,21119,03195,46740,18768,64133,33568,26408,45714,35192,38584,09530,12568,35234,52660,05138,44580,32095,28269,06000,56618,02044,20682,55633,42487,25276,64547,28373,10683,56448,02809,39843,35484,47384,04497,12405,02256,18962,06931,01758,58696,37265,30328,20576,51281,32346,03740,08950,36349,14510,50352,13492,35505,49626,62963,30265,41310,55324,19273,26497,49745,33772,55573,63344,62779,38979,08139,04179,48949,02626,36346,28944,37619,60998,50105,41030,42413,12231,58613,19580,01050,50058,61874,18782,60653,20311,38973,19730,24207,01789,36000,32058,42438,10524,24083,46255,08616,32977,00791,48861,27066,45495,28738,41507,15486,51190,34790,08848,19302,55332,16720,11236,09561,52516,04483,
45677,22325,44982,31203,57170,03723,29225,25398,55993,34317,31983,32439,48265,06454,04640,24586,12824,39133,55437,57097,07831,64853,38303,29117,26448,42865,16577,08725,15687,55770,35250,29868,26771,36723,24102,32489,35906,24549,42769,49530,00854,21068,63103,14681,13914,64762,47817,63785,22841,64598,11099,41076,02226,45070,57114,55479,24392,18083,05586,34511,26597,63706,46630,28136,52246,35383,07790,31832,46383,40168,51228,44258,15081,31631,27985,47903,48738,08304,26116,50940,22669,10477,04202,54090,11191,38527,02436,10291,22115,54663,52316,56751,00898,19668,63161,46533,02011,63377,19334,01207,03426,57508,49714,04596,40292,34364,12183,29369,31623,31860,35325,23870,35803,37944,51166,26801,27815,09496,15890,54109,17291,22126,45680,08559,44553,13983,10338,27536,27098,00872,04930,25645,07265,15724,58577,02957,62116,51187,08197,60763,55464,61891,28561,56870,36490,24391,33317,59248,25208,17379,11828,62957,41608,23796,47368,30355,07047,52890,28828,02815,54284,22803,40640,39883,09272,35740,29671,06934,47107,60799,60975,55344,43210,26581,15389,44969,32025,09686,31051,12506,27783,09500,31793,15058,19742,29432,10406,01792,03709,38116,04801,21809,10818,60633,46329,59526,04668,64054,12467,14851,06103,06387,23353,48553,26628,10146,30536,47215,50527,42072,55716,23334,41731,62775,06393,31585,43700,07229,05370,65447,64776,35654,42304,07885,43014,34526,39890,20409,33399,26315,16988,37230,24358,53862,30786,24987,19705,47614,02767,57473,56883,33492,08822,10106,33922,40710,52395,62933,38569,65022,24631,62956,32915,07439,22345,50153,
30815,02145,35359,41074,38704,18854,10825,05233,36127,50247,37806,01825,38925,39936,55174,11647,35692,10618,48060,54362,28148,62618,40245,42699,35233,02287,63395,32880,19982,50159,15826,00562,27777,28130,06530,06985,61521,17911,22202,02097,48777,29018,51555,41333,25330,49884,31771,40908,12261,18012,55531,23816,07687,51082,30031,33541,31515,56587,10280,41934,24022,34624,39468,57447,30636,15244,56068,09733,31678,01212,40679,14842,23725,58190,29992,37312,21737,35855,01917,05859,63577,28167,00374,09263,31560,34061,29597,54371,28008,61725,44127,58222,61930,05065,01916,07953,36063,33389,52953,36125,65399,34362,33589,22303,60793,41297,11370,33809,59445,18775,28604,21510,05641,62510,37149,58435,46651,33231,61085,24236,62487,40328,45333,54586,23920,19821,32569,43045,27396,47789,13130,59577,25100,58212,18385,14393,33574,09812,26830,01446,25362,00535,10355,22616,26833,57292,14477,16619,34294,30969,10765,16197,56008,08887,01454,35200,53605,55552,57154,34521,38894,11166,19109,25454,31886,32750,29025,26142,07030,13506,49771,47626,20814,19349,41741,20394,25991,21331,06794,64177,56050,58227,28158,28964,59829,21021,12080,33398,11921,51852,63279,12273,52443,30395,57818,34775,32888,15565,35446,19960,48477,24870,27855,15077,28480,10439,11835,38130,20286,53785,58617,61157,41401,32250,49253,24366,59973,41652,41430,21096,14820,35056,52144,44603,31071,62969,33744,51817,27061,64601,58825,35481,52415,26522,52842,64974,22464,43805,30401,32658,01900,47723,22270,39731,17776,04836,04432,61009,23558,27181,51009,38694,56015,52903,61811,25452,
60914,58835,49496,32266,24560,42027,09749,11506,41737,16995,60974,30801,20900,55696,60131,27428,01736,25845,21811,36028,07203,60677,29863,16774,22738,04885,04818,40571,09169,56299,08291,33439,55382,25222,50006,28260,60734,40603,64773,40873,22353,06064,36716,06263,22440,20875,38149,31033,06281,49598,14286,45124,43480,59698,53598,21975,36006,29955,18139,06177,59347,18606,57313,53118,64411,50958,31987,63573,48909,40090,12750,40962,22534,19657,35790,58967,12589,10268,59955,12451,63018,35602,41245,16589,51376,19687,65112,10716,09732,65185,48072,13752,34377,15919,47866,18356,32704,32230,28743,40219,07137,59121,41423,36681,59992,34241,53008,37039,48831,09476,18587,40446,16171,59961,28890,24476,58712,09436,07420,00248,03906,02082,02848,19363,07619,35627,61908,63881,06406,62501,04298,02794,56965,65282,45108,46086,21053,01855,06280,41817,33010,45764,55012,18418,54727,61892,01439,62285,64134,62112,39636,25467,36700,45412,37874,24978,60330,57507,61234,45215,06905,59575,42842,53698,08016,55834,16537,44596,08289,18728,18126,20448,58878,50538,11146,61037,35787,60427,27972,22798,24697,50016,01658,47211,17719,60264,41090,63427,28693,57536,17620,11604,31047,20848,49285,22265,11909,29853,07419,25886,30968,16741,52770,33999,58540,39206,64560,33648,60830,02492,17837,03818,46937,16389,10219,18965,32475,10555,32799,02468,42464,31211,31969,05567,20342,52161,62458,43815,49466,63560,41595,33054,57500,35244,56681,11193,06003,12468,11617,52543,14917,61992,24944,09955,25557,53170,26259,07635,18696,13842,49198,52917,33633,38486,16467,18652,
55065,56652,14703,05740,36015,56712,11757,30008,01898,40947,16756,38115,16337,49416,61533,11407,07903,29986,38555,33910,31272,15709,26476,39481,62961,56688,21082,07632,36261,11342,54454,23470,48621,57616,28323,11718,64046,15181,22482,42474,16225,39752,30072,59007,62941,63904,33465,30948,06965,07100,41667,17382,20853,58083,34593,33971,15408,54624,57985,36446,33490,45813,52215,13844,64682,13054,19825,57287,58375,62163,15506,32935,29910,02135,32359,24770,03397,18664,22180,58192,53062,28533,35672,12327,44992,46658,09454,31024,30935,31578,30900,52719,29882,29951,53636,06713,32114,24279,02798,24147,64080,27395,46273,52506,65320,42213,47658,05790,14918,20467,53643,52490,05708,18871,21173,58691,07217,17552,28896,08826,00372,01715,54678,35752,60924,04829,07513,46770,48669,39424,55444,51808,04397,34288,50381,52872,15204,48800,46048,53154,56254,53188,18300,15777,54222,24938,06621,05429,02090,22506,28361,63631,48271,33673,65369,00509,11735,47939,39836,44458,49760,30327,30226,00433,54304,32604,08770,14064,26682,04342,56632,41258,37505,57768,34620,27366,06476,19246,53448,35165,62020,59803,10925,03311,54383,53943,30179,00154,63472,02518,50200,27721,54717,17335,65027,37179,55259,14482,47239,04759,51733,38849,17417,17059,49670,34493,63633,18456,48542,06846,31954,55798,62062,22473,21457,08940,33087,20170,29425,43419,34951,64507,49930,40685,27121,13899,09798,33802,46054,36644,02169,07220,33664,39716,29795,60278,44498,08801,45227,60612,49184,21755,23880,54409,17831,42569,03780,61722,37061,47228,19860,48937,12249,32641,13265,15451,
45808,50660,28973,25862,59476,46998,52512,28559,19484,18697,03948,53796,46613,13151,09119,37022,31742,60973,10434,02978,56840,34006,26319,03547,14166,64894,36646,35891,15630,07328,08696,30225,40209,21938,13952,11823,21828,04386,56900,38335,40789,46028,12993,62856,52921,17235,39751,25121,17215,26810,29822,64389,16542,38571,37833,26348,12309,05039,49619,22003,19836,63386,23441,41335,04755,06495,32470,46710,11425,51886,39094,00942,53783,24246,62720,24142,17874,64387,25710,23164,14895,60116,16035,15927,63938,42359,50451,61564,31589,62129,26898,33265,12516,65522,47409,24096,25974,39298,43866,39013,03277,27917,17271,36843,10664,06719,47557,39391,48793,16439,58805,33854,26071,32631,19301,37495,25147,36213,45448,43526,39688,57387,58426,38637,35241,16458,65056,16711,03938,45691,02993,07889,61733,39055,50407,28609,56918,30647,45146,53685,31932,59739,07196,56225,62590,03470,36974,32427,27817,47893,05171,07019,18493,60906,25000,06600,39426,30359,65397,39515,55861,17096,03180,57268,56062,11039,12147,53305,06057,16145,29471,31340,64883,16876,36787,65175,61615,20326,05569,28735,20347,09901,22048,23383,64607,64486,44538,03646,34479,41055,17386,36713,57983,39137,56742,02911,06838,45554,30754,48991,31458,26931,57673,58128,56210,26794,14245,64345,05265,39199,61786,37527,32172,32441,50820,02844,24818,57811,38748,16082,15024,38223,12178,49810,60925,63761,08438,32682,23182,64748,04794,05983,18452,20090,11601,09943,14074,18186,65420,18598,26468,20701,37099,47938,08647,11738,03391,04053,14590,48459,62154,27800,13145,02393,27680,61686,
34351,25069,45123,56527,56031,63463,49565,40434,15087,56194,21845,16226,44955,25379,09296,30030,36005,38157,63579,40442,55148,07739,05174,02828,00127,38349,02221,27242,20329,52473,15192,32947,50361,51377,20822,65402,34704,51172,39584,13729,56697,32221,50548,09283,24364,25126,22428,65418,16218,35916,55117,63413,07098,26314,40910,22409,25403,61301,03281,52109,17841,10566,36297,14204,21707,22566,07339,37201,60122,35107,00019,04574,05195,44715,27083,38876,42691,45169,41681,28770,17906,07852,07393,60358,21411,41626,21009,36886,40985,33600,14913,13197,33272,24871,10620,12801,52224,55747,21960,22092,63908,64184,18950,56963,50999,56147,36391,51734,01040,44814,59463,11118,06169,49982,33424,60166,04576,33200,48004,15820,35113,51928,48715,58130,64277,60911,56815,26269,46153,35756,17936,04335,11036,17698,02030,64893,33652,37334,07702,11392,63794,46909,08270,24920,63971,04571,25199,64211,48158,52458,23177,29547,11134,47528,59789,18208,35875,00220,02628,18595,28540,27770,08644,49641,06967,63162,44342,32323,61342,28585,01174,30238,23974,54301,32153,22911,32237,46556,01556,28974,55487,13155,43342,30797,59266,46668,21326,53486,62157,16299,14031,34738,15498,43350,41510,39964,10131,08906,08340,24289,54469,57077,41176,44457,39437,54209,43100,41057,44479,56820,45614,32294,45920,57134,54704,37837,59124,44469,18102,56967,55641,05673,26608,11227,17185,40301,04527,12169,12073,53770,44588,42959,04875,19339,17640,50657,40028,00303,57822,01420,28688,34768,14304,08055,33456,20129,37613,31618,49666,58401,31970,42048,01441,44152,39297,56380,
62869,29546,63872,09789,48406,02334,43887,22478,26046,19457,31840,63824,38396,14977,48450,23197,28794,52788,56938,37765,29945,45142,48260,37222,24281,54272,42880,13196,59525,47881,42535,49178,45648,40763,08724,50620,35987,41415,23356,43131,08015,05267,01790,07491,15108,13504,65028,01788,45507,09033,36568,05167,03242,01496,45214,49557,13779,14156,58872,48893,30330,06634,41878,31975,31456,10184,13838,50970,64550,25220,32793,31029,07934,53750,54316,37824,65239,38745,21563,19138,10185,02374,35389,07035,42127,41669,23656,48929,48533,17097,23807,58476,14423,49643,04525,24584,12688,32863,34260,28051,38447,58186,59041,29890,04747,64834,01147,10255,33507,31290,04232,65279,47161,64346,14492,08814,04926,61516,07681,28120,49115,13959,25049,45394,21826,58123,39863,36991,52257,52282,38462,10318,16585,53176,21711,00844,60691,04547,33990,44036,63778,60141,07011,09107,31769,63272,43473,59682,61543,64851,32765,36570,48386,21542,15111,04346,64578,28369,56238,20199,35952,50985,06136,45816,29202,63604,51765,44865,14766,24933,43548,37518,55230,36435,62237,14605,63029,42035,56383,11759,13817,51391,27526,62024,33194,30402,56040,39497,48880,08475,08885,26781,27617,15225,06699,08763,45281,01457,32983,16129,00640,41158,01985,44949,22728,46020,32937,63002,06772,13253,58893,14832,02673,42953,23384,18436,32952,46959,12891,37451,46416,05386,22784,46063,55064,26323,64007,37140,32044,12865,28991,32576,35659,17594,13976,36827,39954,05330,32249,63318,47761,63300,48217,02682,23359,26045,63319,44082,09808,35922,16174,12503,40788,12050,10871,27483,
26308,49469,64955,09828,05486,13984,21952,31567,29427,59818,47983,04680,38712,55240,15117,15180,17741,01116,43413,30461,16421,24362,65289,06580,24733,02537,16141,36766,58828,19128,42370,53907,05078,26357,45471,55589,63800,48637,28859,11837,16693,52710,43306,45084,42984,42275,04412,04317,50035,08035,38842,41308,55924,13414,20533,63741,04687,46311,29816,30389,29298,32306,59737,07543,62415,09792,06704,30914,36611,04116,24705,00619,16972,07894,43051,33877,28661,18592,26730,03130,28301,35608,52577,36824,13561,11125,28760,53915,47168,06220,20067,32199,32234,62928,24238,03303,24276,62815,62848,14170,17298,03079,16480,34224,25401,08649,24261,50917,14131,45793,63158,54002,37832,00425,13687,22149,19435,13905,47170,64086,02147,55414,05074,54884,16762,45583,02026,22493,62484,05037,27155,29121,63510,55599,54216,18873,10435,65252,19310,36302,30792,47231,47347,44974,60115,05889,33737,30135,23584,11245,46829,32771,44130,48716,01022,44700,31900,30108,50700,02126,04287,61216,32598,45741,14825,29385,03099,19857,42011,05268,22108,56421,38926,55457,37487,18787,08922,53498,54885,56203,51578,24041,58714,45414,18537,62162,11489,00414,36800,49704,24648,21497,57889,26802,11661,36493,12062,20393,59168,53259,53492,03392,59354,31845,64410,18518,39691,19914,08701,29500,46742,34098,30802,28108,33327,12629,26242,29743,17901,36195,65047,50215,50995,62612,11851,23929,08182,25754,64755,12795,10092,57809,10187,14042,52129,57659,20873,62201,55241,62411,41070,47646,15353,03448,01076,10590,58358,28939,38126,40282,51888,15579,35247,62972,27537,45856,
64515,16424,17524,15841,28429,49189,57442,54538,04283,43502,24487,50243,45931,25254,56538,34515,54733,56000,39979,28678,01582,63229,08082,44058,05314,51290,17579,16793,55152,35860,43031,33946,28949,19680,54320,33371,33759,20592,62701,27001,07234,18677,19468,57680,53670,60100,37623,60176,21073,51596,44067,10915,31755,22316,09236,04008,40884,35833,04244,13045,40595,07928,23184,14727,62349,18239,23941,43273,57263,47912,25211,65272,50743,32565,28868,26642,50991,65360,63939,48815,17803,63366,32567,05743,27740,16475,55580,17275,21818,63031,21676,51933,38007,46505,56459,54556,24571,00074,40260,13943,19590,42366,32959,13362,34082,55846,40572,37049,21124,05047,32282,28487,39175,52319,19749,59353,55901,27742,40692,10108,12567,28730,35426,32777,39414,11408,17026,29631,29208,57758,16823,16670,09915,64351,56924,44666,20218,39504,29104,30096,09486,50439,61381,14626,44102,42102,33453,42781,12504,49962,64291,47171,07267,39074,36919,38691,47226,33061,52648,19099,63913,17012,14540,37277,39553,62412,51593,06515,15675,05326,42416,04038,00464,03332,51124,23800,04972,48107,00253,55379,18261,37529,54573,08984,17023,39892,55199,14719,18058,25110,33072,00410,45341,17590,38356,18875,44877,19915,32683,05294,29319,38816,63373,35554,09153,22780,64914,10816,05994,40608,10026,14270,04891,56876,11371,61304,04809,48186,64954,64739,65002,20580,46134,45736,35379,20737,10769,58744,04898,43067,06873,42547,50459,60424,23849,14197,30499,38017,25936,39519,55252,44799,40275,25711,01973,53499,07656,11512,01647,39624,08072,14819,09821,07378,51116,29462,
26663,20843,28273,25129,27511,34584,11731,15289,15359,08140,10100,42486,00077,55669,60590,46846,01630,12614,22289,64863,05383,57740,45693,29134,50589,24502,52574,42726,24501,51803,03788,64238,42405,17208,07170,24563,41643,07416,34253,22442,16137,16240,00822,27638,25717,65174,54394,29127,31658,51345,50826,02515,39592,07303,20782,07004,35783,30360,31912,31645,36461,30602,53429,24468,38877,34909,47146,05971,55709,33219,13453,57424,50481,12305,05123,22755,26818,24661,02547,01748,51974,17140,65203,59352,60703,44742,37970,34413,13786,48274,31994,12247,53846,12421,63487,38814,64141,04712,00606,60725,36809,32535,17999,00381,29709,56455,11679,51271,51133,23614,21115,35809,49277,15191,56725,45074,57446,32520,46736,46011,05833,19841,23642,64878,17317,40299,34056,32966,62671,24795,08515,10672,52676,06174,29421,00064,42251,59483,37195,39338,16966,60662,35090,58695,16140,10272,12385,62136,53620,35502,22159,14004,26483,17977,19328,11347,61319,02707,63267,31520,23026,30701,47771,05347,13766,16798,37861,62620,48740,56819,63091,40765,21541,00911,23983,51683,57719,08396,33323,14904,33180,38058,42430,18710,18049,45639,23237,31043,35645,35583,37548,20791,64160,62096,59856,33458,13950,65324,28354,44210,07208,21547,07255,14751,34055,12340,00962,00765,00292,51737,11946,06926,11276,20862,35104,36126,13489,55960,52288,00308,58725,47588,25275,16524,55159,36288,52098,45182,40188,32075,56186,06497,00227,36174,61621,03483,56920,41614,00956,23822,16227,34849,36040,33519,50489,52524,52268,17449,33974,61193,29654,42595,38258,15646,45527,56164,
19565,57688,03981,25539,21296,20705,27342,45020,17726,48414,07539,36521,59785,40062,27901,05799,47139,17353,01904,10237,40575,39662,42649,50913,44006,29223,32026,18154,34546,38293,20768,63460,37158,01450,07034,33189,00645,01247,35304,33963,12454,35152,61909,55146,28484,58057,20155,26024,00145,28016,45484,43861,43348,22006,36355,20095,61676,63869,65270,36567,49355,43688,08757,51849,48634,42100,28869,50311,60528,51334,05093,36136,30990,08619,07346,36954,54564,51704,43339,35208,24778,48367,29380,40099,16698,04613,48048,57538,55898,48868,57542,55116,16661,21821,34286,29399,64498,03243,43116,40747,46147,65003,64856,09684,44547,63966,51567,31338,06117,22800,38272,50544,29549,37473,12003,21293,58863,25947,45928,05924,12814,00415,29891,64919,46607,14733,00969,59100,12096,08862,40459,20335,54089,46964,01227,37991,44107,13465,01099,27729,55184,35664,52985,47268,46899,00336,46946,49062,61956,28080,40060,47359,61629,08871,63081,18159,08962,59590,10380,31928,03120,42995,29305,51251,02430,05638,62850,05522,42849,19478,62658,10242,45570,51769,08269,45557,63211,41450,65472,08087,05501,21032,12361,42427,40238,17238,51241,64786,20907,33766,37999,59419,52147,19679,23964,53423,31555,54131,16123,54442,44601,57572,25764,59582,23943,36867,05810,38380,45174,09764,51029,64948,52440,00642,15500,44972,17357,10812,41840,18366,11706,52031,17815,57083,13987,21113,23748,43910,63896,02491,35706,61178,14824,21943,26523,58590,02840,49637,44894,21026,55827,32636,55547,28255,21192,19591,58985,33823,51439,53791,55640,64661,32528,04863,49204,25447,
65513,32182,51804,07716,39349,10874,33401,08550,59975,34343,22414,40305,35497,25096,13620,64121,34301,55825,37822,33161,55456,19781,16964,47402,59947,46088,16148,34212,48006,56569,13835,41494,45579,49694,08525,25540,33594,29187,60862,17813,09872,14409,50116,01848,52515,42796,33755,09632,27252,20486,05537,64818,23292,32444,46455,33142,20830,18629,31696,10190,35019,48279,43696,15469,51577,32096,19747,14869,53451,30440,54101,35834,04333,49738,53482,36075,05458,40558,01235,36137,14651,38037,57492,52235,64633,22267,60829,12623,60551,02906,00387,57675,10521,50588,34573,19196,30033,34950,46810,53787,15105,30491,58621,59047,27552,13306,05926,11432,36316,44394,06025,50332,50487,47200,34161,08025,59179,38521,00048,61454,24692,26968,22967,01276,61637,29071,10921,22686,25378,47854,11704,60393,15378,22160,38574,37955,45796,19041,57251,53538,17647,44880,05583,15905,18789,55413,40312,05301,42921,48329,09939,33834,43851,55142,40707,54460,13537,19397,61730,11825,15212,44239,61500,20516,07481,44369,30740,61520,48535,49397,59989,08216,49534,07924,15766,42069,34507,07616,41240,03272,55041,52850,39192,05608,15477,38721,56156,28814,33604,54391,39887,02050,47257,52721,17512,63304,37646,34339,03945,37600,12542,21586,10786,65298,36749,23484,43429,33345,34173,00581,42989,34064,42269,39070,31283,30702,31988,07311,27424,32340,06501,42333,29126,32822,44766,43737,52463,36452,12316,26640,18722,32399,35231,29009,09669,38838,09480,43327,54707,54810,58566,61880,59016,55243,60722,54701,08976,46911,14901,28807,24773,63505,30634,38697,50497,41793,
57181,50802,16208,50234,26124,61050,06516,48198,34383,13486,46083,43580,30500,17480,18509,35998,59029,20976,64396,30105,40599,12583,52000,17915,32798,58323,23034,11264,54336,54983,25672,36178,17935,02910,01019,02455,44649,64242,54050,23188,36185,10420,06865,46113,12225,44987,44786,27260,17656,58146,65037,33701,22582,59551,32650,52968,26346,09705,26525,29411,17852,19134,30364,24910,40465,33687,51768,09130,55923,17653,61376,42325,23025,58068,61199,60428,64260,16719,10404,62734,19897,42867,13708,40825,20123,23764,04280,12686,05645,58583,13471,02566,21802,32408,12774,57302,55362,39277,44813,43165,02842,58988,41148,62105,50220,13109,29836,12743,21214,04753,01292,25970,00759,10019,59817,34475,10400,60344,57343,49872,46945,36834,13263,55073,44072,64201,19234,19935,30583,03371,29341,13999,51585,50988,49548,25727,45891,44398,45535,11732,28931,55855,37869,33064,09260,01491,32052,26880,05658,59226,29799,18254,45712,41723,10112,62650,41279,04857,24306,21530,61321,27847,13924,25824,50294,33717,33870,47708,48769,64034,04079,64751,37926,59038,56866,31956,31173,50134,51316,28826,62873,15375,26937,61951,57457,56288,34090,15865,33337,02407,21258,27808,27853,54031,61285,33515,52258,44161,09750,15078,01250,41641,36265,52811,41004,19079,62398,26144,22980,29376,32957,60629,58698,49450,55445,61600,05449,04095,58890,22013,13840,41591,10494,62788,52359,47592,05082,09871,40077,48566,36332,54397,39679,35324,65493,26966,30085,56286,54389,49770,01562,36577,65176,19769,36852,63130,14732,60899,27606,14463,40596,12028,22567,44156,00673,36613,
43936,32375,17610,51359,57419,49194,48737,38598,45946,61429,50245,61594,12617,40045,00081,58455,22358,54311,36688,15329,04052,21476,58618,58720,20380,58471,31198,15015,18386,30822,11149,23866,47554,23390,57241,37950,14043,10124,31552,53579,55676,54057,56466,49798,62494,08002,43812,11384,13416,00936,47088,64668,36712,49955,40604,61450,27021,29302,16483,61352,15621,51605,40984,18860,52929,07516,25770,46253,24035,34985,36523,28355,45621,19504,60946,46389,49019,07347,35671,27654,32456,15980,30938,03821,48545,37506,40080,32577,20386,23001,09364,26671,37234,48035,40401,36079,52467,53807,21127,30418,09924,39538,37802,63991,47232,01510,16849,17467,17092,08817,47227,17122,43010,43328,13742,52876,29815,18310,33484,04479,57643,56913,00692,63409,33530,50621,08769,06264,17315,10581,19630,11555,62493,13365,62281,26390,19692,34243,05349,29661,06009,29880,19489,61230,19917,09176,42038,25486,14216,38252,64738,06450,38162,55622,51740,38032,46078,45987,64089,47947,45881,01876,59014,61911,18831,24377,21024,60747,11115,29347,13127,10386,63074,31827,23544,41886,34398,22044,49418,05228,23680,58171,44765,52047,30270,50874,01472,11736,60792,34737,18495,52913,33425,45888,26054,10130,64124,23553,02990,09104,60468,37821,31788,50784,00885,43634,51604,57182,14816,01704,45068,49325,50004,12432,22811,21033,21398,62967,46173,50267,51343,30447,58832,15230,45616,41613,59688,55887,48124,06724,29467,30132,38904,61545,16340,13540,24284,33617,48689,47809,33276,21463,20044,55106,21478,39841,61417,04901,02450,56390,01286,04078,16103,13016,31210,11103,
06763,49927,63522,43282,64355,50646,42134,57835,02850,08489,62644,34712,39713,64258,62662,17114,25038,05858,13429,51563,03798,06422,40768,06970,31036,09298,00538,47153,21110,47652,38167,02462,51575,22951,09151,60917,18062,11412,27484,60306,22130,64381,32157,38145,55519,32364,43515,37913,55799,27928,52625,47724,60795,17545,18032,19378,40979,29917,27739,08433,20000,58447,60450,09645,54472,48538,23510,62641,02409,29973,46970,06904,39039,03729,34618,60861,53227,27519,06316,36074,46747,31568,64287,21631,51685,29107,07945,15453,11230,55654,05162,20192,29338,46398,40202,30545,64623,50478,34578,19622,30551,63927,12042,00282,15141,58986,20801,17959,46756,34895,39276,33914,49433,08967,17607,12655,63397,21584,12600,42018,43278,27895,04718,43297,06555,55516,56193,11826,17086,36733,07834,38932,59558,10967,17784,64307,60441,29719,49929,42258,62569,26846,11839,03071,11864,44220,48770,11022,07200,01566,47037,08561,05261,09375,36618,34299,38437,42690,27629,03396,04433,61077,49078,22155,22886,46595,27956,30399,20259,21459,21814,36211,12100,53365,37827,49560,35015,41304,26945,45044,10097,44250,56146,48282,27869,28118,20790,13050,39859,42648,27160,36964,17406,48994,51745,13153,52909,20499,33517,28888,26803,29140,06682,48649,25431,53820,07766,26598,63146,44262,63476,38006,01373,36634,02951,10274,48691,14228,32899,08879,23813,11353,51963,38644,24663,25556,01249,58412,59579,02790,48514,41457,35374,20549,59313,33966,59822,59471,29626,33572,43302,03481,17402,12281,51853,28346,21266,18910,41850,42227,20740,34724,31314,07963,12818,44819,
18648,28945,16104,53901,42591,35356,37364,45709,31422,55946,51115,24160,36608,05753,59469,40785,49460,08734,33645,17013,28311,25911,30272,20622,58084,11807,49838,14125,03284,38730,24709,18197,17221,19021,20537,63887,07067,21156,05628,10791,39908,44775,21406,02768,02775,21286,08903,02977,42089,26212,38575,07465,43281,43138,20513,17459,33536,31337,09019,49592,41380,45513,03056,24810,33169,47382,41188,36326,60149,02087,04638,04071,03568,16224,46336,30353,22698,31200,00876,03895,19148,37465,25213,27432,43606,61375,06063,04507,31722,58553,27265,60192,45887,12761,12962,11989,18069,19850,03970,20579,50656,16723,28733,55822,46517,18241,31364,27354,21440,48231,19983,38278,10349,02465,51336,48378,10371,53725,26808,28043,01391,51560,10797,02935,34041,29082,53597,45255,31021,32400,37168,12911,37339,28924,56303,21022,21577,51146,53565,49088,46669,15850,28458,29408,51407,09571,11799,61683,00118,16415,07188,10025,49447,37823,61776,18471,06522,46125,17106,34898,13978,51544,16344,03959,24796,63953,33926,09159,13833,42667,06950,14398,05006,52645,20060,08682,30387,11355,48984,44050,51454,37978,47572,32274,55975,08092,09761,38603,42288,22450,43096,61043,12125,48618,52334,41445,17628,65383,50898,25319,46300,29724,48223,07424,03640,32620,31517,13074,62008,37311,55115,19647,22704,51508,07175,18225,03186,34600,26586,19108,61035,02799,59058,52505,31396,52328,43247,03301,02194,16958,19258,04054,29840,02291,31434,61093,44061,63085,55749,57510,41994,65385,61731,53819,38497,10002,12215,40160,05605,55197,16977,08912,45487,12991,47518,17077,
02162,41876,23710,64197,34761,29114,37101,25604,57814,43402,64904,14225,00974,28529,45344,60729,65234,13236,54622,45357,28168,61404,63192,20882,19183,09533,22972,65436,26847,14119,25303,08989,01392,29567,61839,39459,42663,29156,14003,40602,61294,56717,25616,02325,10313,35680,19988,04619,62880,61667,49458,54511,41059,11672,38410,35055,05096,10900,12830,05346,08369,54044,58788,14008,18964,01213,23628,06270,64114,08178,37760,41662,08562,09321,54821,15365,59175,44915,24783,34629,50249,54079,53512,50266,15057,25888,32697,16108,28182,44306,39418,54954,18949,33993,54630,36348,07813,17699,36524,18878,20002,52010,27042,17198,16446,42377,50751,15744,59006,33733,03366,02520,64360,05738,28848,49658,11811,24220,33774,46219,51792,41753,16385,32297,18675,39955,15240,58865,06178,49175,50629,36761,27438,45149,00058,12685,63507,43989,38966,07500,57861,22415,42672,37482,32821,51659,15109,31381,34384,58785,04311,39237,05402,12381,19156,04243,14034,36675,15897,05194,55216,31335,23895,03161,51023,43285,46764,00373,31847,35409,06625,44937,20205,56310,51150,12539,55684,06768,38238,43563,49892,49365,00246,53336,11265,41224,17854,05404,31474,07607,08748,41893,58155,18293,57672,32927,42843,41497,54054,63775,11875,50730,28381,28785,25704,17055,37973,39858,63025,44818,60016,17391,24868,25190,46691,39180,59052,12832,54134,63042,25181,33864,37785,32039,34259,48897,09332,12030,44320,58032,41060,08163,36182,27238,57587,31002,09137,24863,58531,49118,32496,20669,02560,20671,04570,26823,28535,07781,23972,18983,26921,13651,15882,58449,22147,21390,
40159,15765,06224,58221,30864,18656,08217,07760,46148,22617,64462,38619,52454,62170,00513,30772,59247,18826,63919,61080,56180,51019,49816,06309,00891,25830,61630,38264,63773,49258,11372,13009,11327,35806,46688,35438,27575,63228,44248,64174,55750,57324,23953,42522,14989,60133,09380,09755,39435,42755,40924,54237,41134,60261,40935,00400,64873,62958,03102,41291,51759,26258,34822,19059,50441,64324,58982,05585,22851,23661,32756,05514,47583,18825,45270,61937,01273,03461,21930,07211,30412,38830,16655,21324,55504,37631,05620,05149,06503,10283,50383,30040,45721,49330,14620,09903,16887,15377,56088,56129,43949,23989,11307,39262,35620,57782,59274,09923,58415,57331,40586,50546,41118,24952,05308,37306,53625,23132,15319,02516,38171,31072,57079,14383,46308,56119,16323,19631,42835,23033,16355,22905,34389,33584,56100,60125,24302,01429,63686,25139,22838,34588,11283,41987,27480,28907,08351,49825,24768,30514,12779,52050,41969,64050,62219,54805,17404,59250,42452,48728,07505,28996,39518,05017,34900,65442,14109,57843,30371,44492,45109,61170,44521,05247,08881,34589,03544,00935,42056,37018,22706,15580,16181,15748,52154,62385,45449,22000,37770,03563,32984,09607,41617,00224,46640,46869,04222,15878,17257,13810,28081,25804,40100,15613,07001,17067,37531,41798,23032,08372,42696,39234,33164,02319,22140,49276,35164,45348,44920,51469,20937,28377,34287,44527,24684,37137,55496,22756,04645,24490,60343,17793,26276,31089,09453,07668,56133,10870,50289,29679,60130,37728,58356,07146,50857,04847,32622,02991,29637,44944,10950,45133,36720,27347,31598,43915,
58441,20224,38261,09338,52703,31852,16831,30513,43614,38857,19634,63929,43330,37343,29384,02043,16078,38848,28422,30233,37370,02600,37086,58120,08737,24802,46512,25373,41518,64638,37602,29198,24934,30833,49080,56025,30819,21941,00720,28274,18065,23968,50094,23232,35483,45774,44665,07090,59189,48887,54849,49902,40429,30098,28129,01536,18477,09295,42636,54153,36471,17384,25353,42904,57961,10701,35751,39840,51221,03129,06823,51329,41164,22206,17674,42222,59402,53533,49544,02396,49254,21534,24023,34321,05385,29647,28997,54662,21264,01614,53185,02236,16540,14882,01651,32455,33924,29085,19036,46780,43542,52661,16333,28147,45015,18792,57649,00110,62391,04473,36177,53236,27832,52385,17410,64997,14059,52986,58110,10461,40943,30892,46242,21363,63687,04822,43559,40965,54912,15552,56556,14944,33376,52029,23742,18944,45791,30415,52178,32269,65024,49336,31584,31217,29049,60124,61480,21603,27950,15712,16519,18665,61534,40566,21206,57707,14797,64326,46193,12124,30273,45340,09269,15372,48885,45938,10399,64282,65452,14501,26443,43586,57547,38746,16780,38673,50020,29155,37553,27943,39009,28241,32108,25291,54027,62695,41655,24612,29406,45300,21056,40680,52613,03257,17673,37088,20176,08671,51687,13464,59514,28633,53616,00162,21668,47952,23667,40009,38822,10867,15847,21071,37767,25192,39647,40784,02658,51071,37006,45609,15976,48886,53778,28011,39895,05592,01634,41262,09784,01497,23991,59648,15116,07818,30502,25600,17228,13957,48014,58724,50909,59636,62525,61363,03080,16715,63922,43707,08678,03500,30985,56091,52680,20442,54738,43085,
19653,12103,13439,10685,11390,03121,24504,09961,42906,22684,29078,57878,40190,45157,25198,56579,35276,25298,39613,24383,53345,24192,25397,60578,36641,34289,16328,20032,56424,30339,28889,45320,39339,54542,65303,11244,35936,42364,25553,55850,28841,65040,21282,04618,59497,44170,29903,09039,26929,56685,29806,34324,24430,07385,63787,64950,57910,01700,42665,39561,06737,44414,24532,36354,18690,03846,47962,04560,51599,52948,48851,11147,27218,53802,65192,31437,20070,02836,06376,08417,58474,31344,37440,09514,59550,19132,49294,17789,46684,50990,15169,04671,63943,47412,12321,63488,34211,45711,37625,18663,43337,03662,37368,25102,40987,44893,19133,43227,43073,35614,11415,56208,39269,15736,59239,10328,46038,41647,16648,05451,22790,34214,63252,62952,20629,44115,15556,63544,53362,24398,59977,34232,05901,54588,23252,07620,14965,49181,11610,44690,21659,21526,07939,08872,24093,45568,36157,44882,44446,46368,54625,11618,20139,51690,35503,43988,55132,31462,24720,47651,52826,52208,44627,60806,18870,41383,27071,12015,54326,58493,14405,05541,27144,43102,25547,52095,09716,55427,57059,46211,09971,44919,57285,16114,48312,46434,07570,53032,59567,04535,09009,02233,42360,17158,44329,45410,16967,31306,45549,01749,17851,08179,02613,35410,32503,62770,35858,05778,29152,35112,61391,24968,27974,30347,16017,42252,21475,19930,54971,26441,49270,09327,40948,23536,47109,29324,64418,40244,58848,58905,09539,31088,21150,13493,12099,34674,30168,49639,20266,14746,21228,54212,47098,20273,50843,14726,57982,08686,07904,41155,40466,08327,29606,44499,62222,01931,
12494,49425,25829,31485,02521,04443,33556,36748,60068,39486,42860,63056,32607,36089,40614,18144,14880,29169,30188,64222,24283,19343,46002,03380,48992,61734,55351,15160,12693,04153,59331,01910,13219,49399,23337,26472,01204,37430,29483,06618,20586,46750,28372,32900,48616,44412,64424,46944,51118,33239,34745,23534,20860,46175,33980,57448,00369,59807,22144,22943,40691,38989,51076,44881,26720,29484,46849,23493,35973,49454,64669,39246,49172,10543,62732,37020,20284,43501,52646,15250,04841,62833,44614,23519,42259,42169,47076,50953,59908,48727,25217,17261,55467,42101,03653,35755,13778,16296,17987,01211,23773,21444,63322,28556,16527,11145,11269,30932,65097,20921,50328,08244,19662,30114,26186,28725,60082,25024,45932,37921,50293,62106,35490,07654,32238,25188,46133,31744,33596,51549,33469,13923,52726,42573,20647,33819,09197,47392,62471,06300,50226,08033,49913,47682,47842,46649,07518,39813,39032,23436,10990,44510,31785,28894,31773,53010,62240,32626,49445,62214,03422,06345,61341,08641,33177,45647,26507,30117,24974,43950,02562,21014,16417,32280,41579,30670,55223,29235,58900,00051,51099,33719,23062,33070,14372,40165,62295,51582,45211,11402,52493,51692,04360,55267,55007,23464,39783,52223,14656,26355,34263,31963,12368,01859,57989,54405,57652,03459,29410,43427,36509,64431,61888,27499,12918,25085,13405,29445,29036,46520,53665,20943,16126,44355,13036,46596,23780,00111,16520,13525,28915,23872,32511,16511,37255,44055,03035,43984,30213,11883,22313,42852,44227,62082,17206,55284,32341,12948,17729,18196,21819,54605,01529,45713,09299,28119,
42286,09912,29123,03992,24878,60302,19875,41427,18466,54505,09525,57789,12296,52251,65438,60575,22085,20041,11272,08038,32557,36379,30432,38823,57724,00521,39705,57366,04557,03554,19315,25649,10114,58442,07648,03327,43860,60580,25723,19032,14701,08861,13588,17148,49599,45738,05218,18748,40337,47571,21020,38875,48959,21333,45294,33346,28951,20034,34167,06666,23479,46728,21494,40056,43455,00889,36868,09409,27389,42558,36847,12772,11749,30208,21351,45060,29929,06362,35099,25016,36955,53804,12370,15752,50816,18951,47861,39977,21328,02031,12661,64302,02382,40161,33750,32606,07634,09016,12666,17536,21368,53112,40408,64775,02209,32291,06831,28549,12833,61889,33593,47438,15003,06601,44321,10167,05148,40664,48038,03984,01044,31808,60563,64892,02472,21980,33153,03001,42144,01133,12473,57896,43873,28987,18798,05324,59982,17980,36600,12118,53686,13399,24211,56070,13114,04003,61195,54277,38999,43422,57913,08631,04050,44595,26568,47339,18219,07808,15813,45219,11296,56654,02361,13100,56364,58840,63674,46467,20891,36718,55092,63965,18085,42738,49113,50587,65115,16576,35544,42095,19885,16625,59859,51030,16892,29450,61268,10594,12070,34206,11880,27378,20999,35943,52937,32012,42817,19286,02118,40711,19103,07542,59116,27574,12411,21337,36399,00778,17045,47401,09455,54097,05282,46809,37404,45065,27782,32143,51793,14190,05776,00728,32906,45800,34455,39649,39914,27948,18682,08603,08837,16697,58247,54100,05411,61682,06402,06877,49228,39690,12165,12460,40447,08640,24668,61875,42348,49839,27908,22958,61154,30453,56124,50025,17409,19276,
11175,21896,16470,18378,03494,47934,30658,11509,29766,40493,57062,28726,05521,16677,46407,44493,25034,33365,11982,41061,40542,61438,62560,53566,48370,30276,05295,12916,46529,48431,43587,59260,22839,06240,43368,21852,50265,19510,58273,33350,34480,18406,21290,00518,37376,48630,63384,18864,50201,09149,04839,00643,04882,22375,43056,25422,14314,10987,27280,30611,13717,58921,11657,41566,63003,61672,20757,16822,48025,45229,57185,08381,09391,05864,47464,12872,21433,06762,22194,15703,61559,18230,32186,31412,45604,13097,39042,11634,62616,23585,29101,50067,21503,25262,03520,59072,53827,24917,23152,34323,03409,25907,13528,36892,47792,53042,11297,18931,56592,53101,13679,55844,17621,51490,41075,19761,28752,09058,08571,32779,53917,39512,06049,19904,00099,56489,38025,39255,57771,63755,21372,62362,07942,11288,45717,15982,31981,09410,16921,26225,56865,06357,04328,13457,47992,15912,06410,61325,17361,61039,10682,34050,19453,00896,53573,46578,60316,54772,26596,10388,06850,54750,56514,08768,01000,48655,09488,31526,61161,48242,36103,38034,03136,32526,09112,14622,64354,10278,45366,21404,24594,64813,19327,40158,03141,46955,03432,64720,27708,40904,29281,22299,59931,21854,09586,40652,53266,00753,24013,42133,42510,24215,08894,16196,13285,15200,40673,53001,25195,51431,49376,55209,10425,33862,55928,36009,13548,37024,05305,05724,03610,23344,50363,04568,36027,43318,06917,12929,59792,11046,02362,14916,02716,63885,57826,13238,40052,61808,17104,46796,04873,59454,31443,05485,40001,27553,16947,34860,39717,46852,25294,36625,54943,15324,17794,62708,
40485,54195,60154,17523,18836,40279,41397,08733,12553,44281,35457,34579,49754,63738,19628,58118,26060,09252,46041,01754,11543,35437,63501,48200,34425,52952,12090,30172,14061,57640,29867,27397,14798,06471,10947,55655,16854,41125,03565,06688,24613,32006,09937,22391,13585,46703,31836,25900,39088,38899,56352,04663,24734,06797,12341,06655,32719,49014,28674,56170,60721,46244,54082,53273,38642,21824,16003,11991,33335,33649,01703,37447,61054,12200,40041,08308,56321,23589,46707,11659,10793,21817,07456,63916,14807,46281,44744,62078,39920,00479,32856,55186,04641,15931,15335,27763,45125,30194,40724,55991,42327,22107,36672,58354,27947,52906,23023,09067,32632,14894,40102,45438,53220,12863,11142,05816,31172,57353,03939,05216,62989,52634,31130,11956,54201,64721,49299,53624,51426,25067,10480,54562,53571,00810,25415,45388,59322,29742,37542,06019,24922,06421,51213,61361,41300,15862,44582,53890,00892,18640,52499,61877,60199,10372,63944,65021,21030,32037,56065,08604,33341,42683,26371,43779,41171,24115,33873,25433,32510,21753,32256,47547,53586,47022,34971,16521,60227,03122,34497,48905,05263,17365,55645,28013,56895,29212,14451,12048,43142,10997,63283,09805,00370,20233,32127,35589,16960,33119,11798,10728,52470,33483,64612,53030,26547,55027,10443,37285,45289,45017,54245,49869,10833,15347,43941,08246,14258,39554,39146,18741,65337,11889,02016,45301,06132,54607,11667,38346,54908,43702,32960,63538,42320,48077,09527,12142,54802,54030,33650,23159,27728,63962,32737,00230,46252,61635,32640,13814,51882,63893,62473,27323,29402,26376,37815,62871,
04430,16222,06129,28866,61555,27302,37733,30311,13167,63495,05794,36003,43221,52641,42602,08596,51497,19267,49879,41714,18533,12032,39384,44472,41184,62935,43895,48407,36566,30927,53339,35454,45989,52902,19295,62948,24894,42582,40306,57441,43713,34705,60155,10614,19191,21833,54294,35088,05792,59241,51192,58619,46348,28189,38705,28601,06312,09251,38909,54188,64329,08754,06630,21467,45478,42046,43660,29573,40078,43537,23093,04167,34888,05419,32261,29670,48910,07431,63864,28277,43626,30438,60442,33085,63462,12531,09899,31339,26579,10567,02503,43524,06787,53234,55235,13409,46437,41973,40841,28538,30859,44698,42432,48906,24896,07380,60363,18383,42131,53502,24280,16598,14557,19613,61225,02302,38075,13750,02452,11818,28196,15677,30095,18746,30490,14570,45032,07586,37504,21284,03036,01504,48912,22849,62476,37499,58645,27820,15019,27965,42559,46109,54282,18821,01120,14956,06388,02211,17827,55239,45178,21582,33251,64251,54869,60314,51084,55943,08041,55370,24407,40906,54411,35749,37108,25015,03187,28708,28067,31952,47031,03718,64495,45177,18807,56099,39046,04892,33261,34970,21797,57369,35653,43990,17525,06415,22689,41400,60817,32176,29669,01104,51473,48647,00517,01033,13447,49764,49389,24835,42527,39396,51980,56789,57786,50123,29234,16293,07998,43832,57823,18329,37221,38434,28190,08530,19345,64583,22743,42226,07756,48320,34861,17537,29490,12306,14597,42550,34382,37947,38941,51836,32322,09830,33464,23548,60319,52231,26222,62725,48682,51020,62614,56590,39075,42727,18704,27419,24775,01416,19744,54483,23629,48855,03754,43777,
15497,17316,17329,10294,43999,11324,14037,61854,62878,35158,10727,00508,62549,57776,30512,26480,19358,15961,58775,39622,27350,47183,15017,62052,38753,28874,13436,24136,56874,26622,18805,22376,12590,59376,38345,41583,46866,44141,47899,08455,13785,31151,30917,00850,55839,49654,38976,13791,11998,08947,43672,26427,32312,06472,60028,14821,47891,07131,21508,31682,54808,28938,47267,07213,05660,05619,02239,30049,24748,64555,49652,40491,04200,40487,30439,27840,10914,01638,30639,33521,07785,53151,22639,16979,48350,18901,54994,26089,10935,14430,06795,47493,11144,53682,02428,62384,18507,14564,06196,61720,25191,18056,61240,39541,00707,53268,34585,23235,64963,28891,32876,40819,65284,52758,59459,19106,62347,30433,55828,18777,55374,36707,56812,51878,19142,32076,51495,17028,52090,42570,03179,52718,08526,58151,24200,28336,43250,49634,16813,14753,15206,09981,47474,54896,18568,44291,46319,34989,62885,28490,56627,17182,27618,39453,55264,59355,40995,03221,45877,02831,50930,20231,38302,38662,00420,05055,28452,58341,54853,60605,11631,55460,63656,40637,33710,45091,35142,14449,30354,62571,43224,24984,36975,61592,47210,43853,35166,43315,37711,48342,27469,26479,20149,57631,21628,32844,10151,22858,19577,08264,63064,33653,28712,59106,57220,29528,41097,43335,27731,52072,44162,34687,13456,39439,00383,23728,15492,25182,21767,40310,13508,49985,27346,22034,14112,47863,18732,19607,13955,36105,61666,04983,15220,00250,54999,33294,25439,45422,06403,17692,38612,28473,00610,17267,02504,30455,24673,14660,28374,47341,55368,28679,29162,63717,52429,07362,
52416,42581,09282,47816,59848,64647,33587,13730,60447,44517,12796,38956,57520,10489,04566,31323,34760,28637,30075,01563,26577,06732,32402,44249,51093,54621,52792,52958,12628,60941,23955,49646,26008,28071,48310,54289,59935,51873,62012,02185,58650,59871,00550,37202,27249,09268,47751,51573,04476,60183,48651,58903,20888,23567,16747,39431,35006,54141,38535,40217,17830,44243,58951,01756,41831,11156,02058,59684,61067,25751,38811,36603,26495,02651,17190,22110,50926,48381,57282,21820,56098,46859,60041,30828,40128,06096,60705,15692,02764,65444,51410,30177,42973,49776,13038,24230,33496,13126,28227,43538,08292,22663,59455,06189,29259,57532,32292,11530,00638,36180,43152,16024,62800,49257,63819,24188,27299,48874,03419,12061,15715,59987,07473,44583,49797,27541,46775,14317,06998,30228,21018,44617,07367,04523,21940,47152,49739,41512,50900,50661,56904,00430,22599,41129,41367,38779,65123,45251,02253,31250,32619,25742,19331,14238,57704,04810,46122,45197,53687,43708,63093,33927,54452,13425,49076,29826,02063,32969,63168,27722,00488,37958,35129,35660,63764,42839,60915,57137,43753,56101,11962,09591,57757,12704,07112,43590,31131,33367,18381,13217,55179,14434,51671,54165,59536,44727,45727,64272,55411,06869,61380,01148,32047,09002,51039,13846,45650,49087,04779,39409,01432,50832,44668,45095,03889,26367,31068,42272,33121,40215,44566,04400,22805,10483,27235,41565,44052,15445,28140,03143,08085,24687,03090,47855,61619,02410,32462,46384,03039,60425,32459,15829,09349,41606,52107,55774,36298,63403,29938,27433,46032,14134,32376,21813,61072,24511,
12332,49735,03368,03733,34709,06037,14213,27819,10227,05664,40672,53749,05862,58631,41027,29675,58661,49615,13607,37009,37590,49138,25744,48472,52449,33202,28415,54315,08782,38565,53023,03095,30800,41553,30382,59708,45562,49807,58855,60513,25670,16853,28593,26136,46408,65051,15560,21999,62556,36243,41144,07573,64832,00767,04428,38767,64597,40235,42368,26486,27457,51352,15315,13377,37439,59397,62975,05856,39949,20180,51913,62978,03507,46181,39623,52327,39546,62595,08507,16214,19055,25668,27460,45978,15322,62424,41587,15564,27998,11035,14500,03817,23775,57791,32831,03665,18955,47923,12437,30870,48971,40482,33824,32956,25284,61084,52908,50736,04931,13393,10159,62330,53903,51904,64525,48977,60309,57260,43135,64358,01115,18170,09152,43872,00141,34867,20303,32814,10684,36544,20901,05911,39355,13424,31317,52218,50357,36717,35580,39947,56787,56940,13981,09233,57106,43817,14353,30694,34569,41021,16499,37606,53733,17144,32207,24997,12817,27806,27926,00904,21830,36115,10883,63813,57299,32000,10955,47189,24749,59431,36016,19195,24704,58310,42210,41393,16237,53160,52096,29356,62542,33474,17658,32425,63930,20651,33369,32691,30476,61259,42195,20381,38154,13567,13667,15370,21948,14172,12533,15396,14657,08258,17414,07110,53159,35472,15942,06369,24732,09404,36983,56631,00781,46448,47499,15768,29657,62512,54867,44599,64673,02972,50821,13722,11763,29188,02845,60129,64262,34190,20564,49564,13848,03651,49338,47739,63658,18990,63331,65398,06342,33674,11776,19556,09729,11229,32840,17507,17744,41896,15997,24402,04588,04338,09883,30434,
24367,26185,23810,22100,27355,21623,48303,58626,41911,43564,42783,04128,42152,16946,33918,27482,21399,46073,15263,58074,00840,07795,03352,65271,08254,06862,52536,52108,03613,01844,42192,37397,32681,07545,49414,26096,60487,06010,20418,53140,26414,35837,32911,37840,08368,29261,03213,46093,48571,64910,16259,55877,40038,47062,22820,31545,34295,29084,59631,41695,05871,14700,01779,39645,57780,20786,48299,49796,16544,13475,41872,45383,30036,20318,36465,17109,09085,45403,06759,51644,40927,32817,15836,42343,44416,46490,39091,62334,51681,22193,64255,24491,13985,08752,59458,03950,36648,09472,29551,21335,38654,09293,38820,26607,25239,25590,58346,29841,30012,38940,35300,45538,12314,49757,64926,19483,65424,29858,58495,14133,05663,62151,38865,38030,21277,14520,37297,32534,27423,57227,11388,60362,35020,33585,30054,56432,01624,64920,61597,64691,50901,64655,11558,15803,52503,52474,22498,33670,40892,32177,59632,03872,01730,32033,47756,06242,19250,08821,37093,14421,18899,29634,25267,01291,03365,26391,24900,55597,33795,01431,30756,04968,11507,11645,45036,02720,60962,38885,33876,15797,48218,09543,08788,19371,44278,25793,05259,13412,09966,49467,53781,20502,61162,03594,33359,18718,56893,10034,46310,07759,07147,31145,41707,08461,13631,58340,37224,64243,11378,30457,42354,54244,21769,56166,38096,53873,10720,37121,50892,54232,08462,42918,35716,45850,48642,64765,11078,27070,16846,53729,42978,56316,59591,52051,07224,03576,42617,03214,56547,47997,58399,11534,24319,50086,30982,53203,12488,23222,16150,14736,13093,56597,30723,62562,22113,17646,
05793,23151,53078,23586,20880,40059,26907,22209,06935,28867,57069,42371,58446,19811,19718,22666,29939,38561,20691,08009,32602,18183,38083,39632,50107,42066,11257,41582,35043,51626,50099,12160,01082,21589,52858,33329,28216,45173,50965,55864,62039,58072,46091,61102,38805,42146,07115,26816,41213,56108,42300,29827,15758,52757,44938,59926,29474,49096,08166,48346,42872,60805,46762,34105,39364,29470,06205,35193,28799,30746,41621,55369,27514,09407,07073,01728,42820,09911,57544,50951,12463,63407,38010,04587,24233,27106,34566,61837,65365,03103,13333,52970,41248,36853,52112,10273,30285,27471,40811,05461,32554,21481,45525,04367,33394,47589,23767,49170,24764,37734,36209,13442,58374,16824,45921,53212,04626,25628,63675,25014,06215,45787,61886,00505,23393,16622,14720,21533,14472,57579,42656,35619,24403,26983,57920,28714,59140,18490,40888,17772,27922,34672,09439,65266,23570,38675,58845,40246,00575,18633,13119,25079,32825,51930,26619,39669,20485,13083,20220,15002,01396,54456,18158,45335,60887,46180,46256,64764,00161,51344,45486,20130,41479,17933,33390,08129,38467,43793,26305,17920,26491,28718,63321,60484,36097,19557,08986,15055,05345,59077,35776,31949,30321,63914,00402,57546,09630,52863,25300,37127,27303,06188,45806,33518,61222,17857,03440,02780,45848,18610,21067,59692,13519,24591,59427,44855,13458,34411,48192,47372,09306,44100,48281,02354,46537,33220,58808,19404,32804,47440,19427,34371,31165,33217,23321,47774,07464,47679,38853,56862,46167,44099,57005,07163,14665,25806,34084,18894,57663,46130,28553,36564,42156,07189,55501,51186,
47836,57925,32210,05817,01059,07097,02670,44190,05655,40254,18717,62887,55806,34555,62821,12218,00371,04379,41783,64591,15294,10789,06766,22572,64000,09617,62254,04306,55440,40739,49129,42090,03144,33822,59740,56247,49149,33157,56884,53882,21908,20871,06076,09442,57001,36754,52832,38046,09663,46689,22778,07216,05384,50805,03667,31851,44126,59824,15681,43276,22935,21726,28992,18263,39760,25142,28060,08468,05184,59073,28154,10533,10077,52843,27296,00288,46444,14130,40284,10899,54274,10402,08899,18388,18562,51401,28835,24428,62786,58923,40816,32532,60138,29761,20746,58386,14440,31311,24148,34009,00907,31664,60617,12906,49333,05722,41874,26552,29160,52554,49665,12622,27915,62205,47199,52042,27381,25618,02486,05623,46364,23280,18828,60288,56529,20362,24769,39591,49733,27023,41596,52422,14102,17725,41907,19274,26176,31102,12132,14105,42702,26790,43746,61031,38314,16040,57109,03406,65244,45168,53956,00456,33921,64439,13784,43129,24831,13671,17248,01098,51134,58679,02758,01404,08687,02326,57497,19035,31480,10571,61752,43583,48559,51698,57178,04764,13052,02273,25029,38316,39933,62307,09483,20656,02387,37048,43005,18927,18919,03850,48374,06093,29222,47930,61275,54146,04704,48539,14157,36738,02130,39394,29170,25017,24875,26758,03135,48335,58746,00347,56537,50397,34011,08582,12882,05475,65074,44758,50242,28201,15644,56038,30333,08835,36948,54115,40954,51937,50368,59705,43313,34106,61947,09993,32919,38292,01365,64747,06184,26764,51617,29365,64103,41311,40163,53779,10300,32621,01035,60333,16962,12965,38576,61256,50915,28701,
62235,64872,57193,07677,54211,47664,65316,21787,19150,65156,33286,26520,61853,09753,41670,26638,47717,26321,41345,13860,42057,43698,18567,11405,43077,63553,48966,47677,01768,21483,02039,53740,01688,40718,03683,29591,63383,23443,20438,58556,14148,45537,53912,29272,20350,00590,31319,17655,05761,00858,61640,35729,13303,25351,15259,51275,60788,40977,21462,40020,05868,40942,01351,47027,42171,43571,39477,56003,30978,06094,40621,51715,62979,12620,27791,21313,56522,34778,09324,06004,44899,55751,09700,49133,65292,12878,39552,30219,18883,00552,07032,47118,60955,39711,30888,40086,54081,11061,05193,06078,58052,60456,57802,45099,64135,49000,61860,45014,13745,34894,56052,20804,35084,03443,36269,16915,43307,63441,32361,53292,65011,02683,22072,13749,63990,19031,11381,36395,53695,57970,47071,14601,36217,14498,08007,21578,34542,52918,65087,56105,51274,41502,44004,35689,08385,20135,53999,02959,61109,19776,15317,46194,60672,27107,13462,39320,62343,49344,58550,49482,02331,51805,05644,29560,21983,05952,02555,26420,58267,21391,12156,04316,12098,23437,10260,54666,27810,27625,64688,49579,55997,29805,13697,29558,63124,08496,11897,52377,44900,47020,43101,49354,19016,29645,57156,15511,40774,37961,60991,51918,62437,51637,31417,47974,54013,36616,53667,55761,63379,29013,58850,54757,28786,62666,54378,18719,53199,40229,24533,40590,28966,11007,61048,31993,26940,31013,62665,14868,29764,62884,20825,28398,49449,22383,57545,20567,12304,20838,17130,16244,00406,17062,27878,14080,61196,07742,27546,45503,55911,12537,49638,57038,12695,53028,65314,61311,
13783,01313,57575,57609,18494,34858,25301,34187,00086,48181,12758,00087,39544,19828,37671,54087,50709,54868,33279,27377,41726,03476,42765,26574,61180,44267,43401,46581,48931,32896,23244,52977,64869,48365,06882,52777,09400,53444,32122,60863,28645,09790,49169,06983,55802,21374,51619,08888,27164,46879,06959,12953,44357,42401,14549,18584,42507,16332,02918,64690,48708,28387,47403,07851,21358,01691,34973,07193,56153,46080,51954,51338,19235,40144,05735,05059,33965,55113,49260,52084,27183,54137,22589,17039,35201,47204,21332,12874,28425,06165,00080,53648,56845,04661,20765,61768,56531,18275,11178,05309,54037,01448,35206,07235,37116,54714,34662,29886,43500,47337,14382,13367,26494,10779,54176,51063,22035,16493,45199,57755,52984,24696,02927,63448,32648,12111,40051,25897,16565,03082,62791,07628,42748,40484,31672,00663,36622,63004,36560,64540,63621,61581,45382,42232,40046,64593,58059,44544,58251,23120,16844,55644,65258,02074,57618,11547,24844,34854,56956,55953,19855,49724,23785,52333,47644,53033,58239,47609,16732,24772,15020,20892,59661,13481,37026,00994,13514,40973,32295,34610,63911,39567,59317,41127,39702,02540,31023,00394,45129,36839,52045,50691,06529,03490,59120,44526,33662,41379,53310,18588,17518,49778,07683,47749,60455,38011,29599,47841,57737,49663,50972,01648,55072,21684,32502,03501,47445,17601,54036,11541,54444,52642,29328,64044,61573,33066,54205,46116,26636,50069,14288,27392,52482,00827,06954,24940,53267,49224,50268,30045,64020,27991,25051,15189,56724,24554,58335,28727,42634,16489,43485,01452,08284,15440,57338,34890,
13825,32428,34703,06325,48882,23524,36757,32050,33233,51024,31671,63699,57742,49729,47625,08311,58882,13178,20868,31433,50633,11796,01598,41435,24365,25278,16158,16867,49377,23779,27686,16886,39680,43486,14210,08211,17870,40333,61000,30763,26857,25200,40187,31892,11501,39448,58770,21155,60355,43431,40757,37808,49824,05857,56063,15521,07592,46314,26292,38581,17611,57161,42575,14481,60750,36334,01447,32753,54496,36591,32923,28756,01552,30608,46056,59664,55385,20357,25853,05406,41147,14547,43931,12091,61744,09450,02160,10028,59940,50401,48196,44375,55326,28010,24356,07645,11750,13926,21515,48496,06135,46446,22806,36923,26147,54576,01306,43121,64699,40492,09741,17502,19247,32850,30824,35061,38874,41625,43163,14948,08329,53087,21405,31202,20468,07600,40233,36283,38204,13698,38541,22819,62147,17950,38606,60663,52989,04673,39771,43378,46790,62263,10336,59751,53347,47964,19412,09671,42717,06535,63078,56121,00262,62867,10756,13686,58472,61184,54417,41486,28648,45368,15137,41953,06162,08209,18294,34553,25174,53407,52272,61377,22636,41933,45442,51749,19382,51398,35423,08787,00825,45180,14452,44078,60623,17839,48551,13317,31390,03204,45400,26318,56629,27343,37237,31406,57257,03907,42599,41816,36551,15248,07349,25259,06528,18620,51610,38253,31639,00598,15863,29040,11119,36747,17732,36728,65446,38678,12838,26386,08280,47431,23640,51159,50046,41941,45116,51696,39773,11305,04049,41203,01490,15354,11944,27414,52080,48761,13629,53077,07549,44491,11931,38532,58596,49975,47821,08683,57854,59315,52697,40387,59888,57560,23815,48956,
58570,24224,49804,44020,60746,21129,05813,26669,02721,22683,34391,49945,05705,59425,45459,39597,61685,11625,48092,20204,09088,31135,60180,02576,42466,23595,65010,64947,31947,27059,26215,47699,21354,34697,37545,22509,39356,45510,63186,42111,57890,26935,59965,04416,59193,07601,56445,36772,32989,33466,54135,33357,33478,17679,39184,18739,21327,01774,19551,01542,45161,34156,53719,28302,28287,09026,31721,44391,29775,22420,06639,64105,53938,26760,33222,56770,64033,19978,12641,17299,31483,56959,40018,25695,13688,46848,19346,57056,60739,60820,18760,16216,16863,51205,04537,61872,64648,14939,19972,51270,44672,27668,09008,08071,38834,60337,36018,34293,12822,16187,36783,39110,55578,48560,38106,32155,22929,10503,01837,03442,63762,42051,41209,56769,24691,42194,16588,61079,36708,34839,12453,60336,18618,14443,19760,04000,22136,00532,28075,46269,13534,65524,01742,40285,60774,31540,50635,63286,01958,32321,56696,44113,58616,00710,64256,35062,21836,44575,64622,30559,27224,16353,34114,03496,63559,48830,65497,63634,19748,01323,59628,45563,56665,23189,37597,52040,23119,31062,62321,37193,03966,38632,03534,10752,53229,34209,28803,12418,36776,24741,41305,42541,38833,17715,52820,13308,53324,09040,02171,65281,46839,56116,10681,08851,58371,19533,21558,18791,22041,07993,35103,22576,16151,48146,22318,55575,45027,62294,14803,06816,62335,29132,10312,60923,39971,43720,63789,51405,06659,28524,22027,14947,62522,60463,31710,01026,21498,29193,13744,19597,33080,46388,37852,13200,24308,53318,40393,54913,62040,64976,38140,15128,04285,16204,62717,34916,
54593,20071,43136,57871,01037,14546,50109,47872,12485,38903,12057,55892,33575,43759,49846,13234,49868,14639,01500,65388,27571,11480,63242,18569,57477,21722,33340,14756,47223,35108,33856,00053,47989,02421,38205,06116,00076,25895,51446,55875,59243,25528,38291,22446,56183,27732,15996,14532,00972,06645,35138,55577,59976,03866,29289,17434,58223,48845,52866,60238,10937,43064,46103,61723,10813,19561,53513,41519,30860,39371,50366,32870,46811,16817,19661,53177,45912,19398,61312,11325,28617,38713,59010,49859,61746,10957,36963,19319,37377,65247,12424,59521,03879,34808,15543,21397,21118,24133,54832,07446,51199,27709,10902,55005,26469,62166,10737,55925,50022,24657,09990,10742,16288,06394,22131,64763,19941,51419,04723,36864,36189,59252,55691,00919,47701,07935,16792,49792,47456,34275,05009,11814,10210,35009,32016,31187,18963,18256,55387,41319,13509,50919,53301,28527,13602,11895,51237,14329,18868,30680,37254,19329,21413,50170,65523,18059,24109,12246,25658,08972,56611,35366,00376,05822,30805,12708,53479,49907,54751,44719,22573,15623,19172,19881,06974,15684,16920,07173,47121,62853,23254,06465,33358,05947,03747,52196,10194,03670,41995,10792,53663,59778,43573,47637,38002,16907,60340,48448,21574,24942,11096,31716,21758,54479,15333,19490,08785,36389,36971,19709,39247,52336,18051,53696,10129,11971,01216,35408,50529,01478,49173,48719,18033,29508,04134,27518,44514,39112,13889,15769,21148,49533,05056,57978,05041,40793,63434,20195,05921,46676,09612,03980,52094,06894,25781,32560,15554,41981,41558,56363,19924,55075,32219,58069,11032,03619,
10651,05555,27091,12128,40342,63100,04745,14561,22233,55477,11595,20298,04950,14757,21553,19145,31219,04245,00240,03024,17171,64908,40419,10345,59861,60259,51881,38296,58523,61964,35797,21931,45625,58421,54762,41447,13053,41185,12854,28740,18853,43320,20807,27967,23456,54142,20275,32699,04092,65180,15535,41330,20530,39989,38019,40370,22997,40496,25755,58722,14345,30288,61475,42869,35080,16179,28819,16203,59971,19542,55927,62193,16086,42967,02642,41997,60668,52831,43997,61348,63364,54106,65371,01208,53207,46772,43995,25783,39287,29075,64172,26412,41624,54055,26256,60538,58201,38918,62881,50905,00675,64267,49378,04962,27592,13866,52438,40670,49954,06091,18008,27195,64938,01378,14461,62408,08551,64514,32596,05111,45833,47948,03359,55583,49721,12279,10564,48690,45396,22675,14428,04493,08927,21624,52347,56142,15845,57195,29130,33522,06541,34316,49440,32721,49304,38982,52104,27441,24619,02165,35999,51916,21607,56434,20351,47435,53053,48042,05425,11435,38610,19089,33053,18132,08961,31065,02732,41915,49216,14322,11910,51164,06938,21608,02675,15309,50232,50495,04546,53128,53503,63951,53587,64674,50367,43097,20232,29273,42470,48704,45976,61554,21117,46974,42490,61267,30728,49888,10150,00799,11781,33805,37864,61214,05787,47517,50557,06326,47902,25512,24397,64965,29773,28088,03571,21556,31134,44658,52785,31971,02601,11130,40189,46851,30761,16559,16833,59351,31650,36828,08601,55098,40357,42007,37893,35370,52317,39614,42093,49991,34157,53545,27364,23793,63783,21883,13634,21721,36429,62584,24317,62025,57759,41440,54324,62663,
63671,05014,07803,27283,35876,58935,47994,24529,02288,20725,11202,19524,58490,06952,63036,51705,47095,00490,46141,38222,62767,14188,24605,55349,38454,55096,20692,54881,34851,25133,23448,05968,56979,07296,39181,44979,38325,41094,47442,41729,48665,59696,47348,15581,13951,01361,25493,39557,53350,27951,49680,63285,08006,61948,60024,60052,05853,50537,02281,38946,55963,11980,47848,37182,14936,07511,06674,14770,55934,17514,41489,40481,54438,48497,62736,22667,08337,56392,47853,31572,20046,37241,29378,57957,47516,24438,27210,50089,56257,16800,53371,52075,29315,56596,64152,59307,25934,29081,31152,10903,44578,06085,33211,07256,04284,41685,61310,55265,26776,54171,63204,34750,28284,07979,12885,08464,04486,37627,53152,01176,49409,05369,37891,65257,47134,20278,49042,33785,01024,47165,30187,35445,30246,01226,26248,02839,25048,02727,47979,14302,48632,62449,54058,57039,42329,47540,45892,46603,33635,57670,18916,02172,53007,64559,11126,02035,40330,56947,49245,33375,52996,62312,12164,21581,47129,17043,53418,53440,29246,14933,40541,07874,35789,01901,21682,22525,17809,35581,23736,06183,58345,35053,37642,34524,10424,43884,14151,23259,04551,00178,19681,51845,36813,24990,47671,46289,19177,63993,13037,06038,37171,16789,00722,39388,38098,56361,05836,06490,55168,49866,26560,39770,41765,09766,53720,54149,21647,50941,15706,23432,11116,59769,58301,36060,30609,63855,24790,57464,05543,62747,48228,15592,26905,21794,42151,48485,25045,47909,01201,57525,26028,28483,27486,45069,16430,06544,21537,30592,18123,01160,42777,29682,63065,16525,10605,33698,
44850,46947,42017,25562,53930,65396,05036,08577,37533,65531,25019,07471,54280,49038,63278,35908,23282,27771,54724,14935,47705,07397,28734,26496,52292,38103,60488,48775,59831,46497,44747,54441,39503,26657,55305,46394,16376,55885,25329,63465,42324,22338,15892,39475,55314,46058,06727,61739,44178,14543,60273,54430,43112,25426,50138,27420,31507,40859,58320,41339,33486,34379,22554,56422,05898,18934,40980,10568,27799,47579,55668,36488,41322,10642,01319,23366,01956,09342,34554,62541,33934,07107,56999,55185,39286,22681,49984,27886,42215,35106,34752,04205,18806,27595,03088,19200,36131,08886,25981,53171,34983,59484,62768,35762,07800,59624,06084,48465,36850,49751,18002,16252,34349,01410,01287,24833,06883,64549,59857,23145,13699,49432,43049,39764,53357,01818,17900,44490,53637,01238,50335,37379,11767,05937,28820,20810,37965,29164,48561,22757,47686,08370,64604,00233,00826,57731,23646,23266,29189,12968,54379,27885,34774,15176,10934,53037,16508,34222,20962,51303,44693,47685,54710,51810,29786,31622,55817,34534,25530,16434,21271,49261,16919,56446,07783,01039,63654,31692,01005,22387,65098,43772,55758,00174,36012,17478,11345,15819,61447,47653,13536,32738,24693,00173,44238,26813,35294,39672,38476,22260,60095,26166,15546,62557,12764,64886,03061,40649,40271,12384,09172,03625,63645,17455,16019,41200,62710,40376,53233,10321,13849,50585,11339,22371,17259,51181,44184,16652,46818,22620,00222,47681,08933,30519,52487,26824,20990,29211,31843,23860,64231,24625,46230,13202,54112,02826,64109,44206,13531,63646,52162,44261,35883,04123,34087,07877,
56335,36247,41436,41117,22955,06308,35375,12252,23077,59804,43917,14289,43370,45860,23480,56158,08668,59055,32547,13141,55537,25942,05206,47377,08176,16617,51324,14011,27641,06405,19392,61182,34464,00279,14442,29379,35185,34510,17018,20462,45387,46554,51595,01340,08702,62565,48226,57848,46507,22657,37814,59091,14495,54423,08832,59689,22957,32015,34747,57954,28411,25908,23243,49349,13611,37881,53164,05728,08590,16285,34467,60492,52273,04490,47760,18209,00557,18857,41341,44910,46672,26103,16339,11488,36949,02546,26489,46435,59144,50830,43964,17893,06288,62081,64941,20084,22505,21611,43607,19181,57380,61251,64980,06611,62688,23260,28871,28402,20194,04501,56077,33031,09648,03986,27370,33133,36736,21183,21221,34073,21936,53035,07856,54801,38039,51456,03675,26126,22787,18111,37060,65062,25835,08045,61999,04162,20328,36363,37787,19564,46062,30603,62908,19552,36260,16893,31499,21138,33979,30149,09513,06920,18365,50065,23125,25849,09932,30779,26493,21996,32696,23906,38622,01761,01889,63512,39157,52639,38680,31352,54845,32668,58718,62762,39817,49588,59434,30643,61421,09968,06255,52935,12908,42868,55652,63246,41490,24690,41307,50572,20953,17418,12518,62310,00398,24907,53897,00390,63923,06079,42249,15208,38718,41370,60986,00473,59151,09289,10071,36995,25177,12436,38795,49947,55031,15345,65530,51092,26245,15582,42436,14487,07155,08127,07772,46465,45615,27329,11768,53306,51442,63461,40456,61997,57169,51147,31386,08378,47381,39398,54846,01812,46730,62272,26965,04765,50654,39545,49571,21760,17838,07029,36856,23325,11361,44697,
19650,46566,64136,60939,12322,07099,13055,20785,13982,19729,17541,62144,50299,53143,07005,53240,56710,59633,14437,05297,12652,44481,36893,16621,48064,59075,59296,53758,60945,09840,42028,04563,30547,44755,41115,19038,24125,44707,17268,17526,07434,44330,35499,42425,63071,11978,32351,12896,52105,14896,62451,28482,35175,06144,50042,52303,40094,53136,31761,62544,27253,27792,15484,14890,01134,47660,34254,45135,10635,11526,57192,45753,39244,38509,14683,10231,00150,25593,12295,14822,17905,36957,46200,30277,07038,07472,11387,30814,47944,56910,51313,32907,51452,27191,25855,38084,58114,08665,11655,27185,13910,32007,18461,29396,43209,00580,08162,06700,37269,15922,60850,07036,51307,57032,26349,64061,35805,46592,27086,05120,34305,36539,48257,00628,40347,63996,32091,08332,29926,54328,45571,52409,35760,22067,14183,54587,31606,39041,40802,14740,02167,55294,18673,65045,39509,24064,18706,62381,00219,44946,14142,30178,42284,48530,09774,43613,48063,53403,51616,54857,26076,25394,39775,10132,44524,51206,07829,41249,21604,22334,01081,08401,45761,35961,00338,40218,32086,30376,38390,56649,45483,17924,14507,13176,06747,15688,16746,48305,27768,56662,15587,29058,25098,15527,57187,26970,53957,54998,55982,60170,53187,10920,38593,05982,30038,62536,35991,52844,40115,08531,17429,32859,21167,57753,43556,33167,04616,23791,58654,62905,10985,08077,18680,13358,38800,33003,61242,59019,33378,05479,56118,18353,56175,37524,00569,09953,42180,59076,10148,39183,44606,49983,19499,08813,19067,26194,64605,13772,40678,30449,27386,63804,30398,45363,29173,44647,
62894,48444,51580,35863,22065,40812,28582,13922,52087,02349,47184,59437,21122,26664,08815,59411,04161,49870,61742,00010,42832,05786,31675,56616,28840,65491,30538,40911,09703,12382,20960,26683,30912,00806,10358,28926,28438,24813,30879,48764,53370,46006,23722,15274,50092,23789,57436,40682,24021,42241,18684,42030,64761,54367,26052,26709,23064,15223,60365,24614,37789,61546,60943,04398,59372,06023,41228,25020,28380,40780,22553,20042,03162,61298,06692,29904,51249,34650,09710,65326,57674,32251,30947,33016,64595,38378,61736,63392,52500,17654,07132,44495,02926,39571,39134,45058,30249,36884,41388,51739,21990,07606,38142,65463,35970,61393,17032,36239,02700,33095,24930,32669,29711,13221,16377,40974,01399,45079,53992,45444,28247,01528,00298,49402,43577,03641,14490,40576,23967,00399,35462,30854,13966,13802,02345,43252,43230,42875,28745,64881,05828,18699,15037,38970,46737,64382,12748,42787,15666,07304,54065,46105,16342,25127,65478,15023,00561,53659,00140,62337,01701,24814,22999,57487,11963,33694,59544,12430,09055,62403,41593,09611,51743,64814,47920,00029,32380,45176,00273,38499,63445,51028,49800,16556,31684,64923,27336,30957,12139,11298,33101,36146,08290,05963,53876,49269,04896,28461,26108,37338,54679,55947,14486,15064,31459,27555,62369,33828,52398,16303,19899,37636,64014,24634,32951,62799,34784,29908,53147,22550,23031,37441,05576,55606,33765,06340,23068,36725,06360,27936,06608,04203,07550,52381,59227,64405,01978,51699,31078,49015,16346,36798,00624,53919,17143,55320,15884,59309,17380,06914,01744,31241,58391,17244,08512,23733,
33840,24712,23430,44421,54984,21102,08713,25178,30377,43433,43196,36142,02285,44518,27667,58380,39959,43139,09209,05211,38274,50679,37586,18216,14810,54485,23478,07784,21181,05427,58833,23146,53633,33848,50302,60996,42578,10659,00485,41011,09913,53848,49793,05560,26128,22269,18222,33763,36917,14949,18852,02528,04159,55740,46052,10962,30406,28305,43752,27173,35571,18543,17400,48919,02046,42201,45430,50961,21796,27427,19353,25290,28367,45266,33482,55739,01826,03495,26571,50773,61001,63836,51415,27577,53293,49297,33614,07531,51615,37488,17482,01027,59760,36467,15984,07968,03831,10734,27102,19818,03794,41771,59746,44169,44849,55384,60341,48174,27197,06650,26566,43316,12770,48884,65389,39413,61229,43599,57842,44353,11822,04467,30528,60758,14000,54694,10315,18657,12438,30899,12177,11615,41948,54270,36602,62322,52663,35899,32102,30287,20573,04948,63578,56899,51912,20156,38653,29267,46197,55459,22362,43821,11782,43125,18625,30182,04353,34208,07522,44380,09894,10149,54318,22845,20465,39193,59618,01275,55233,04238,34918,30203,60271,01093,23597,12646,55703,05409,23753,14852,25686,36059,38152,16885,55513,22374,35722,36534,46000,36147,41456,18651,19905,07041,05483,26032,00072,02971,50448,03858,10662,09874,24216,07625,44124,57023,24880,35057,51868,11322,55281,03751,03908,17038,25697,26091,21043,29750,19721,58937,03772,02072,52136,34613,63083,47437,37294,18991,13430,12547,12977,01493,60119,55721,22311,25971,55002,33260,28563,26510,48111,61061,18131,42517,56602,64062,20313,55897,01430,48771,30299,55422,06276,41861,20842,40722,
03820,15858,03026,48752,36141,49901,26068,44651,00063,23118,53277,62118,35639,59826,27532,10310,61407,29157,23468,62227,52809,02269,37951,62079,04266,64839,56824,30307,27510,12186,40223,15557,31600,53998,64479,02871,16809,09657,22917,53331,52748,52139,37329,62832,52623,39941,02585,40031,44334,07551,52212,10601,24191,37218,01981,24298,60621,57340,62534,08359,04014,12143,15963,36150,53881,47847,09285,25927,19417,57897,27512,54536,30984,06377,57058,26946,24008,50950,07330,52404,59674,22916,41930,63815,48790,33621,45523,03330,03064,36218,29207,33867,63652,33410,45702,13673,19942,14823,00407,19708,38968,25253,34153,29120,06568,12901,50078,04715,61589,19623,35816,16039,14943,39176,17898,55763,38636,32457,51703,35188,18462,17585,24094,63390,39951,64391,03191,25601,33467,21585,33671,03927,52193,15417,31011,31271,16290,10722,25214,28057,27700,24530,58958,49728,24295,49935,26612,19641,18545,25037,58552,53416,13639,43901,44681,61247,63861,63792,47399,12618,39804,24829,59089,02542,08591,03928,42443,54186,15402,32138,03126,56167,54870,54923,17453,09003,03915,30875,07579,23820,06769,23143,46092,59813,05666,14846,44892,21382,00091,26589,24703,12059,57411,45230,53709,39120,21434,24970,02402,32360,52631,28753,16550,38526,03147,44785,58682,20673,05180,32110,31125,07929,09316,59235,39798,21259,10156,41678,45839,10781,15306,63623,29947,44318,13704,27559,05512,64958,61066,18479,57104,18084,24441,06593,08956,36083,60934,35473,38852,50145,33362,21250,29138,34296,14635,37744,26342,00418,28423,48125,40529,11653,24983,33264,05549,55506,
54651,27087,15651,28027,60132,33874,60286,12350,35955,12515,04445,01963,42143,19318,51859,01874,03657,05616,45306,40612,03085,63437,44351,59214,60603,39574,37319,13060,23755,64620,12725,13965,65229,06336,54925,06143,29438,04870,38421,19799,07094,22714,61046,37952,56686,15710,41146,64868,10747,13232,32684,07682,41067,00009,12403,03564,45810,33043,43646,38168,48501,44464,17446,31864,50617,60036,10983,56407,01960,36305,46912,24948,42708,65103,59325,16684,52559,52496,63585,08777,11291,06726,53705,40773,63070,63110,23855,43358,53748,12108,06791,29635,19779,12597,57392,16399,48955,56993,19796,52517,50794,30964,27987,06478,30781,56482,38892,51242,38900,54413,12243,06614,07010,05612,12545,17427,43356,29087,38945,20184,24603,19844,07802,49541,05511,25223,01948,46196,15139,54138,24002,26048,00968,33485,57752,17020,41983,14005,12532,24336,05244,22069,21070,53202,29523,64812,45265,30722,34606,14648,18505,24019,58630,30245,33839,32141,40101,30655,52465,11359,21147,51780,29534,40969,24888,44702,12521,22404,60263,39087,14046,39526,32317,63200,52406,08247,56504,62070,18810,09206,38304,27973,21263,40432,05377,16866,16161,32370,36934,31410,54359,53521,51177,18354,60532,33473,14902,06504,34870,11553,41455,10755,56806,40416,28204,36871,34694,21103,31060,50813,16591,25707,39186,56248,48079,05202,57146,53790,40468,39442,54382,16213,57153,59616,26959,19544,64187,37962,50295,19143,29950,62486,54731,31039,14176,53501,33689,59545,31896,50103,12372,09626,26264,00730,14198,39479,01109,08898,15341,39177,55980,46207,25216,61129,52510,65155,
64478,19056,43627,54342,56634,57717,65241,57863,03199,60515,19069,43831,36921,21904,62221,53081,09163,05310,34227,57515,57648,43733,48549,03541,44187,50594,33384,33051,64484,37464,40849,40877,64068,06404,00940,51665,29416,05274,52069,10381,07581,65401,29924,50583,18683,16371,05443,14830,09249,47582,01051,31124,44953,51880,41458,44633,47245,23365,62371,27490,29022,55491,01762,11203,24565,42188,19951,02017,01653,47416,02419,29149,16551,36394,02880,61678,09659,26010,35037,42728,43166,20242,59000,41163,52773,09477,29400,47496,60002,30640,48403,65483,48734,08004,06955,60111,11183,37516,33287,43885,42956,01004,00198,02216,51396,39022,15781,46343,53115,18107,50329,03827,16117,32184,09275,40017,51865,02519,07587,55051,30880,41532,18560,14057,16190,49558,41744,61879,18000,55762,23030,04036,38266,60593,60151,22970,54071,52173,31816,58501,23673,61866,32200,18134,57128,25230,59231,40792,12572,22643,42266,32371,25053,08883,16738,48768,28906,10932,29440,26457,07494,33312,38192,22028,46095,03493,18415,51170,03159,39360,00267,32404,13650,38018,10880,34508,50676,27247,26000,02979,20979,12890,22012,52353,06372,04693,64637,38132,13847,14513,32920,14063,07012,22561,31738,63665,50628,14401,31438,04602,25613,48136,63468,03220,57071,24165,57344,23302,46932,31041,33228,21695,32106,37525,53226,23017,09985,25791,30501,42861,20942,44539,55837,18176,07302,62566,49058,14086,60656,59448,25346,31704,07361,25731,09121,43226,44912,02495,41605,40269,62072,02865,01006,62047,00200,32112,28505,01689,63720,39708,09888,43454,24756,33796,31927,59449,
34342,51035,59302,19816,15193,19027,51078,27497,45092,17707,59208,26539,00510,07740,25232,20411,53383,36031,32858,37463,15823,12216,47218,02672,53939,16586,55499,40179,46221,52794,34927,06893,28337,27288,50140,06963,54637,54253,12236,16492,50980,41043,58332,38502,56378,26378,17419,43042,34347,63254,34527,37889,23625,34229,08325,21538,24716,31110,20344,26083,13710,08544,22764,41223,06053,57072,18844,15068,24210,43906,62923,21691,58240,22736,18308,29044,13788,54931,16777,36128,11853,60475,25715,56082,15811,12867,10943,48895,22961,36384,63193,60498,30363,28698,08703,18833,29357,18585,05414,02578,23698,38755,57940,51196,03089,43655,61420,10820,19184,28248,45786,40756,21135,18400,41855,49487,53894,10606,44622,28681,05081,06150,00542,49343,58054,01206,35344,24623,25977,19003,27228,11609,09399,09456,64678,50029,20949,05354,01476,22723,49255,00385,20256,22246,64037,27602,50612,51511,12064,52433,11141,45526,38455,35394,59530,24082,11556,36951,55312,53548,14865,49851,19308,43269,34826,19900,44019,54784,34874,20368,64421,35173,17745,01086,60142,38226,24834,51308,54372,23435,44070,57738,01946,65167,30259,19024,23891,13953,62145,00259,21583,37278,27506,54395,02370,62576,18799,35110,54863,54934,40583,64317,47498,47417,16418,59288,26336,56974,62674,27069,63841,11482,49719,08184,64490,64912,54544,17964,27528,11349,59736,47536,20616,63376,15528,58270,07297,37164,50423,25003,33201,41389,07448,54617,20101,60489,55177,21600,46449,13656,23525,09146,30464,55673,44014,38481,40170,08357,15205,57420,60164,19912,37554,36819,60417,18600,
35772,42857,38751,15978,26996,00660,57767,12599,51003,41045,33361,27568,33747,58296,27839,41721,23682,62892,16456,32500,34003,15578,09184,39605,07974,13125,09600,31778,38716,14586,52115,24206,60406,44244,03509,22281,32089,08545,18960,30224,38381,56347,33499,55954,60439,05083,04701,33103,09445,45734,19342,38031,07599,10574,19487,33141,27379,56636,50541,61051,18708,53466,42085,59879,17011,48287,34855,03961,07226,50806,07065,12144,39324,00504,50144,61719,11015,60050,34185,29896,15526,17423,50678,33722,07680,13839,65386,34278,59700,31503,48564,10398,64830,60630,40923,10713,09226,45166,55409,45607,29148,51409,54011,53317,10593,11068,18644,51613,42647,38692,21203,37676,57124,43312,59985,31083,23882,14385,38938,02887,05832,45415,00098,52687,27566,22888,40729,10836,63718,62773,61151,19020,01860,63432,16300,14985,31647,53676,30760,21162,43174,31915,26595,14103,45837,18480,31378,37684,60230,23600,45884,55908,12897,36208,37829,32222,15406,61123,09134,43489,25733,65084,57946,40460,36257,14699,12598,24278,46307,35781,22046,30845,20325,08482,49707,41247,27665,61278,44383,01064,50719,38837,06779,48389,05145,06278,40137,64226,30837,11660,22768,34520,17120,36605,59743,16308,07649,41363,20348,17035,53617,18882,15779,46511,32264,27607,27594,49008,51546,01130,62623,50146,11974,04963,36093,22786,64399,25880,16941,34228,43275,29405,08808,24372,24622,43408,13741,43889,28310,20089,12251,49457,64470,09952,38893,33190,28086,08877,60521,48099,11300,41153,08613,65150,56720,22032,47262,45897,08222,12633,16247,51390,34522,55358,52279,32204,
64499,03444,19801,31531,48657,34949,26011,31732,48481,26369,16634,15718,26782,37989,07562,61239,61165,41332,63338,19366,40212,02889,22123,31941,09505,13279,39229,02696,49084,49676,23111,16010,09890,26768,62165,08061,14253,44911,22648,07374,30445,21892,41145,60597,51727,44473,43545,36936,24203,12945,59126,12338,42001,51635,49608,29649,47167,60848,09516,49225,31222,61777,10193,17266,53020,53964,31471,51844,09629,27762,27657,22836,16864,35650,33152,17858,40210,04042,22969,28246,49319,20083,21825,44624,23563,47645,62602,33754,37275,26150,56755,35741,29128,54443,63444,30563,41459,43027,40015,29648,54293,49896,45244,14677,22302,00247,22548,26563,50038,06430,60816,44703,00768,15800,61345,21645,54377,62697,36438,27145,36838,55989,17222,10085,62282,00991,49188,16315,27455,32591,43079,12813,39460,05976,30961,58743,15964,44543,51972,65404,42424,53780,17779,07698,36670,05103,31575,09739,33592,35153,19515,36528,27494,48900,41250,53632,57556,09224,45962,09402,02266,24480,10663,51742,50156,16326,15056,22832,09562,26871,63673,61887,16883,34030,31191,39318,37361,27894,46724,06389,46258,08135,20161,04623,34501,19359,53319,64793,53006,13582,02548,48207,03137,16516,25872,01724,33960,26333,25500,60053,19778,37664,07806,18616,48573,59276,27688,54507,63253,58532,25194,12275,39149,25427,52127,02782,40667,58124,53250,15544,56035,01882,55298,04296,02478,05186,56176,28446,16392,49168,63014,18061,29079,24011,58179,54193,52453,03965,35000,13771,10431,28646,40740,54753,58294,37038,35841,38151,23554,06027,22583,20664,60345,00153,35635,26652,
56861,20690,59714,20374,60882,43395,51296,43780,04135,54119,61728,39886,63878,29441,03931,18778,57583,22148,60649,20577,55071,64799,08344,44513,27450,56391,59962,01514,23419,57485,29520,16260,49388,62212,58793,65177,60305,37138,53864,29366,15123,22324,20626,44798,37438,08728,47470,57710,36857,33218,16032,39663,39934,29172,33383,00254,17226,24728,47413,60958,37791,44428,36889,45460,48513,37248,44804,64210,34049,09122,45591,45143,24714,39856,49681,65264,17891,25956,06386,62890,28349,19827,01480,24969,52188,03622,33144,33096,62843,29937,64600,56449,01070,54766,60889,06828,65422,03829,42282,24272,47800,22766,15261,14466,05861,39588,36076,34777,14182,42614,04409,30158,37564,35117,27630,47142,24620,59213,48368,40501,65370,45533,60654,35596,44531,06906,43234,61966,15941,49535,15727,30397,64359,46347,62206,28729,40194,63399,48683,24140,61167,31766,33646,33899,16304,30656,28562,10629,49759,08913,31026,20037,52324,52816,47564,62450,18116,30721,09835,07118,18855,39086,00693,16933,42445,22476,00592,46894,59203,26286,58884,00634,56228,49508,37434,05648,44657,48494,44895,30483,03466,01189,04821,05253,64580,65489,28447,17022,12043,51896,38195,41892,11779,30992,56771,14297,49100,33207,37167,60818,03814,22891,12808,01455,06314,43484,55773,12662,11271,42128,56165,15283,48834,51448,38686,17165,16437,51564,38695,16334,64139,04683,51236,31288,24988,54596,12967,49315,12792,06919,05996,21712,19567,36537,58099,38444,50369,52775,59392,43113,06808,27073,26104,26478,32976,52361,24539,02587,62970,00609,55509,47921,37594,53543,01503,28194,
43354,05327,53562,23607,50814,58530,58475,07569,09844,63467,39433,32877,34194,46913,08180,12862,30193,48783,08032,46454,40684,64964,11594,02166,44636,01332,45210,06667,43616,10621,45724,35301,08540,08716,03491,01370,42463,48671,14502,13350,39365,47104,27340,55478,02834,64205,19460,52013,53921,30925,18202,10998,06662,57235,34657,05527,60207,26805,54303,09328,24357,06204,50402,58103,26129,56740,56450,07669,18743,30067,61785,10948,34781,02425,31277,05170,51986,04224,28239,49809,16250,52887,62352,18413,35854,21627,08500,36108,00725,19049,40181,36642,50581,10413,16498,65263,14889,23330,16281,33562,20446,24443,57763,08546,24579,30771,11329,10170,28265,59937,48375,01466,36318,48239,29204,14095,12942,16710,07341,04462,33481,56354,28327,27326,63999,17085,47941,45862,52209,49876,57893,17469,20269,10616,01888,13690,50246,17153,39916,39458,49035,57902,46502,44401,37916,31542,37467,42010,24293,27690,34956,36426,56385,31229,49281,44874,08394,61442,12680,37898,08064,43823,09036,51278,33195,12736,23268,28503,61651,53830,15107,25405,48418,29307,15676,01835,23307,62390,37008,02415,64189,06211,41396,44802,07514,08498,09958,09999,41697,48429,02508,14263,01903,04083,37983,65231,46440,38339,38488,20893,53386,05631,05044,02690,50559,14817,42757,53257,06062,52904,16287,16235,20632,03551,57576,17283,26928,12825,48833,13264,51909,55452,00773,03691,01128,47130,54665,26856,29108,49723,60279,13496,14631,09510,49822,21689,04947,52538,56293,13116,48939,56694,61578,10331,49066,08144,37689,17907,19077,54376,40829,18414,00623,25551,33603,50360,
54848,27672,60547,34450,26850,44717,13820,39159,60652,03677,10469,20219,52942,42336,06106,30390,05215,09976,32113,58075,31196,28206,34637,48334,24582,60544,48495,52019,04013,54298,05217,11716,17253,07394,11675,35555,13932,32208,18997,23675,32572,08036,60352,60524,63988,37511,28406,62447,51777,47175,34656,24862,04592,33379,09623,10628,34346,47131,31510,21339,19711,13192,01418,10640,18646,42856,49948,17199,17269,03198,50809,28860,20939,50601,43001,32663,02833,53908,38869,17824,04706,34463,58668,57418,49032,15987,50639,16818,62693,57777,39521,47753,34027,64398,05302,23211,55607,24134,37810,49942,64817,19376,09931,41285,33248,41869,53960,40861,30624,32209,23045,45904,43229,26067,27220,22565,22751,07578,31902,23097,55389,12140,10872,15371,29346,41214,57573,16784,34512,39484,22444,23155,09429,30566,36451,62807,30562,61400,31251,27716,51757,00323,42012,12394,46808,33732,40858,00368,09994,52169,42279,11024,02320,30548,21511,58038,53298,32995,55319,26467,63264,52694,61977,17626,12415,09228,19700,06077,65199,53475,28497,00685,49296,48507,54368,46189,14338,11365,29751,01675,13500,54551,62719,57245,61740,55331,22875,43750,35414,26265,30715,38924,56278,02470,10005,17179,28391,45959,19669,51831,39513,47737,20104,50553,02736,09783,54136,41530,22994,24448,06191,46321,29839,60117,20751,50431,09987,00814,12692,28804,46774,15096,39788,08527,32357,10202,42082,46492,01390,19608,63591,06109,03053,28628,49134,17290,26679,27921,56005,12571,41150,49143,01674,21729,04778,33081,22678,18367,49527,20856,30435,30351,07855,25492,26988,51279,
45047,14910,59666,01558,02290,61083,25815,53325,58159,48853,65161,65448,39966,03250,28746,47505,63112,46150,10993,57703,38260,17641,35534,43519,00340,56252,44452,36858,48918,08049,35101,08206,07342,21761,53563,61735,47108,07989,48579,26288,32892,33176,65064,23276,58820,47905,50615,51832,34558,08807,28682,06972,39428,49577,06624,58020,20091,59581,61830,31401,26338,26356,53230,24201,02640,56436,62795,65138,10924,22574,13241,57859,41912,40801,17487,50880,05978,00779,29407,01296,51327,18251,32480,40082,38208,33607,56601,32082,12892,31813,50984,36619,45332,45735,24914,05433,40705,12086,55014,31705,06945,32789,23997,59833,24787,54022,37570,47852,21840,39284,36049,01205,43711,51380,55162,17657,18531,19130,22901,07117,59128,18307,45224,14927,58377,30055,43108,44726,58534,07157,52302,35157,37244,25203,32244,46483,43857,18932,35223,55562,34121,07672,22192,45456,31370,52959,16069,45560,61655,37865,29066,47935,04439,10333,04541,20929,51663,14162,21445,20720,31583,09914,02866,54898,20321,61138,64693,23415,35128,17721,42949,40021,13775,35466,50650,15789,48843,39182,31717,59922,17327,06021,45906,05289,54858,50238,49364,50725,19940,06961,23892,26255,62215,38200,30783,02395,56112,47194,46514,09609,02943,59927,19104,08839,28910,03514,36061,29690,59422,62630,55258,15394,59173,19530,52688,54798,28245,56494,42319,58242,09989,46010,50690,43625,54702,63258,06379,62826,50634,19015,55941,39296,00454,51137,11591,56846,24527,29589,37489,06754,17000,34024,01619,05647,30060,27527,22366,11668,13332,21088,36726,59823,16061,45056,61805,23802,
61191,13470,53672,41080,42480,31989,15410,49620,14503,47807,38336,20143,18079,57766,15662,18240,22255,05098,01727,64594,30137,20989,13071,55182,02718,23687,43847,21435,42514,65364,62026,22611,50596,04642,45956,34015,21829,18040,12767,09437,08502,62073,53022,45832,65079,21366,15016,39816,09069,00831,56386,18190,49158,25786,45243,15412,05339,30083,09799,01389,56150,05890,20950,01660,52531,51367,35721,39123,45081,02401,07180,22410,45600,44363,10859,25921,46370,17395,54652,14336,16510,00696,32910,30216,51255,11410,65295,04773,41156,54597,10633,57445,50119,56298,08709,19540,04094,40439,64956,41894,20179,08434,54818,60613,19946,17129,32198,29972,36193,33756,07325,17593,55753,23672,01307,44160,42571,20905,41066,23044,25508,25778,22716,14988,42540,11550,08108,52197,64667,10490,34008,23749,20684,01664,54302,41560,18795,14319,13930,32702,59754,07618,41910,07883,55470,24500,62755,42983,32415,39372,63532,33032,32581,51143,35453,49372,10771,45346,57034,32776,39358,07421,35236,31057,60632,22226,54424,29354,48021,10154,08740,09126,33712,14715,53674,46013,46817,14332,45196,60846,61714,30541,39590,64590,59542,52567,50162,44418,29781,08518,51600,47730,49056,52778,02855,61092,42420,10181,09205,56366,63471,42031,43324,20367,27599,62532,02639,60262,24187,48943,43920,05050,50091,02000,39060,05847,29997,54457,51756,54862,27273,44608,11404,00317,62626,15325,17091,34984,64566,64464,21961,11094,59920,41738,63960,20202,51323,15336,25982,21782,15763,31898,43531,57270,42512,34285,24267,15990,46916,24742,61118,56623,16110,38627,22634,48008,
00687,52456,07728,50182,02841,14675,11623,26639,49348,54227,37932,64434,52298,29205,62207,43830,61762,62980,08352,36289,11710,35339,15737,03605,30621,19292,18272,21831,11306,43765,45373,16894,11140,50998,37645,41865,48366,11630,43168,05607,20406,47672,39236,61150,17557,50085,43188,20068,33668,64407,27142,50192,01720,37156,61434,24478,27421,13725,56737,00670,53279,33709,05183,25434,54422,63676,39410,49830,26368,44405,39642,57317,00520,06553,45517,61918,07437,41095,02297,58612,51522,01203,33555,27864,46763,63952,54770,05943,59233,20033,61539,42925,53488,18199,48588,11652,21469,04058,50717,46270,34580,55062,58747,37032,13287,28416,37333,11531,30587,09305,29629,40835,39202,40880,30058,64111,40662,46996,15944,35577,29359,07970,27464,48120,61913,07017,26353,06656,29461,05934,05142,05773,21917,46767,51375,41680,60251,01053,35579,20779,43430,31240,38442,48291,12790,33677,44222,53896,30422,26069,28662,56154,37350,43684,55592,22243,07931,36371,48516,26926,37698,36176,02980,40921,36102,16051,20030,16229,23455,14995,63876,45259,36959,35210,37057,19440,58015,10688,01348,50053,41752,38496,31646,47635,20160,33728,60295,03998,24321,34806,50279,21079,58538,15487,60822,32453,61627,23769,31573,35812,13821,29642,41443,39231,05298,13964,51366,42788,04319,54572,46267,04299,45120,20338,09520,59509,39307,35044,55932,56159,02912,52248,54208,44132,53364,52229,39266,63709,36774,13664,04827,16146,06718,15625,27613,42142,60592,52696,26410,41796,13560,56646,64146,10592,12632,28055,38623,21294,38022,14165,43443,50614,07284,34957,23691,35711,
40222,58150,27540,47714,26266,40937,45655,13070,43824,00511,04064,09139,29000,04005,40167,41965,35921,04802,50179,31537,13828,44508,34369,12324,56022,57089,50706,27954,27866,43528,36546,32537,45080,36938,04978,18604,00903,48670,18043,14815,19006,40534,11787,17506,10047,12339,56520,01282,40499,09012,57879,33533,24964,05064,08891,08122,39514,33707,62673,34787,10773,63203,34022,63527,33393,46850,52679,35662,36902,53044,44590,40206,64198,37739,45532,25614,49844,30586,15173,61518,54404,12325,18824,45869,05341,45998,45393,17540,06913,13740,08558,45195,30557,38206,52583,01245,25235,23087,19126,61907,39249,53723,21657,41481,44788,14118,30951,20531,06440,07134,09956,23845,51572,36609,36876,27153,17170,14047,10910,52884,05588,38683,25357,47349,14687,65225,28114,42903,65265,22863,08069,02067,24029,22290,56181,21548,41104,22346,06124,09709,06367,63889,49528,51297,64154,39659,47725,34103,00683,13101,01304,36883,28322,28153,34692,06489,39488,34437,55600,07538,07594,18492,39006,55542,00429,44235,05091,51314,59349,26002,26424,15830,30051,65130,03111,61327,06488,30648,34044,00522,47308,49262,43878,14712,60650,36081,21651,42734,27529,12284,15516,47260,10048,26614,11348,09594,45528,53457,25836,13915,38355,60762,25653,03918,65498,03306,43550,61451,19202,05525,17659,30451,47482,29436,53480,05536,06484,58586,39727,61499,16568,54759,03626,35065,01140,31837,23759,47052,48301,56879,16969,12039,11479,26397,23594,11573,02212,29763,09310,05460,48915,65419,60554,01721,13010,08880,14509,44312,39340,33624,29777,14116,19030,39612,24361,42129,
40986,55015,08469,41555,47213,62217,22579,17346,08342,05304,25788,37114,18542,15986,54939,13761,35917,63111,00480,57853,03773,46397,14718,52028,62250,32715,15689,30463,39294,61953,44118,65411,18645,52705,65423,13971,39963,17123,32608,16990,34727,55017,02473,57701,29415,50392,54685,60051,22163,55304,31227,49044,24351,64074,63345,23309,26960,32823,39051,49327,59907,51908,64406,37752,16494,40509,57995,30605,14283,20812,22098,02398,28471,21194,14908,62444,35246,35025,01384,43340,44623,29566,55391,38028,05752,11427,27456,57819,21485,37801,01168,39912,02263,18248,31305,48983,09300,31923,35759,22528,21295,00360,00668,18336,56027,24331,26504,08772,24009,17511,51325,60257,50307,51518,63235,30242,62300,05733,38436,45267,18534,34590,17425,51330,06026,25840,39311,25283,40483,59680,47736,02128,27879,23028,23671,23013,62638,39848,21912,07268,26673,40085,45111,02506,44655,35476,24507,43689,29989,65188,31798,52760,13735,06890,06685,40853,26637,05844,26717,11301,45141,11399,33546,54043,08485,27828,33111,43080,62176,50184,58579,29419,04652,05080,35083,49971,04604,05894,13268,00621,36683,21177,42891,40150,34811,51459,10088,33344,57891,00461,22696,07462,08753,31574,29420,04691,28121,46405,59572,24190,43019,06827,44344,40726,48942,61897,20240,50403,55419,26226,44005,64569,61852,03246,04672,63771,32605,65516,22439,31246,64274,22099,48069,11302,40317,05201,44925,46632,63281,60409,20704,13668,35136,38003,45497,53204,18267,10281,05465,64440,48780,49048,51351,11504,12505,15787,14778,26901,55705,47690,18214,00314,54594,34249,38221,52533,
06353,05553,60864,33060,60715,17177,44968,61617,56221,32349,38070,00151,60275,49075,33643,57526,48117,42105,36859,25151,61446,17754,35737,25011,35670,13762,16066,54545,24253,28007,42506,50680,24558,53911,27712,41421,56001,56567,42557,09028,57952,46436,48607,29389,59797,47757,08466,47694,61027,40415,55250,41638,13228,11728,15419,14790,54074,51037,10250,50026,43450,37424,11213,45152,54118,07667,64689,38483,17868,37352,62944,03971,13336,37348,43238,43180,00572,41503,61424,03423,53834,14268,57700,33688,59165,06622,45675,45479,14260,51997,35014,40907,59712,21092,54859,35285,61569,19555,43822,41071,26485,08218,39833,25792,39576,15476,46210,35514,07887,30625,43947,05166,31812,03479,52532,19423,24435,26145,62430,44515,11494,50455,12954,57951,51154,38242,29545,28602,28205,36810,36494,30764,61711,43098,06526,56828,42745,42638,18016,47960,12979,51007,20154,63700,37563,19208,17416,31265,49644,39205,23914,37709,35886,07185,09933,25141,56885,05665,63261,36973,03435,00945,21592,44646,36905,25479,35167,16845,10206,43499,20007,36599,52455,42419,28089,43360,12988,55522,25984,31301,03505,38062,23129,28506,16268,10888,48947,64640,29906,34941,47707,08112,49685,60091,51010,60312,27916,57465,08645,05757,20247,26335,52829,48491,10422,40905,46378,42025,06105,54084,02373,16763,07986,63147,10368,42382,13824,57356,12819,48212,00717,09023,37681,27214,05716,05415,03708,26676,02034,15268,59524,60794,18725,16373,30861,60323,60679,57130,13530,57110,48838,44392,40300,55242,60415,29137,47553,10711,56420,32514,39138,59230,10832,43094,30281,40273,
45431,27237,54433,09457,28789,43804,42645,48957,52871,31764,07178,57131,28917,12129,60357,46217,15429,42033,01714,51081,26337,08975,51208,36092,07087,15835,31079,58564,58628,29818,44685,30662,09065,32450,11315,50263,08446,19380,13220,40759,09674,39533,00690,46023,10239,42116,08174,02818,31723,52211,59970,61878,49486,48594,24446,31691,34614,01893,43462,21226,39857,04011,04540,02615,31178,63870,29064,30522,64753,14141,14255,44370,35984,44095,41206,20153,31523,20773,13692,59839,12705,18333,18145,19585,04711,18693,22016,54517,00201,28837,39476,01458,17676,45825,57084,57881,41496,17377,47217,36439,21557,60881,36604,22523,05590,07096,23924,12660,44556,11815,56968,02220,03333,55474,27385,06717,09679,61613,49933,46040,64477,59671,06163,65033,63361,06016,23128,24132,29918,07372,16378,20092,01769,06966,43982,50440,30066,23592,24386,44209,03478,44696,63731,63840,25027,57225,41504,26051,29489,25244,33166,44290,52376,14015,41416,33510,26042,49664,51365,65211,20761,24918,56763,42501,63346,39380,09425,01983,32085,02877,16450,18481,59677,27934,61567,37433,15127,32517,53271,53531,20545,60874,38121,18917,42850,49431,02746,61804,44037,40513,08659,21395,56578,34340,46238,07498,39352,03446,28085,43617,58742,47463,00880,48394,37293,33086,55377,28124,42497,01445,14239,40444,59600,54553,31017,16502,39891,54451,45619,16356,59867,54708,14254,10508,25485,15097,01337,00160,64444,20548,55551,42706,55164,56032,64925,47839,18434,22066,33669,06438,40697,58194,44926,56661,11250,38997,13942,13830,39995,06829,47220,02996,49082,28999,34468,43973,
38649,19906,57230,07574,23885,25277,06185,31308,48160,36382,17214,15022,35510,58634,33468,27515,13787,14480,13939,31123,36050,56843,16022,51171,18435,60733,22887,61821,28318,31310,10847,20078,23996,53756,11510,20617,46793,25331,33808,38703,18279,27883,44368,49978,09831,12176,23858,07308,11881,12323,05587,08605,63054,44824,39212,58230,03338,26253,08420,20476,09123,20591,30027,11771,59021,32716,61142,37699,04253,16757,56314,04378,12005,44809,52518,37098,29360,07796,26756,62249,38841,01240,29253,47367,05824,50466,08331,46128,46609,03254,37042,34354,20677,61106,61691,52568,46754,21725,34386,13115,22400,09237,11278,22073,39312,42935,30847,28103,28534,06217,43264,18371,22711,51597,05559,13269,14002,46568,30074,28368,63256,09535,05436,43448,46402,55350,10551,24000,05054,01118,01726,09740,14788,37687,00427,23819,61140,30260,10715,58603,53507,60549,08303,63682,56400,04606,53983,14471,56036,11110,60807,47733,00585,49736,44976,24349,48036,01100,52541,21898,41935,11695,56151,08309,33019,16897,08099,34328,14640,19911,60851,43972,05874,30459,31805,16050,10456,03658,58795,52815,37252,55225,52589,64758,07441,01119,32270,50447,35248,59806,15307,39420,12887,19135,37784,44840,58759,65381,52619,36653,04504,62198,48828,19994,11442,51085,36480,35162,20654,38269,22245,62684,36273,55458,46061,30820,42712,49148,11648,26102,38952,18036,22089,60270,60471,20107,33878,62670,05922,01165,33890,46265,06592,14311,00536,63600,17136,35712,03638,33407,41318,06842,19122,50011,50490,49939,60950,53421,25247,25784,37349,42894,54493,48297,61903,25681,
49600,34083,21501,25402,09506,41976,62699,51620,43244,59541,41286,24025,25384,55469,31599,61169,64981,44117,22497,21210,43265,54826,20473,40418,14603,18169,46895,44682,65462,29824,55480,61006,21268,01706,41063,02047,20114,13614,48877,61624,38268,03387,18164,41978,26440,56306,15605,42568,49834,28508,34923,12701,07365,27634,11578,22211,16815,37365,48778,05151,32046,57960,59658,18667,32724,59146,54952,25251,44001,25448,29639,05470,20869,54231,13624,04939,02195,04132,00883,57549,13858,18091,19550,30486,46320,03714,56744,62470,00816,06018,34772,38430,15549,13059,54835,64397,16046,19467,47748,02061,34837,00622,35504,15267,27583,30020,62006,44316,47053,23167,15793,18676,43956,11235,05955,59111,41208,15012,57410,03791,63129,26798,47325,44426,49713,57177,36171,30381,32263,03556,36522,44051,46896,64119,01225,42415,08860,02154,32368,28379,31801,16251,04833,36434,29849,64890,28092,00107,07121,03248,06271,39525,57747,23500,28520,52539,12690,31086,07608,65154,27710,06980,53491,55566,05681,10525,29603,63719,03265,60516,47254,02862,52278,60916,05100,40267,36104,64145,45772,22810,50256,59441,29105,22118,12480,27008,22785,22930,53050,05203,61767,12502,10499,03285,00413,52612,32759,59657,36621,63011,49513,64006,31256,44216,19197,17637,00155,37462,52270,53192,57304,08407,11455,62985,38330,60567,12404,46411,40833,09082,10248,35100,09858,03513,47585,56442,04649,46976,50228,42396,31425,37557,56477,39776,55119,00512,46755,42408,15368,60776,20978,30005,03375,21505,18473,48221,49142,53490,51866,42296,58416,58587,04463,00528,23952,55008,
59109,00867,24325,08758,45397,61763,38477,26791,16309,29681,64792,26624,50018,10562,41762,44396,34441,24010,34653,57529,01145,29554,25231,28836,00641,19506,63133,41013,44659,27621,51301,31558,41149,18112,31094,12210,50173,50724,22508,05899,23089,02187,55288,15098,25607,32552,42836,07139,31091,63620,00649,30558,62181,03037,59735,06947,64027,61486,32045,50287,53527,65131,54743,40048,42931,40057,13185,04729,05488,07647,24637,36454,58147,38429,16270,37917,24646,18547,61099,28865,17990,54895,52239,05558,21245,38529,03589,29030,15632,55873,06739,64921,40237,29794,54305,01539,26430,41784,00704,34144,09098,41836,52280,18922,50181,21455,49007,54623,35039,13065,17496,47147,15999,64335,60854,49886,05842,13702,09446,02644,15622,19723,28782,55746,18247,11133,50479,26152,29771,47849,07915,16298,40736,07477,05967,61670,53814,23630,26227,40139,01110,01228,57483,36732,09778,45521,43249,46231,58132,10916,00446,31441,12924,45395,16610,54740,30911,65151,24344,19575,22628,37964,43122,27830,26157,38629,37191,22090,36596,35332,06227,25856,49288,57228,12605,17099,47775,25612,50701,51209,61152,63886,61431,03098,47186,47278,59849,32874,37761,01708,64711,00331,48179,47113,33503,52397,09855,15974,16093,10881,08136,23247,17458,52363,13800,43366,34683,21867,43710,20018,42292,38723,59410,24995,08287,65019,29506,08321,12938,20239,61704,51178,49566,53493,45097,38245,30210,44741,63172,10724,49463,47877,02965,30450,22360,00378,30664,61993,52296,27064,18465,40512,37270,03929,12689,40120,33511,21304,34934,36784,45601,25306,23005,18520,20069,30954,
37029,23331,49850,21035,62503,62959,35209,26653,06740,35868,16427,37532,40897,39436,39345,11069,10622,26460,29063,36351,38922,12806,13237,61456,26787,24007,29912,52011,33734,36335,47718,04735,02364,22195,20992,33740,59453,54656,64456,01358,62792,49003,55630,16354,52309,45792,38949,49596,03569,33708,11170,31369,43620,53741,21061,27229,43951,32890,65534,18165,31117,35823,48150,29953,53471,32990,37300,55826,33363,40149,39105,55059,46345,59390,49768,60659,15387,13893,03002,43039,31216,09982,63417,10423,41563,05459,17014,05920,38177,44630,04324,26821,34319,24752,01816,20867,20258,31312,30318,36639,02441,28329,03215,65253,27245,44769,00004,06760,04878,08566,50708,37340,24567,45542,56682,53096,42586,48755,38241,49766,38040,20356,55083,27445,08918,38567,44551,14883,54779,39980,55446,44231,38209,08363,59779,14563,13204,06375,41015,24745,57478,25827,22882,51641,14554,03296,64220,63327,21461,24556,54831,44664,65349,52418,13836,08014,34575,30427,61318,01681,10175,35327,04133,27425,52038,18286,26883,51483,28530,16490,13638,10488,08560,04009,05214,27766,58264,49411,18929,14299,18642,22834,45898,12788,23590,34884,23690,10787,38155,56894,18416,12855,04795,04915,34255,09485,63667,16956,57221,64476,26243,30674,40929,49906,58678,59009,23322,49519,24699,54290,06632,37092,23741,04437,20490,02482,33573,47404,13375,05715,10894,39124,49556,17871,13780,52346,10091,52179,01483,65100,27205,37387,17576,51064,54689,18830,61038,10496,19840,51856,40226,14376,38360,13112,23705,04600,05538,61541,00449,61204,28886,43717,09378,01046,25071,50562,
21365,12671,05678,51965,11849,27199,61405,23027,43819,12213,48759,14294,09064,14467,56745,53505,28928,14511,22526,64523,51111,52665,16116,36895,28050,62645,04973,62345,43071,39158,27794,47811,39474,08048,23653,50499,61701,32132,10591,07489,12665,19251,46235,55769,56360,46619,18540,10265,04158,57203,63786,15072,48914,51184,15343,05646,45665,03489,37811,15281,16922,09132,11932,06176,26182,39913,65479,31641,52830,34661,10657,01469,27706,58950,35547,55587,15801,37546,43475,00044,53572,31120,02556,22451,24860,20702,41612,24416,19442,29676,51389,61933,57638,17103,48306,53982,08767,22224,10827,23546,43034,55420,21683,33731,54235,37479,12678,64911,27351,35333,32584,43434,58306,58067,28392,36894,20482,50262,47064,41569,49334,08293,46990,42751,52819,48711,63854,55357,42168,40055,03738,27434,00014,29993,08793,03560,01382,25598,59990,03261,26426,07202,18138,39078,15167,50734,11003,35769,54721,17903,42428,37203,25844,13993,43397,38418,04664,58246,49323,59036,17993,08628,33386,21994,24243,33680,10887,56571,39939,17460,41646,14234,09390,20980,57548,36328,28450,64289,34746,45421,56958,49828,62452,50351,62311,36686,43075,27053,27492,57061,48732,52618,02902,27063,14793,51395,02609,11420,03247,65366,09202,04460,41992,38652,25302,64465,64961,39395,28366,61357,33008,45329,34856,60127,17070,48866,43748,21000,56545,45164,29227,02296,55399,39240,02985,37872,33441,24708,14069,33925,05126,61277,29017,08673,55462,04542,49916,17302,14278,24874,26532,49572,56670,48322,53460,23447,53792,51006,20198,20854,05600,47917,21274,00654,02091,42390,
38059,07152,19260,33505,28650,61098,48520,41879,40368,02762,04933,64939,12162,31592,33723,20638,48345,28547,39228,20981,43530,23948,45659,62196,13566,03418,12710,17408,22837,59094,18737,08091,55987,54608,51000,06653,14504,23166,52653,51059,39489,48870,46443,43217,15822,58815,08214,38725,06711,21200,62109,31391,22527,58418,01343,62491,01800,07435,24797,58224,18347,43058,57705,07164,47999,33735,22349,49089,64466,32406,28856,41794,11160,29331,51477,13851,15276,35717,04828,58125,49497,44424,35398,63132,60671,06875,53702,31807,39419,10569,50782,20621,38742,27248,59323,57393,57100,43059,08505,37906,43106,33137,34981,56346,34654,45988,52394,19626,53099,51632,43015,64745,22486,29874,56076,41384,44983,18127,54967,55153,36669,43379,40898,15512,07433,37154,01525,62405,20196,19221,40379,23245,25987,58559,57932,06556,36324,35224,02596,44537,22883,36799,51846,33203,47311,19486,57882,64819,59759,01587,06417,03092,51053,25354,51058,43520,58581,28053,54099,27695,41353,24793,58839,54040,21822,30479,58694,21724,46515,37651,33306,59217,13616,24164,64866,36532,16909,28774,32690,43581,51837,34961,31087,34939,65046,20324,48075,44889,53798,45870,33949,21340,14050,54755,06696,09523,47005,39866,26066,09697,26005,18323,23258,03734,52447,57602,52244,43478,32813,38942,45237,18094,56775,40283,50823,31518,22095,59034,21318,51354,45802,45258,44760,51951,30081,14052,58217,46713,02295,42456,56586,33171,22474,48262,52276,55815,04879,51847,34813,36553,38033,48806,28686,04597,47731,59952,06354,03267,00708,43505,29565,44628,41441,50779,22971,27231,
57384,59150,09834,14195,50160,61754,10462,15634,50742,49140,62259,26007,58105,22388,56197,39812,48409,06050,12365,19538,62203,10063,42851,17448,27206,54660,54535,28020,46282,58562,49477,01780,29833,12549,18026,12366,14794,25076,45801,32300,15806,01643,62709,53195,54353,56356,00002,21353,58910,64859,36606,07320,58776,53463,01834,42833,36179,63055,61385,25847,64376,25859,34111,32562,57276,41035,08473,09962,60885,10068,43192,53153,11031,57499,12007,27772,39261,52681,40029,46496,39014,31891,24473,09384,41540,01075,48792,57148,40371,50954,02238,48798,04518,01683,46123,56509,41257,37274,54181,17763,13206,21572,59994,63782,64142,20036,11907,57119,63005,08829,41671,40532,08585,12656,23284,29329,53640,10501,23547,53092,06110,06957,57877,17196,49993,36499,12723,17452,41767,32442,47969,18977,59066,09542,08448,60694,04811,00914,20898,36967,29829,34576,29934,29322,39999,08846,24807,30775,37173,16221,43153,40394,62834,63118,15719,02223,26536,12555,47480,29007,26763,42898,20029,56600,22431,33553,64132,06365,59639,19923,09652,49037,07863,43179,60338,03710,17802,64178,24921,12566,46183,56859,18637,42274,42099,11154,28677,17303,18433,46085,09825,09225,58117,03457,27859,29941,04218,56891,47638,47277,34262,50703,16215,40125,37486,44485,09124,63640,49748,38846,40341,56041,03068,54025,33235,33131,32975,60391,50695,09258,55613,27963,32183,32065,19164,30014,00923,40200,65488,54771,07016,31209,07159,60147,53845,12821,62387,26484,24475,26799,37880,14619,25825,27970,21588,50624,20522,48694,14161,25063,47406,61766,33814,46121,33109,23560,
63678,60387,01331,46585,05848,53852,05246,27089,49856,16440,33690,04690,60217,12184,38199,46077,41472,58330,55219,39308,32875,22609,35217,40002,19926,44751,63888,15716,54988,61265,49174,43560,23003,03749,25615,32574,39878,52099,62624,64303,19481,46685,38670,37907,18735,24090,22304,04376,24976,41101,15530,50755,54370,16478,61955,57653,44397,01141,45640,02279,47990,01845,32527,05136,51784,36062,24119,39470,62394,35194,13657,31389,40264,00094,07114,00887,26322,31848,48692,15572,51921,48525,07816,18262,01600,60696,60954,61598,06448,34758,34713,23537,55755,52607,23154,24226,20331,65529,02306,00662,31489,47490,52187,28418,58355,20847,24669,34641,13335,57429,60289,10858,08081,12397,58734,22091,45280,52740,21658,45316,02054,45323,25985,63079,39113,00122,64796,62676,03148,12880,61641,06054,09555,33433,41478,56706,47197,02484,19938,43978,37923,42899,02679,02819,40994,07313,13904,09618,04820,01300,51185,34093,31564,52027,44335,59641,00056,27171,59718,55937,03885,43421,29292,32356,04609,44097,01695,58606,43826,59258,07892,01218,55564,44743,35242,61060,63985,58980,12713,47433,04195,33105,62402,59770,61263,33385,24422,09752,08982,42485,10009,04248,29430,44876,57605,01928,39204,22692,07622,28555,02947,61671,49227,38991,37242,11423,57796,54996,28873,22913,07507,29047,27100,02204,01609,50610,05163,38794,53024,14525,53320,37332,43279,54962,19587,36338,23907,33148,54088,63248,10384,34314,12044,44678,20806,17002,27105,15470,05106,04631,06819,10977,27752,40609,25050,09860,39639,20670,31467,59190,21241,34423,02742,47813,28268,21851,
50101,56138,01537,37603,39889,65238,45391,39670,10866,06039,02637,01685,59122,13403,05557,02219,20463,04149,21487,01359,41351,54335,31841,25877,20932,60172,59418,22774,59686,54571,20815,61696,48537,16391,49047,63422,24924,29959,64122,58238,19501,54163,26413,48608,19737,06889,33208,21131,30341,10878,03855,39728,59953,35145,38224,53100,06940,40281,57601,33243,44422,22403,33039,39674,36202,42237,32649,21686,63788,47543,09325,60714,60968,55327,21848,10615,39701,49582,08169,58484,44870,27077,52271,13043,03492,11784,63284,50207,48911,62258,25578,10271,18211,59050,35040,01171,14717,53920,02751,32386,12185,07314,45745,61812,34823,59332,34876,24176,20923,10796,07751,55969,29119,60114,37939,16297,32780,06088,23636,01301,60260,64811,63037,33050,28448,03530,04910,00352,27636,31632,00090,57409,38368,20783,21393,01853,44062,23757,38373,23707,62108,14233,00013,25673,19710,60837,14189,26641,17481,16091,51559,63747,12726,08479,41891,32069,16718,48591,29666,18221,27330,38485,58847,10119,46573,62448,57240,43127,50883,37911,42551,53018,43490,37131,39505,51833,20610,61226,54242,25285,21853,59184,38038,42378,43652,53661,61100,56949,17724,22556,38173,39168,02343,60661,35512,22835,26980,16016,14818,18889,55614,14835,28750,62754,26401,14722,60110,61973,49339,22284,26953,12893,61680,53111,25617,23768,40919,61097,07089,64393,50921,52846,34026,28115,03183,63349,47481,37930,49669,20320,11665,01667,17157,17181,19780,02550,33783,04505,62011,22109,26517,46832,46545,47091,24275,60508,36739,00423,17278,23293,39530,07685,15773,44923,10588,13455,
14585,64820,41547,51126,14754,60034,45867,31556,07699,23229,13637,10084,32784,46296,13572,59238,52175,17027,62738,42596,42363,11429,56643,14937,49591,02989,39923,54091,03009,41989,39917,26865,30155,60712,49923,36110,36254,31333,59386,53551,32149,42780,19727,49617,64848,39357,06483,44643,53664,63692,44144,08223,63571,11333,40669,08939,52176,05113,63406,04119,29803,23179,53088,00409,05342,53786,34696,25006,20719,02847,05610,65466,44771,52898,05403,44300,08520,36495,51486,30065,46766,30029,32109,51091,57121,35606,24852,39303,48754,46323,19466,55829,14326,16115,04674,06257,60208,00857,18301,64548,53743,30812,07964,04075,63920,40457,37232,07408,25677,36459,55957,14814,32253,17131,62780,19558,54352,45362,45795,62931,55003,54838,06428,19127,51040,36932,16808,48720,18731,55165,11525,28994,36498,06514,21385,04665,00501,47868,35393,00389,46108,28523,53487,02294,64286,37001,46330,00996,36789,41580,41221,16451,05367,09154,21178,38236,40931,23378,23821,25573,04577,49819,12342,10365,38672,23055,47933,33948,59902,44228,26155,10339,33092,37862,12223,36846,09711,09164,25834,48308,50164,29633,65390,54228,05379,39927,08567,09851,12276,29192,10520,49408,60339,30949,16726,43790,37133,60913,26261,42243,34601,28600,48989,25599,25382,33237,26725,11474,39040,02541,03362,50189,49394,25933,33599,24123,44388,11451,46530,40876,39143,45781,02308,23809,56659,39633,39215,28638,21740,51969,28499,30724,55741,17730,65342,41267,32689,17519,51014,22577,11263,01494,49110,00438,62783,11077,53568,33462,00890,23473,51557,23256,55080,25581,53392,58766,
11437,57623,09278,57886,46328,12875,60029,51212,36407,35032,55949,48743,35842,04835,56728,17801,17859,29721,18767,41698,19219,62711,06348,42630,17247,07401,07948,14187,03655,08187,01471,64328,59329,39465,54840,26733,48698,21123,36994,04667,37420,01670,05820,07301,33749,61347,59482,41052,50334,37071,22587,34799,10805,18558,08451,19307,61068,25654,16574,45361,45983,07286,42331,46620,20864,18431,25180,09540,05556,47459,63677,47332,37023,24070,19351,31368,04237,48331,07345,04722,54221,41446,61784,03340,54961,49611,64204,04840,19786,24945,30865,06194,32057,15404,61011,62730,15474,52156,15985,21606,16005,00078,53805,50054,09089,33355,12556,23562,30905,59118,16889,49908,03433,20509,00559,00079,57116,47835,56232,44387,17743,26977,04777,26214,27813,13776,47055,17218,17636,13921,55667,16379,46877,10537,35434,58560,34911,24326,58983,11340,04091,47269,35968,20454,22562,44730,16476,21788,08194,60301,48317,16957,47346,37416,34594,60785,05846,21678,29615,40824,24208,26519,37729,17577,40658,40745,13229,60413,18100,49903,09057,50223,02153,57041,33656,56898,13989,42365,23106,41068,16219,06615,22412,09745,47535,56362,52717,13691,29990,51046,38881,55100,54578,04707,59851,03109,35552,06577,39425,39467,46760,60079,54312,08600,04946,19037,28972,32550,08476,59731,34766,02867,36678,25779,14674,59533,09646,09946,49946,04714,47468,32508,00285,10464,53926,54773,28610,62537,54534,11210,59969,09922,18073,17687,02418,39148,37578,35196,55055,41839,45183,57506,08676,24803,28432,53650,27633,56487,60143,16349,27236,65274,01646,22993,40216,19012,
31642,55610,05500,27912,61968,02703,33406,20699,16835,52479,27165,32628,22842,30995,06576,10589,62634,21655,57311,50968,47501,11321,38511,64652,06710,52166,54658,07661,62037,36270,03835,12787,62273,46346,34812,05800,56541,46115,00172,46921,10604,07890,53162,08410,45584,31979,29296,24469,29854,59400,43498,06161,62464,26793,10929,13590,03760,28135,55202,47693,42265,37453,16754,17896,63572,26745,23053,54139,07833,35720,65473,06783,33595,32783,45293,19518,61713,50545,52254,19240,32929,55246,02365,10323,46414,01078,32329,38648,23150,49789,38231,51766,57347,15224,00748,02262,29460,12569,21639,13289,28244,46862,58637,44825,45218,41354,26081,43271,39842,37878,54230,06951,10136,16961,56536,56610,27493,65355,31142,05299,14582,47157,46771,36854,05030,09707,18885,14627,11649,25689,58687,35094,22210,15010,26061,42915,26944,59051,29035,20361,20863,01220,55125,24763,63458,57658,59212,52781,50280,18966,05552,40390,37076,57918,03862,51707,51702,46439,35471,64060,43820,18900,25851,23503,04688,34635,50932,13892,38690,34435,61427,40579,55563,06855,36073,18989,51368,25165,28293,20710,50728,61439,08574,20728,64565,34147,32029,48227,51152,35578,45539,43243,63126,02068,63305,08963,15150,08259,34718,53455,41025,44990,12154,04225,34113,07719,15532,23445,17229,13792,03776,43467,36872,25081,54070,10045,54160,64681,24746,22625,28832,65249,60266,54398,43863,07965,62005,48724,48169,41124,16132,00679,49864,65533,15669,22105,24985,61053,06339,28339,49863,62516,14181,15699,39300,19637,11351,53302,30585,60559,65189,14859,62324,53290,28990,06620,
40505,20957,20517,28037,15305,64264,45776,50571,13064,50781,18896,60182,50468,38337,45190,13272,63549,51625,16597,03309,09854,59224,58592,40290,06366,48852,34717,41331,47834,09138,13845,54644,43986,43043,33491,00015,07148,00482,36665,59303,21499,40097,05182,13868,00186,39044,10750,08427,43789,39238,11808,30404,19394,05946,59104,21222,21974,41142,20679,54185,23831,37307,40174,32955,59209,45076,13030,49311,35644,05652,13376,24601,38077,47759,15728,12912,23576,10363,49813,19865,19414,64916,63135,54078,02280,49552,61461,50405,64344,53158,59709,17115,62226,44781,39198,46644,30876,45805,50498,02307,41054,45901,52626,48776,33422,61532,35296,06899,18803,52622,48408,37539,20402,53409,48676,36927,54787,42108,62661,16485,51189,03615,41205,30893,36440,53138,09160,25193,14765,08760,07209,47137,33289,06355,01107,20716,58507,40834,25583,31919,60332,38094,39274,06486,27538,01254,23367,44081,17667,11428,25106,04966,21299,62267,34863,51262,52799,40221,57744,16628,13136,08167,01330,50605,37245,43084,64552,50677,50715,27391,15904,51695,65016,50443,19428,27903,41407,13579,31275,36880,63375,57208,55151,08803,03600,61501,16692,19288,41824,09641,59808,30039,00985,40879,24084,29054,43298,33947,20236,39730,39719,04440,24540,10173,34130,17445,27458,04191,40704,36353,30504,24638,33445,63547,39279,12752,39107,14411,32395,22902,37494,05850,00824,13417,52128,06351,34424,26085,48762,00134,19774,44174,62951,19521,56196,44403,21713,32925,31593,54921,38369,32643,30488,61254,43040,43237,58699,05748,19810,17855,23295,41377,01564,10179,19562,18985,
13040,08741,06350,58154,54207,06154,32740,19615,04239,44936,59264,16776,38456,65055,55971,28572,08232,40840,51485,62911,26739,54655,24569,44219,48548,61425,06566,64610,58623,07165,48702,45139,01550,54627,42493,41358,20821,58468,53442,23224,45899,23011,10626,18499,09362,17031,35551,09031,23620,38333,08598,29940,16034,04868,60798,08193,19808,41204,01891,46807,37369,12627,35298,03230,10081,01974,59467,33440,13478,46645,58680,62462,53453,22742,01232,27196,63001,00026,55449,29914,21934,03013,10347,55010,20120,32609,01317,63320,36331,06458,65025,64645,26344,36806,51581,02505,23918,40847,12535,15464,48687,37192,36563,30642,56764,28880,36085,18516,47776,25242,18842,62649,01517,52650,20234,32642,44139,50978,61512,08296,09722,64592,05437,04263,21529,54426,52110,17227,31313,32794,02930,26018,32788,48944,34218,18098,18988,03004,24682,18234,41664,55338,39646,51932,25371,35511,11457,51587,11937,63216,08798,07198,39807,34817,49837,34678,57908,54986,43694,55754,25692,11663,38851,57657,26835,07664,02610,48563,30726,15330,36565,08192,60422,13553,60787,33636,12343,52339,07843,14293,51927,03804,25679,36687,21638,57470,39758,18780,55441,50336,03184,10940,52081,22138,24665,59267,58411,54168,59278,50350,28969,18632,53196,60824,41556,65415,53835,34401,30069,63175,23303,49899,34913,13004,47898,10145,56919,10749,54634,21573,00558,52879,59222,27809,00210,63308,34409,35730,12510,16407,21629,36184,26075,58143,56443,20478,12949,45630,39457,59873,25682,35629,31289,19537,12672,32664,15599,55964,55299,02032,61329,40922,21253,21312,32610,18396,
26699,18740,05940,11063,45490,40131,38732,47590,45845,50113,04127,32673,62475,30202,20332,13887,52365,38008,54960,39306,38382,36786,59721,58281,59466,40070,45248,19922,18905,32284,56743,56043,57336,44770,39363,56277,62531,04825,57087,26773,12354,59917,29740,65218,42917,07149,34721,17201,00245,43372,31404,53922,15239,34518,13321,46204,07884,32720,60193,26633,07204,03229,40588,43632,34962,44407,55615,59035,34399,25022,46986,62909,27264,58157,54725,14982,06596,51872,25472,17029,65014,39778,00659,18047,26111,39577,06701,47451,29677,03744,18237,26031,59601,19933,33835,14206,14088,64837,16255,18650,22856,48253,56499,01645,59181,22660,23528,57335,49005,36526,43946,16575,27162,20620,59037,53561,52982,64156,41001,49624,39359,41773,20439,00987,56496,46531,22539,39273,20372,58569,58318,20611,40023,43369,11724,15393,41630,09354,32005,56882,38169,45137,13246,63222,43859,46363,41946,29610,54601,22973,08916,55853,37867,10320,54039,55512,11629,53245,60810,18427,33132,12730,63978,32416,43611,01385,25678,09020,00629,46562,43724,51861,55915,03919,52818,64240,54824,33274,43558,27172,62917,58304,02056,47551,38757,43417,50304,61755,43364,29792,61065,37014,53438,49635,31535,50235,40345,49280,22455,62515,59901,32163,56690,29092,30713,35591,23677,28396,52337,46354,26873,49742,37569,35687,05392,34649,24702,24335,07076,07450,50410,35521,20748,18945,12334,52580,62243,09770,31384,23884,55238,52265,15122,31260,05446,20158,50748,36900,44679,09870,34670,49808,08046,04888,16013,08364,18023,54268,27906,20116,25317,44343,35435,56353,64082,23168,
